Workbook

Sheet PAINEL
A1: 🚦 PAINEL SINALEIRO — VITAO ALIMENTOS
A2: Dashboard dinâmico — todos os valores são fórmulas que atualizam da aba SINALEIRO
A4: TOTAL LOJAS | B4: COM VENDA | C4: FAT. REAL | D4: FAT. POTENCIAL | E4: GAP TOTAL | F4: SINALEIRO GERAL | G4: PENETRAÇÃO
A5: =SINALEIRO!C14 -> 923 | B5: =SINALEIRO!H14 -> 102 | C5: =SINALEIRO!J14 -> 330798.81 | D5: =SINALEIRO!L14 -> 5330325 | E5: =SINALEIRO!P14 -> 4999526.2 | F5: =SINALEIRO!M14 -> 0.062059782 | G5: =SINALEIRO!Q14 -> 0.11050921
F6: =SINALEIRO!N14 -> 🔴 VERMELHO
A8: DISTRIBUIÇÃO POR COR
A9: 🟣 ROXO | C9: 🔴 VERMELHO | E9: 🟡 AMARELO | G9: 🟢 VERDE
A10: =COUNTIF(SINALEIRO!N5:N12,"*ROXO*") -> 1 | C10: =COUNTIF(SINALEIRO!N5:N12,"*VERMELHO*") -> 7 | E10: =COUNTIF(SINALEIRO!N5:N12,"*AMARELO*") -> 0 | G10: =COUNTIF(SINALEIRO!N5:N12,"*VERDE*") -> 0
A11: Prospecção Ativa | C11: Plano Intensivo | E11: Ajuste de Mix | G11: JBP + Sell Out
A13: RANKING POR SINALEIRO
A14: REDE | B14: SINALEIRO | C14: COR | D14: MATURIDADE | E14: GAP | F14: PENETRAÇÃO | G14: PRIORIDADE
A15: =SINALEIRO!A5 -> FIT LAND | B15: =SINALEIRO!M5 -> 0.32554568 | C15: =SINALEIRO!N5 -> 🔴 VERMELHO | D15: =SINALEIRO!O5 -> POSITIVAÇÃO | E15: =SINALEIRO!P5 -> 346652.66 | F15: =SINALEIRO!Q5 -> 0.48314607 | G15: =SINALEIRO!T5 -> 7
A16: =SINALEIRO!A6 -> DIVINA TERRA | B16: =SINALEIRO!M6 -> 0.10955182 | C16: =SINALEIRO!N6 -> 🔴 VERMELHO | D16: =SINALEIRO!O6 -> POSITIVAÇÃO | E16: =SINALEIRO!P6 -> 437098.75 | F16: =SINALEIRO!Q6 -> 0.16470588 | G16: =SINALEIRO!T6 -> 5
A17: =SINALEIRO!A7 -> VIDA LEVE | B17: =SINALEIRO!M7 -> 0.087769205 | C17: =SINALEIRO!N7 -> 🔴 VERMELHO | D17: =SINALEIRO!O7 -> ATIVAÇÃO | E17: =SINALEIRO!P7 -> 426718.76 | F17: =SINALEIRO!Q7 -> 0.20987654 | G17: =SINALEIRO!T7 -> 6
A18: =SINALEIRO!A8 -> CIA DA SAUDE | B18: =SINALEIRO!M8 -> 0.028003644 | C18: =SINALEIRO!N8 -> 🔴 VERMELHO | D18: =SINALEIRO!O8 -> ATIVAÇÃO | E18: =SINALEIRO!P8 -> 914964.47 | F18: =SINALEIRO!Q8 -> 0.11042945 | G18: =SINALEIRO!T8 -> 3
A19: =SINALEIRO!A9 -> MUNDO VERDE | B19: =SINALEIRO!M9 -> 0.015153856 | C19: =SINALEIRO!N9 -> 🔴 VERMELHO | D19: =SINALEIRO!O9 -> ATIVAÇÃO | E19: =SINALEIRO!P9 -> 1131809.8 | F19: =SINALEIRO!Q9 -> 0.020100503 | G19: =SINALEIRO!T9 -> 1
A20: =SINALEIRO!A10 -> BIOMUNDO | B20: =SINALEIRO!M10 -> 0.015615273 | C20: =SINALEIRO!N10 -> 🔴 VERMELHO | D20: =SINALEIRO!O10 -> ATIVAÇÃO | E20: =SINALEIRO!P10 -> 949365.24 | F20: =SINALEIRO!Q10 -> 0.02994012 | G20: =SINALEIRO!T10 -> 2
A21: =SINALEIRO!A11 -> TUDO EM GRAOS | B21: =SINALEIRO!M11 -> 0.067937662 | C21: =SINALEIRO!N11 -> 🔴 VERMELHO | D21: =SINALEIRO!O11 -> ATIVAÇÃO | E21: =SINALEIRO!P11 -> 134566.5 | F21: =SINALEIRO!Q11 -> 0.04 | G21: =SINALEIRO!T11 -> 8
A22: =SINALEIRO!A12 -> ARMAZEM FITSTORE | B22: =SINALEIRO!M12 -> 0 | C22: =SINALEIRO!N12 -> 🟣 ROXO | D22: =SINALEIRO!O12 -> PROSPECÇÃO | E22: =SINALEIRO!P12 -> 658350 | F22: =SINALEIRO!Q12 -> 0 | G22: =SINALEIRO!T12 -> 4

Sheet PARAMETROS
A1: ⚙️ PARÂMETROS DO SINALEIRO — VITAO ALIMENTOS
A2: Altere os valores em AZUL para recalcular automaticamente todo o sinaleiro
A4: BENCHMARK DE CÁLCULO
A5: PARÂMETRO | B5: VALOR | C5: UNIDADE | D5: DESCRIÇÃO
A6: Ticket Benchmark Mensal | B6: 525 | C6: R$/mês/loja | D6: Ticket médio mensal esperado por loja ativa
A7: Meses no Período | B7: 11 | C7: meses | D7: Mar/25 a Jan/26 = 11 meses de dados
A8: Taxa Captura Prospects | B8: 0.3 | C8: % | D8: % de prospects que estimamos positivar em 6 meses
A9: Meta Sinaleiro Geral (6 meses) | B9: 0.15 | C9: % | D9: Meta de sinaleiro geral em 6 meses
A12: FAIXAS DO SINALEIRO
A13: COR | B13: FAIXA MÍNIMA | C13: FAIXA MÁXIMA | D13: AÇÃO RECOMENDADA | E13: MATURIDADE
A14: 🟣 ROXO | B14: 0 | C14: 0.01 | D14: Prospecção ativa | E14: PROSPECÇÃO
A15: 🔴 VERMELHO | B15: 0.01 | C15: 0.4 | D15: Plano intensivo de ativação | E15: ATIVAÇÃO / POSITIVAÇÃO
A16: 🟡 AMARELO | B16: 0.4 | C16: 0.6 | D16: Ajuste de mix + promoções | E16: SELL OUT
A17: 🟢 VERDE | B17: 0.6 | C17: 1 | D17: JBP + Sell Out avançado | E17: JBP
A20: REFERÊNCIAS NOMEADAS
A21: NOME | B21: REFERÊNCIA | C21: DESCRIÇÃO
A22: BENCHMARK_MENSAL | B22: =PARAMETROS!B6 -> 525 | C22: R$ 525/mês por loja
A23: MESES_PERIODO | B23: =PARAMETROS!B7 -> 11 | C23: 11 meses de dados
A24: FAIXA_ROXO_MAX | B24: =PARAMETROS!C14 -> 0.01 | C24: < 1%
A25: FAIXA_VERM_MAX | B25: =PARAMETROS!C15 -> 0.4 | C25: < 40%
A26: FAIXA_AMAR_MAX | B26: =PARAMETROS!C16 -> 0.6 | C26: < 60%

Sheet SINALEIRO
A1: 🚦 SINALEIRO DE PENETRAÇÃO — REDES E FRANQUIAS VITAO
A2: Dados reais + fórmulas dinâmicas | Todas as células de cálculo atualizam automaticamente
A4: REDE | B4: CONSULTOR | C4: TOTAL LOJAS | D4: ATIVOS | E4: INAT.REC | F4: INAT.ANT | G4: PROSPECT | H4: CLIENTES C/ VENDA | I4: Nº PEDIDOS | J4: FAT. REAL (R$) | K4: TICKET MÉDIO | L4: FAT. POTENCIAL | M4: SINALEIRO % | N4: COR | O4: MATURIDADE | P4: GAP (R$) | Q4: PENETRAÇÃO % | R4: AÇÃO | S4: ECOM ACESSOS | T4: PRIORIDADE
A5: FIT LAND | B5: JULIO | C5: 89 | D5: 9 | E5: 5 | F5: 32 | G5: 43 | H5: 43 | I5: 127 | J5: 167322.34 | K5: =IF(I5=0,0,J5/I5) -> 1317.4987 | L5: =C5*PARAMETROS!B6*PARAMETROS!B7 -> 513975 | M5: =IF(L5=0,0,J5/L5) -> 0.32554568 | N5: =IF(M5>=PARAMETROS!B17,"🟢 VERDE",IF(M5>=PARAMETROS!B16,"🟡 AMARELO",IF(M5>=PARAMETROS!B15,"🔴 VERMELHO","🟣 ROXO"))) -> 🔴 VERMELHO | O5: =IF(M5>=PARAMETROS!B17,"JBP",IF(M5>=PARAMETROS!B16,"SELL OUT",IF(M5>=0.1,"POSITIVAÇÃO",IF(J5>0,"ATIVAÇÃO","PROSPECÇÃO")))) -> POSITIVAÇÃO | P5: =L5-J5 -> 346652.66 | Q5: =IF(C5=0,0,H5/C5) -> 0.48314607 | R5: =IF(O5="JBP","JBP + BI completo + Plano Negócio",IF(O5="SELL OUT","Ajuste mix + Giro + Promoções",IF(O5="POSITIVAÇÃO","Aumentar frequência + Expandir base",IF(O5="ATIVAÇÃO","Reativar inativos + Prospectar","Mapear decisores + Apresentação institucional")))) -> Aumentar frequência + Expandir base | S5: 47 | T5: =RANK(P5,P$5:P$12,0) -> 7
A6: DIVINA TERRA | B6: DAIANE | C6: 85 | D6: 5 | E6: 0 | F6: 9 | G6: 71 | H6: 14 | I6: 25 | J6: 53776.25 | K6: =IF(I6=0,0,J6/I6) -> 2151.05 | L6: =C6*PARAMETROS!B6*PARAMETROS!B7 -> 490875 | M6: =IF(L6=0,0,J6/L6) -> 0.10955182 | N6: =IF(M6>=PARAMETROS!B17,"🟢 VERDE",IF(M6>=PARAMETROS!B16,"🟡 AMARELO",IF(M6>=PARAMETROS!B15,"🔴 VERMELHO","🟣 ROXO"))) -> 🔴 VERMELHO | O6: =IF(M6>=PARAMETROS!B17,"JBP",IF(M6>=PARAMETROS!B16,"SELL OUT",IF(M6>=0.1,"POSITIVAÇÃO",IF(J6>0,"ATIVAÇÃO","PROSPECÇÃO")))) -> POSITIVAÇÃO | P6: =L6-J6 -> 437098.75 | Q6: =IF(C6=0,0,H6/C6) -> 0.16470588 | R6: =IF(O6="JBP","JBP + BI completo + Plano Negócio",IF(O6="SELL OUT","Ajuste mix + Giro + Promoções",IF(O6="POSITIVAÇÃO","Aumentar frequência + Expandir base",IF(O6="ATIVAÇÃO","Reativar inativos + Prospectar","Mapear decisores + Apresentação institucional")))) -> Aumentar frequência + Expandir base | S6: 27 | T6: =RANK(P6,P$5:P$12,0) -> 5
A7: VIDA LEVE | B7: DAIANE | C7: 81 | D7: 8 | E7: 0 | F7: 10 | G7: 63 | H7: 17 | I7: 31 | J7: 41056.24 | K7: =IF(I7=0,0,J7/I7) -> 1324.3948 | L7: =C7*PARAMETROS!B6*PARAMETROS!B7 -> 467775 | M7: =IF(L7=0,0,J7/L7) -> 0.087769205 | N7: =IF(M7>=PARAMETROS!B17,"🟢 VERDE",IF(M7>=PARAMETROS!B16,"🟡 AMARELO",IF(M7>=PARAMETROS!B15,"🔴 VERMELHO","🟣 ROXO"))) -> 🔴 VERMELHO | O7: =IF(M7>=PARAMETROS!B17,"JBP",IF(M7>=PARAMETROS!B16,"SELL OUT",IF(M7>=0.1,"POSITIVAÇÃO",IF(J7>0,"ATIVAÇÃO","PROSPECÇÃO")))) -> ATIVAÇÃO | P7: =L7-J7 -> 426718.76 | Q7: =IF(C7=0,0,H7/C7) -> 0.20987654 | R7: =IF(O7="JBP","JBP + BI completo + Plano Negócio",IF(O7="SELL OUT","Ajuste mix + Giro + Promoções",IF(O7="POSITIVAÇÃO","Aumentar frequência + Expandir base",IF(O7="ATIVAÇÃO","Reativar inativos + Prospectar","Mapear decisores + Apresentação institucional")))) -> Reativar inativos + Prospectar | S7: 13 | T7: =RANK(P7,P$5:P$12,0) -> 6
A8: CIA DA SAUDE | B8: JULIO | C8: 163 | D8: 0 | E8: 4 | F8: 93 | G8: 66 | H8: 18 | I8: 24 | J8: 26360.53 | K8: =IF(I8=0,0,J8/I8) -> 1098.3554 | L8: =C8*PARAMETROS!B6*PARAMETROS!B7 -> 941325 | M8: =IF(L8=0,0,J8/L8) -> 0.028003644 | N8: =IF(M8>=PARAMETROS!B17,"🟢 VERDE",IF(M8>=PARAMETROS!B16,"🟡 AMARELO",IF(M8>=PARAMETROS!B15,"🔴 VERMELHO","🟣 ROXO"))) -> 🔴 VERMELHO | O8: =IF(M8>=PARAMETROS!B17,"JBP",IF(M8>=PARAMETROS!B16,"SELL OUT",IF(M8>=0.1,"POSITIVAÇÃO",IF(J8>0,"ATIVAÇÃO","PROSPECÇÃO")))) -> ATIVAÇÃO | P8: =L8-J8 -> 914964.47 | Q8: =IF(C8=0,0,H8/C8) -> 0.11042945 | R8: =IF(O8="JBP","JBP + BI completo + Plano Negócio",IF(O8="SELL OUT","Ajuste mix + Giro + Promoções",IF(O8="POSITIVAÇÃO","Aumentar frequência + Expandir base",IF(O8="ATIVAÇÃO","Reativar inativos + Prospectar","Mapear decisores + Apresentação institucional")))) -> Reativar inativos + Prospectar | S8: 70 | T8: =RANK(P8,P$5:P$12,0) -> 3
A9: MUNDO VERDE | B9: DAIANE | C9: 199 | D9: 1 | E9: 0 | F9: 3 | G9: 195 | H9: 4 | I9: 10 | J9: 17415.19 | K9: =IF(I9=0,0,J9/I9) -> 1741.519 | L9: =C9*PARAMETROS!B6*PARAMETROS!B7 -> 1149225 | M9: =IF(L9=0,0,J9/L9) -> 0.015153856 | N9: =IF(M9>=PARAMETROS!B17,"🟢 VERDE",IF(M9>=PARAMETROS!B16,"🟡 AMARELO",IF(M9>=PARAMETROS!B15,"🔴 VERMELHO","🟣 ROXO"))) -> 🔴 VERMELHO | O9: =IF(M9>=PARAMETROS!B17,"JBP",IF(M9>=PARAMETROS!B16,"SELL OUT",IF(M9>=0.1,"POSITIVAÇÃO",IF(J9>0,"ATIVAÇÃO","PROSPECÇÃO")))) -> ATIVAÇÃO | P9: =L9-J9 -> 1131809.8 | Q9: =IF(C9=0,0,H9/C9) -> 0.020100503 | R9: =IF(O9="JBP","JBP + BI completo + Plano Negócio",IF(O9="SELL OUT","Ajuste mix + Giro + Promoções",IF(O9="POSITIVAÇÃO","Aumentar frequência + Expandir base",IF(O9="ATIVAÇÃO","Reativar inativos + Prospectar","Mapear decisores + Apresentação institucional")))) -> Reativar inativos + Prospectar | S9: 16 | T9: =RANK(P9,P$5:P$12,0) -> 1
A10: BIOMUNDO | B10: DAIANE | C10: 167 | D10: 0 | E10: 0 | F10: 4 | G10: 163 | H10: 5 | I10: 13 | J10: 15059.76 | K10: =IF(I10=0,0,J10/I10) -> 1158.4431 | L10: =C10*PARAMETROS!B6*PARAMETROS!B7 -> 964425 | M10: =IF(L10=0,0,J10/L10) -> 0.015615273 | N10: =IF(M10>=PARAMETROS!B17,"🟢 VERDE",IF(M10>=PARAMETROS!B16,"🟡 AMARELO",IF(M10>=PARAMETROS!B15,"🔴 VERMELHO","🟣 ROXO"))) -> 🔴 VERMELHO | O10: =IF(M10>=PARAMETROS!B17,"JBP",IF(M10>=PARAMETROS!B16,"SELL OUT",IF(M10>=0.1,"POSITIVAÇÃO",IF(J10>0,"ATIVAÇÃO","PROSPECÇÃO")))) -> ATIVAÇÃO | P10: =L10-J10 -> 949365.24 | Q10: =IF(C10=0,0,H10/C10) -> 0.02994012 | R10: =IF(O10="JBP","JBP + BI completo + Plano Negócio",IF(O10="SELL OUT","Ajuste mix + Giro + Promoções",IF(O10="POSITIVAÇÃO","Aumentar frequência + Expandir base",IF(O10="ATIVAÇÃO","Reativar inativos + Prospectar","Mapear decisores + Apresentação institucional")))) -> Reativar inativos + Prospectar | S10: 30 | T10: =RANK(P10,P$5:P$12,0) -> 2
A11: TUDO EM GRAOS | B11: MANU | C11: 25 | D11: 1 | E11: 0 | F11: 0 | G11: 24 | H11: 1 | I11: 6 | J11: 9808.5 | K11: =IF(I11=0,0,J11/I11) -> 1634.75 | L11: =C11*PARAMETROS!B6*PARAMETROS!B7 -> 144375 | M11: =IF(L11=0,0,J11/L11) -> 0.067937662 | N11: =IF(M11>=PARAMETROS!B17,"🟢 VERDE",IF(M11>=PARAMETROS!B16,"🟡 AMARELO",IF(M11>=PARAMETROS!B15,"🔴 VERMELHO","🟣 ROXO"))) -> 🔴 VERMELHO | O11: =IF(M11>=PARAMETROS!B17,"JBP",IF(M11>=PARAMETROS!B16,"SELL OUT",IF(M11>=0.1,"POSITIVAÇÃO",IF(J11>0,"ATIVAÇÃO","PROSPECÇÃO")))) -> ATIVAÇÃO | P11: =L11-J11 -> 134566.5 | Q11: =IF(C11=0,0,H11/C11) -> 0.04 | R11: =IF(O11="JBP","JBP + BI completo + Plano Negócio",IF(O11="SELL OUT","Ajuste mix + Giro + Promoções",IF(O11="POSITIVAÇÃO","Aumentar frequência + Expandir base",IF(O11="ATIVAÇÃO","Reativar inativos + Prospectar","Mapear decisores + Apresentação institucional")))) -> Reativar inativos + Prospectar | S11: 1 | T11: =RANK(P11,P$5:P$12,0) -> 8
A12: ARMAZEM FITSTORE | B12: DAIANE | C12: 114 | D12: 0 | E12: 0 | F12: 0 | G12: 114 | H12: 0 | I12: 0 | J12: 0 | K12: =IF(I12=0,0,J12/I12) -> 0 | L12: =C12*PARAMETROS!B6*PARAMETROS!B7 -> 658350 | M12: =IF(L12=0,0,J12/L12) -> 0 | N12: =IF(M12>=PARAMETROS!B17,"🟢 VERDE",IF(M12>=PARAMETROS!B16,"🟡 AMARELO",IF(M12>=PARAMETROS!B15,"🔴 VERMELHO","🟣 ROXO"))) -> 🟣 ROXO | O12: =IF(M12>=PARAMETROS!B17,"JBP",IF(M12>=PARAMETROS!B16,"SELL OUT",IF(M12>=0.1,"POSITIVAÇÃO",IF(J12>0,"ATIVAÇÃO","PROSPECÇÃO")))) -> PROSPECÇÃO | P12: =L12-J12 -> 658350 | Q12: =IF(C12=0,0,H12/C12) -> 0 | R12: =IF(O12="JBP","JBP + BI completo + Plano Negócio",IF(O12="SELL OUT","Ajuste mix + Giro + Promoções",IF(O12="POSITIVAÇÃO","Aumentar frequência + Expandir base",IF(O12="ATIVAÇÃO","Reativar inativos + Prospectar","Mapear decisores + Apresentação institucional")))) -> Mapear decisores + Apresentação institucional | S12: 0 | T12: =RANK(P12,P$5:P$12,0) -> 4
A14: TOTAL GERAL | C14: =SUM(C5:C12) -> 923 | D14: =SUM(D5:D12) -> 24 | E14: =SUM(E5:E12) -> 9 | F14: =SUM(F5:F12) -> 151 | G14: =SUM(G5:G12) -> 739 | H14: =SUM(H5:H12) -> 102 | I14: =SUM(I5:I12) -> 236 | J14: =SUM(J5:J12) -> 330798.81 | K14: =IF(I14=0,0,J14/I14) -> 1401.6899 | L14: =SUM(L5:L12) -> 5330325 | M14: =IF(L14=0,0,J14/L14) -> 0.062059782 | N14: =IF(M14>=PARAMETROS!B17,"🟢 VERDE",IF(M14>=PARAMETROS!B16,"🟡 AMARELO",IF(M14>=PARAMETROS!B15,"🔴 VERMELHO","🟣 ROXO"))) -> 🔴 VERMELHO | P14: =SUM(P5:P12) -> 4999526.2 | Q14: =IF(C14=0,0,H14/C14) -> 0.11050921 | S14: =SUM(S5:S12) -> 204
A16: 📊 CONTADORES POR COR | F16: 🎯 SIMULADOR: E SE?
A17: 🟣 ROXO | B17: =COUNTIF(N5:N12,"*ROXO*") -> 1 | C17: redes | F17: Se benchmark subir para: | G17: 700
A18: 🔴 VERMELHO | B18: =COUNTIF(N5:N12,"*VERMELHO*") -> 7 | C18: redes | F18: Novo potencial total: | G18: =C14*G17*PARAMETROS!B7 -> 7107100
A19: 🟡 AMARELO | B19: =COUNTIF(N5:N12,"*AMARELO*") -> 0 | C19: redes | F19: Novo sinaleiro geral: | G19: =IF(G18=0,0,J14/G18) -> 0.046544837
A20: 🟢 VERDE | B20: =COUNTIF(N5:N12,"*VERDE*") -> 0 | C20: redes | F20: Novo GAP: | G20: =G18-J14 -> 6776301.2

Sheet PLANO_ACAO
A1: 🎯 PLANO DE AÇÃO POR REDE — PRIORIZADO PELO GAP
A2: Dados puxam da aba SINALEIRO automaticamente
A4: # | B4: REDE | C4: CONSULTOR | D4: SINALEIRO | E4: COR | F4: GAP | G4: META 6M (%) | H4: AÇÕES PRIORITÁRIAS
A5: =SINALEIRO!T5 -> 7 | B5: =SINALEIRO!A5 -> FIT LAND | C5: =SINALEIRO!B5 -> JULIO | D5: =SINALEIRO!M5 -> 0.32554568 | E5: =SINALEIRO!N5 -> 🔴 VERMELHO | F5: =SINALEIRO!P5 -> 346652.66 | G5: 0.1 | H5: Reativar 37 inativos + ativar TOP 10 prospects SC + aumentar frequência compradores
A6: =SINALEIRO!T6 -> 5 | B6: =SINALEIRO!A6 -> DIVINA TERRA | C6: =SINALEIRO!B6 -> DAIANE | D6: =SINALEIRO!M6 -> 0.10955182 | E6: =SINALEIRO!N6 -> 🔴 VERMELHO | F6: =SINALEIRO!P6 -> 437098.75 | G6: 0.05 | H6: Consolidar 14 compradores (ticket R$2.151) + reativar 9 inativos + prospectar RS/SC
A7: =SINALEIRO!T7 -> 6 | B7: =SINALEIRO!A7 -> VIDA LEVE | C7: =SINALEIRO!B7 -> DAIANE | D7: =SINALEIRO!M7 -> 0.087769205 | E7: =SINALEIRO!N7 -> 🔴 VERMELHO | F7: =SINALEIRO!P7 -> 426718.76 | G7: 0.03 | H7: Reativar 18 lojas carteira + prospectar SP/RS + cross-sell curva A
A8: =SINALEIRO!T8 -> 3 | B8: =SINALEIRO!A8 -> CIA DA SAUDE | C8: =SINALEIRO!B8 -> JULIO | D8: =SINALEIRO!M8 -> 0.028003644 | E8: =SINALEIRO!N8 -> 🔴 VERMELHO | F8: =SINALEIRO!P8 -> 914964.47 | G8: 0.03 | H8: URGENTE: 0 ativos + 93 inativos = reativar 4 recentes + TOP 5 compradores
A9: =SINALEIRO!T9 -> 1 | B9: =SINALEIRO!A9 -> MUNDO VERDE | C9: =SINALEIRO!B9 -> DAIANE | D9: =SINALEIRO!M9 -> 0.015153856 | E9: =SINALEIRO!N9 -> 🔴 VERMELHO | F9: =SINALEIRO!P9 -> 1131809.8 | G9: 0.02 | H9: 199 lojas penetração mínima — identificar barreira central + piloto RJ/SP
A10: =SINALEIRO!T10 -> 2 | B10: =SINALEIRO!A10 -> BIOMUNDO | C10: =SINALEIRO!B10 -> DAIANE | D10: =SINALEIRO!M10 -> 0.015615273 | E10: =SINALEIRO!N10 -> 🔴 VERMELHO | F10: =SINALEIRO!P10 -> 949365.24 | G10: 0.02 | H10: 167 lojas 5 compradores — investigar central compras + converter 30 acessos ecom
A11: =SINALEIRO!T11 -> 8 | B11: =SINALEIRO!A11 -> TUDO EM GRAOS | C11: =SINALEIRO!B11 -> MANU | D11: =SINALEIRO!M11 -> 0.067937662 | E11: =SINALEIRO!N11 -> 🔴 VERMELHO | F11: =SINALEIRO!P11 -> 134566.5 | G11: 0.1 | H11: 25 lojas menor rede — positivar 10+ lojas (RS território MANU)
A12: =SINALEIRO!T12 -> 4 | B12: =SINALEIRO!A12 -> ARMAZEM FITSTORE | C12: =SINALEIRO!B12 -> DAIANE | D12: =SINALEIRO!M12 -> 0 | E12: =SINALEIRO!N12 -> 🟣 ROXO | F12: =SINALEIRO!P12 -> 658350 | G12: 0.01 | H12: 114 lojas ZERO vendas — mapear rede + 5 lojas-piloto + mix entrada

Sheet CADENCIA
A1: 📅 CADÊNCIA DE CONTATO POR ETAPA DE MATURIDADE
A3: MATURIDADE | B3: FREQUÊNCIA | C3: CANAL | D3: RESPONSÁVEL | E3: META | F3: REDES NA ETAPA
A4: PROSPECÇÃO | B4: 1x/semana | C4: WhatsApp + Ligação | D4: Consultor | E4: Agendar apresentação | F4: =COUNTIF(SINALEIRO!O5:O12,"PROSPECÇÃO") -> 1
A5: ATIVAÇÃO | B5: 2x/semana | C5: Ligação + Visita | D5: Consultor + Gerente | E5: Primeiro pedido | F5: =COUNTIF(SINALEIRO!O5:O12,"ATIVAÇÃO") -> 5
A6: POSITIVAÇÃO | B6: 1x/semana | C6: WhatsApp + Oferta | D6: Consultor | E6: Recompra mensal | F6: =COUNTIF(SINALEIRO!O5:O12,"POSITIVAÇÃO") -> 2
A7: SELL OUT | B7: Quinzenal | C7: Reunião + Relatório | D7: Consultor + Gerente | E7: Giro + Mix | F7: =COUNTIF(SINALEIRO!O5:O12,"SELL OUT") -> 0
A8: JBP | B8: Mensal | C8: Reunião estratégica + BI | D8: Gerente | E8: JBP trimestral | F8: =COUNTIF(SINALEIRO!O5:O12,"JBP") -> 0
