Workbook

Sheet Resumo
A1: FATURAMENTO PROJETADO ABR-DEZ | G1: =Faturamento!AC1 -> 3157000 | N1: TOTAIS | O1: NÃO
N3: Rótulos de Linha | O3: Soma de ABR | P3: Soma de MAI | Q3: Soma de JUN | R3: Soma de JUL | S3: Soma de AGO | T3: Soma de SET | U3: Soma de OUT | V3: Soma de NOV | W3: Soma de DEZ | X3: Soma de TOTAL META
N4: HELDER DA SILVA BRUNKOW | O4: 66000 | P4: 75000 | Q4: 95000 | R4: 113000 | S4: 135300 | T4: 169400 | U4: 185900 | V4: 207900 | W4: 141900 | X4: 1189400
N5: REGIONAL VENDA INTERNA - KEY ACCOUNT | O5: 30000 | P5: 33000 | Q5: 40000 | R5: 48000 | S5: 61600 | T5: 75900 | U5: 79200 | V5: 91300 | W5: 62700 | X5: 521700
N6: HEMANUELE ROSA DITZEL | O6: 63000 | P6: 77000 | Q6: 96000 | R6: 115000 | S6: 143000 | T6: 181500 | U6: 198000 | V6: 222200 | W6: 151800 | X6: 1247500
N7: REGIONAL VENDA INTERNA - CONVENIENCIA | O7: 10400 | P7: 11200 | Q7: 15200 | R7: 18400 | S7: 22400 | T7: 25600 | U7: 28800 | V7: 32800 | W7: 33600 | X7: 198400
N8: Total Geral | O8: 169400 | P8: 196200 | Q8: 246200 | R8: 294400 | S8: 362300 | T8: 452400 | U8: 491900 | V8: 554200 | W8: 390000 | X8: 3157000
A21: TOTAIS | B21: (Tudo)
A23: Rótulos de Linha | B23: Soma de JUL | C23: Soma de AGO
A24: 1324 | B24: 2000 | C24: 2200
A25: 1325 | B25: 10000 | C25: 11000
A26: 1326 | B26: 8000 | C26: 8800
A27: 1327 | B27: 4000 | C27: 4400
A28: 1328 | B28: 6000 | C28: 6600
A29: 1329 | B29: 4000 | C29: 4400
A30: 1330 | B30: 2000 | C30: 2200
A31: 1331 | B31: 22000 | C31: 26400
A32: 1332 | B32: 6000 | C32: 6600
A33: 1346 | B33: 4000 | C33: 4400
A34: 1347 | B34: 4000 | C34: 4400
A35: 1348 | B35: 2000 | C35: 2200
... A89: 1533 | B89: 2000 | C89: 2200
A90: Total Geral | B90: 588800 | C90: 724600
O95: Atual | P95: proposto | Q95: gap | R95: ações
N96: meta faturamento | O96: 250 | P96: 450000 | Q96: =P96-O96 -> 449750
N97: meta / vendedor /3 | O97: =O96/2 -> 125 | P97: =P96/3 -> 150000 | Q97: =P97-O97 -> 149875
E98: 240 | N98: ticket medio | O98: 1200 | P98: 2000 | Q98: =P98-O98 -> 800
E99: 294 | N99: positivações mês / vendedor | O99: =O97/O98 -> 0.10416667 | P99: =P97/P98 -> 75 | Q99: =P99-O99 -> 74.895833
E100: 150 | N100: positivação dia / vendedor | O100: =O99/24 -> 0.0043402778 | P100: =P99/24 -> 3.125 | Q100: =P100-O100 -> 3.1206597
N101: taxa conversão | P101: 0.1 | Q101: =P101-O101 -> 0.1
N102: leads abordados por dia | P102: =P100/P101 -> 31.25 | Q102: =P102-O102 -> 31.25

Sheet Planilha1

Sheet Faturamento
K1: ; | Q1: =SUM(Q3:Q1190)/2 -> 0 | R1: =SUM(R3:R1190)/2 -> 170446.27 | S1: =SUM(S3:S1190)/2 -> 193433.64 | T1: =SUM(T3:T1190)/2 -> 169400 | U1: =SUM(U3:U1190)/2 -> 196200 | V1: =SUM(V3:V1190)/2 -> 246200 | W1: =SUM(W3:W1190)/2 -> 294400 | X1: =SUM(X3:X1190)/2 -> 362300 | ... AB1: =SUM(AB3:AB1190)/2 -> 390000 | AC1: =SUM(T1:AB1) -> 3157000
A2: TOTAIS | B2: CÓD. ZP | C2: ZP Gerente Nacional | D2: CÓD. ZP | E2: ZY Gerente Regional | F2: CÓD. ZS | G2: ZS Supervisor | H2: CÓD. ZQ | I2: ZQ Coordenador | J2: CÓD. ZX / ZR | K2: ZR Representante | L2: Titulo | M2: UF | N2: Nº Grupo | O2: Grupo Cliente | P2: Grupo Produto | Q2: JAN | R2: FEV | S2: MAR | T2: ABR | U2: MAI | V2: JUN | W2: JUL | X2: AGO | Y2: SET | Z2: OUT | AA2: NOV | AB2: DEZ | AC2: TOTAL META | AD2: FALTA VENDER | AE2: VENDIDO EM 2024 | AF2: META ANO PROPOSTA | AG2: VENDIDO 1º TRI MAIS GRANEL | AH2: META 1º TRI | AI2: FALTOU 1º TRI | AJ2: % REALIZADO 1º TRI | AK2: STATUS | AL2: BALIZADOR DA META | AM2: Ação
A3: =IF(L3=1,"SIM","NÃO") -> SIM | B3: =_xlfn.XLOOKUP($N3,'Base de Grupos'!$A:$A,'Base de Grupos'!$D:$D) -> 1000065763 | C3: =_xlfn.XLOOKUP($N3,'Base de Grupos'!$A:$A,'Base de Grupos'!$E:$E) -> CANAL VENDA INTERNA | D3: =_xlfn.XLOOKUP($N3,'Base de Grupos'!$A:$A,'Base de Grupos'!$F:$F) -> 1000065763 | E3: =_xlfn.XLOOKUP($N3,'Base de Grupos'!$A:$A,'Base de Grupos'!$G:$G) -> CANAL VENDA INTERNA | F3: =_xlfn.XLOOKUP($N3,'Base de Grupos'!$A:$A,'Base de Grupos'!$H:$H) -> 1000105900 | G3: =_xlfn.XLOOKUP($N3,'Base de Grupos'!$A:$A,'Base de Grupos'!$I:$I) -> REGIONAL VENDA DIRETA CO + NE + NO | H3: =_xlfn.XLOOKUP($N3,'Base de Grupos'!$A:$A,'Base de Grupos'!$J:$J) -> 1000105900 | I3: =_xlfn.XLOOKUP($N3,'Base de Grupos'!$A:$A,'Base de Grupos'!$K:$K) -> REGIONAL VENDA DIRETA CO + NE + NO | J3: =_xlfn.XLOOKUP($N3,'Base de Grupos'!$A:$A,'Base de Grupos'!$L:$L) -> 1000150135 | K3: =_xlfn.XLOOKUP($N3,'Base de Grupos'!$A:$A,'Base de Grupos'!$M:$M) -> HELDER DA SILVA BRUNKOW | L3: =IF(N3<>N2,1,"") -> 1 | M3: =_xlfn.XLOOKUP($N3,'Base de Grupos'!$A:$A,'Base de Grupos'!$C:$C) -> AP | N3: 1324 | O3: VENDA INTERNA AP | P3: 1. TOTAL - VENDA INTERNA AP | Q3: =SUM(Q4:Q20) -> 0 | R3: =SUM(R4:R20) -> 10568.294 | S3: =SUM(S4:S20) -> 12029.079 | T3: =SUM(T4:T20) -> 1000 | U3: =SUM(U4:U20) -> 1000 | V3: =SUM(V4:V20) -> 1000 | W3: =SUM(W4:W20) -> 1000 | X3: =SUM(X4:X20) -> 1100 | ... AE3: =SUM(AE4:AE20) -> 0 | AF3: =IFERROR((AC3-AE3)/AE3,"") | AG3: =SUM(AG4:AG20) -> 0 | AH3: =SUM(AH4:AH20) -> 22597.373 | AI3: =SUM(AI4:AI20) -> 22597.373 | AJ3: =IFERROR(AG3/AH3,"") -> 0
A4: =IF(L4=1,"SIM","NÃO") -> NÃO | B4: =_xlfn.XLOOKUP($N4,'Base de Grupos'!$A:$A,'Base de Grupos'!$D:$D) -> 1000065763 | C4: =_xlfn.XLOOKUP($N4,'Base de Grupos'!$A:$A,'Base de Grupos'!$E:$E) -> CANAL VENDA INTERNA | D4: =_xlfn.XLOOKUP($N4,'Base de Grupos'!$A:$A,'Base de Grupos'!$F:$F) -> 1000065763 | E4: =_xlfn.XLOOKUP($N4,'Base de Grupos'!$A:$A,'Base de Grupos'!$G:$G) -> CANAL VENDA INTERNA | F4: =_xlfn.XLOOKUP($N4,'Base de Grupos'!$A:$A,'Base de Grupos'!$H:$H) -> 1000105900 | G4: =_xlfn.XLOOKUP($N4,'Base de Grupos'!$A:$A,'Base de Grupos'!$I:$I) -> REGIONAL VENDA DIRETA CO + NE + NO | H4: =_xlfn.XLOOKUP($N4,'Base de Grupos'!$A:$A,'Base de Grupos'!$J:$J) -> 1000105900 | I4: =_xlfn.XLOOKUP($N4,'Base de Grupos'!$A:$A,'Base de Grupos'!$K:$K) -> REGIONAL VENDA DIRETA CO + NE + NO | J4: =_xlfn.XLOOKUP($N4,'Base de Grupos'!$A:$A,'Base de Grupos'!$L:$L) -> 1000150135 | K4: =_xlfn.XLOOKUP($N4,'Base de Grupos'!$A:$A,'Base de Grupos'!$M:$M) -> HELDER DA SILVA BRUNKOW | L4: =IF(N4<>N3,1,"") | M4: =_xlfn.XLOOKUP($N4,'Base de Grupos'!$A:$A,'Base de Grupos'!$C:$C) -> AP | N4: 1324 | O4: VENDA INTERNA AP | P4: BISCOITO | Q4: 0 | R4: 404.38861 | S4: 505.48576 | T4: =_xlfn.XLOOKUP($N4,'Calculo Leads'!$A$97:$A$134,'Calculo Leads'!G$97:G$134)*_xlfn.XLOOKUP($P4,'Base Grupo de Produtos'!$E$2:$E$18,'Base Grupo de Produtos'!$F$2:$F$18) -> 50 | U4: =_xlfn.XLOOKUP($N4,'Calculo Leads'!$A$97:$A$134,'Calculo Leads'!H$97:H$134)*_xlfn.XLOOKUP($P4,'Base Grupo de Produtos'!$E$2:$E$18,'Base Grupo de Produtos'!$F$2:$F$18) -> 50 | V4: =_xlfn.XLOOKUP($N4,'Calculo Leads'!$A$97:$A$134,'Calculo Leads'!I$97:I$134)*_xlfn.XLOOKUP($P4,'Base Grupo de Produtos'!$E$2:$E$18,'Base Grupo de Produtos'!$F$2:$F$18) -> 50 | W4: =_xlfn.XLOOKUP($N4,'Calculo Leads'!$A$97:$A$134,'Calculo Leads'!J$97:J$134)*_xlfn.XLOOKUP($P4,'Base Grupo de Produtos'!$E$2:$E$18,'Base Grupo de Produtos'!$F$2:$F$18) -> 50 | X4: =_xlfn.XLOOKUP($N4,'Calculo Leads'!$A$97:$A$134,'Calculo Leads'!K$97:K$134)*_xlfn.XLOOKUP($P4,'Base Grupo de Produtos'!$E$2:$E$18,'Base Grupo de Produtos'!$F$2:$F$18) -> 55 | Y4: =_xlfn.XLOOKUP($N4,'Calculo Leads'!$A$97:$A$134,'Calculo Leads'!L$97:L$134)*_xlfn.XLOOKUP($P4,'Base Grupo de Produtos'!$E$2:$E$18,'Base Grupo de Produtos'!$F$2:$F$18) -> 55 | Z4: =_xlfn.XLOOKUP($N4,'Calculo Leads'!$A$97:$A$134,'Calculo Leads'!M$97:M$134)*_xlfn.XLOOKUP($P4,'Base Grupo de Produtos'!$E$2:$E$18,'Base Grupo de Produtos'!$F$2:$F$18) -> 55 | AA4: =_xlfn.XLOOKUP($N4,'Calculo Leads'!$A$97:$A$134,'Calculo Leads'!N$97:N$134)*_xlfn.XLOOKUP($P4,'Base Grupo de Produtos'!$E$2:$E$18,'Base Grupo de Produtos'!$F$2:$F$18) -> 55 | AB4: =_xlfn.XLOOKUP($N4,'Calculo Leads'!$A$97:$A$134,'Calculo Leads'!O$97:O$134)*_xlfn.XLOOKUP($P4,'Base Grupo de Produtos'!$E$2:$E$18,'Base Grupo de Produtos'!$F$2:$F$18) -> 55 | AC4: =SUM(T4:AB4) -> 475 | AD4: =IF(AC4=0,0,AC4-AG4) -> 475 | AE4: =IFERROR(_xlfn.XLOOKUP(N4&P4,'Historico Vendas'!G:G,'Historico Vendas'!E:E),0) -> 0 | AF4: =IFERROR((AC4-AE4)/AE4,"") | AG4: =IFERROR(_xlfn.XLOOKUP(N4&P4,'Historico Vendas'!G:G,'Historico Vendas'!F:F),0) -> 0 | AH4: =SUM(Q4:S4) -> 909.87436 | AI4: =AH4-AG4 -> 909.87436 | AJ4: =IFERROR(AG4/AH4,"") -> 0 | AK4: Novos | AL4: =IFERROR(INDEX('Balizador da Meta'!$D$3:$F$23,MATCH(Faturamento!$P4,'Balizador da Meta'!$C$3:$C$23,0),MATCH(Faturamento!AK4,'Balizador da Meta'!$D$2:$F$2,0)),"") -> 0.2
A5: =IF(L5=1,"SIM","NÃO") -> NÃO | B5: =_xlfn.XLOOKUP($N5,'Base de Grupos'!$A:$A,'Base de Grupos'!$D:$D) -> 1000065763 | C5: =_xlfn.XLOOKUP($N5,'Base de Grupos'!$A:$A,'Base de Grupos'!$E:$E) -> CANAL VENDA INTERNA | D5: =_xlfn.XLOOKUP($N5,'Base de Grupos'!$A:$A,'Base de Grupos'!$F:$F) -> 1000065763 | E5: =_xlfn.XLOOKUP($N5,'Base de Grupos'!$A:$A,'Base de Grupos'!$G:$G) -> CANAL VENDA INTERNA | F5: =_xlfn.XLOOKUP($N5,'Base de Grupos'!$A:$A,'Base de Grupos'!$H:$H) -> 1000105900 | G5: =_xlfn.XLOOKUP($N5,'Base de Grupos'!$A:$A,'Base de Grupos'!$I:$I) -> REGIONAL VENDA DIRETA CO + NE + NO | H5: =_xlfn.XLOOKUP($N5,'Base de Grupos'!$A:$A,'Base de Grupos'!$J:$J) -> 1000105900 | I5: =_xlfn.XLOOKUP($N5,'Base de Grupos'!$A:$A,'Base de Grupos'!$K:$K) -> REGIONAL VENDA DIRETA CO + NE + NO | J5: =_xlfn.XLOOKUP($N5,'Base de Grupos'!$A:$A,'Base de Grupos'!$L:$L) -> 1000150135 | K5: =_xlfn.XLOOKUP($N5,'Base de Grupos'!$A:$A,'Base de Grupos'!$M:$M) -> HELDER DA SILVA BRUNKOW | L5: =IF(N5<>N4,1,"") | M5: =_xlfn.XLOOKUP($N5,'Base de Grupos'!$A:$A,'Base de Grupos'!$C:$C) -> AP | N5: 1324 | O5: VENDA INTERNA AP | P5: CHOCOLATES | Q5: 0 | R5: 2462.0565 | S5: 2872.3992 | T5: =_xlfn.XLOOKUP($N5,'Calculo Leads'!$A$97:$A$134,'Calculo Leads'!G$97:G$134)*_xlfn.XLOOKUP($P5,'Base Grupo de Produtos'!$E$2:$E$18,'Base Grupo de Produtos'!$F$2:$F$18) -> 50 | U5: =_xlfn.XLOOKUP($N5,'Calculo Leads'!$A$97:$A$134,'Calculo Leads'!H$97:H$134)*_xlfn.XLOOKUP($P5,'Base Grupo de Produtos'!$E$2:$E$18,'Base Grupo de Produtos'!$F$2:$F$18) -> 50 | V5: =_xlfn.XLOOKUP($N5,'Calculo Leads'!$A$97:$A$134,'Calculo Leads'!I$97:I$134)*_xlfn.XLOOKUP($P5,'Base Grupo de Produtos'!$E$2:$E$18,'Base Grupo de Produtos'!$F$2:$F$18) -> 50 | W5: =_xlfn.XLOOKUP($N5,'Calculo Leads'!$A$97:$A$134,'Calculo Leads'!J$97:J$134)*_xlfn.XLOOKUP($P5,'Base Grupo de Produtos'!$E$2:$E$18,'Base Grupo de Produtos'!$F$2:$F$18) -> 50 | X5: =_xlfn.XLOOKUP($N5,'Calculo Leads'!$A$97:$A$134,'Calculo Leads'!K$97:K$134)*_xlfn.XLOOKUP($P5,'Base Grupo de Produtos'!$E$2:$E$18,'Base Grupo de Produtos'!$F$2:$F$18) -> 55 | Y5: =_xlfn.XLOOKUP($N5,'Calculo Leads'!$A$97:$A$134,'Calculo Leads'!L$97:L$134)*_xlfn.XLOOKUP($P5,'Base Grupo de Produtos'!$E$2:$E$18,'Base Grupo de Produtos'!$F$2:$F$18) -> 55 | Z5: =_xlfn.XLOOKUP($N5,'Calculo Leads'!$A$97:$A$134,'Calculo Leads'!M$97:M$134)*_xlfn.XLOOKUP($P5,'Base Grupo de Produtos'!$E$2:$E$18,'Base Grupo de Produtos'!$F$2:$F$18) -> 55 | AA5: =_xlfn.XLOOKUP($N5,'Calculo Leads'!$A$97:$A$134,'Calculo Leads'!N$97:N$134)*_xlfn.XLOOKUP($P5,'Base Grupo de Produtos'!$E$2:$E$18,'Base Grupo de Produtos'!$F$2:$F$18) -> 55 | AB5: =_xlfn.XLOOKUP($N5,'Calculo Leads'!$A$97:$A$134,'Calculo Leads'!O$97:O$134)*_xlfn.XLOOKUP($P5,'Base Grupo de Produtos'!$E$2:$E$18,'Base Grupo de Produtos'!$F$2:$F$18) -> 55 | AC5: =SUM(T5:AB5) -> 475 | AD5: =IF(AC5=0,0,AC5-AG5) -> 475 | AE5: =IFERROR(_xlfn.XLOOKUP(N5&P5,'Historico Vendas'!G:G,'Historico Vendas'!E:E),0) -> 0 | AF5: =IFERROR((AC5-AE5)/AE5,"") | AG5: =IFERROR(_xlfn.XLOOKUP(N5&P5,'Historico Vendas'!G:G,'Historico Vendas'!F:F),0) -> 0 | AH5: =SUM(Q5:S5) -> 5334.4557 | AI5: =AH5-AG5 -> 5334.4557 | AJ5: =IFERROR(AG5/AH5,"") -> 0 | AK5: Novos | AL5: =IFERROR(INDEX('Balizador da Meta'!$D$3:$F$23,MATCH(Faturamento!$P5,'Balizador da Meta'!$C$3:$C$23,0),MATCH(Faturamento!AK5,'Balizador da Meta'!$D$2:$F$2,0)),"") -> 0.2
A6: =IF(L6=1,"SIM","NÃO") -> NÃO | B6: =_xlfn.XLOOKUP($N6,'Base de Grupos'!$A:$A,'Base de Grupos'!$D:$D) -> 1000065763 | C6: =_xlfn.XLOOKUP($N6,'Base de Grupos'!$A:$A,'Base de Grupos'!$E:$E) -> CANAL VENDA INTERNA | D6: =_xlfn.XLOOKUP($N6,'Base de Grupos'!$A:$A,'Base de Grupos'!$F:$F) -> 1000065763 | E6: =_xlfn.XLOOKUP($N6,'Base de Grupos'!$A:$A,'Base de Grupos'!$G:$G) -> CANAL VENDA INTERNA | F6: =_xlfn.XLOOKUP($N6,'Base de Grupos'!$A:$A,'Base de Grupos'!$H:$H) -> 1000105900 | G6: =_xlfn.XLOOKUP($N6,'Base de Grupos'!$A:$A,'Base de Grupos'!$I:$I) -> REGIONAL VENDA DIRETA CO + NE + NO | H6: =_xlfn.XLOOKUP($N6,'Base de Grupos'!$A:$A,'Base de Grupos'!$J:$J) -> 1000105900 | I6: =_xlfn.XLOOKUP($N6,'Base de Grupos'!$A:$A,'Base de Grupos'!$K:$K) -> REGIONAL VENDA DIRETA CO + NE + NO | J6: =_xlfn.XLOOKUP($N6,'Base de Grupos'!$A:$A,'Base de Grupos'!$L:$L) -> 1000150135 | K6: =_xlfn.XLOOKUP($N6,'Base de Grupos'!$A:$A,'Base de Grupos'!$M:$M) -> HELDER DA SILVA BRUNKOW | L6: =IF(N6<>N5,1,"") | M6: =_xlfn.XLOOKUP($N6,'Base de Grupos'!$A:$A,'Base de Grupos'!$C:$C) -> AP | N6: 1324 | O6: VENDA INTERNA AP | P6: DISNEY | Q6: 0 | R6: 441.51511 | S6: 551.89389 | T6: =_xlfn.XLOOKUP($N6,'Calculo Leads'!$A$97:$A$134,'Calculo Leads'!G$97:G$134)*_xlfn.XLOOKUP($P6,'Base Grupo de Produtos'!$E$2:$E$18,'Base Grupo de Produtos'!$F$2:$F$18) -> 80 | U6: =_xlfn.XLOOKUP($N6,'Calculo Leads'!$A$97:$A$134,'Calculo Leads'!H$97:H$134)*_xlfn.XLOOKUP($P6,'Base Grupo de Produtos'!$E$2:$E$18,'Base Grupo de Produtos'!$F$2:$F$18) -> 80 | V6: =_xlfn.XLOOKUP($N6,'Calculo Leads'!$A$97:$A$134,'Calculo Leads'!I$97:I$134)*_xlfn.XLOOKUP($P6,'Base Grupo de Produtos'!$E$2:$E$18,'Base Grupo de Produtos'!$F$2:$F$18) -> 80 | W6: =_xlfn.XLOOKUP($N6,'Calculo Leads'!$A$97:$A$134,'Calculo Leads'!J$97:J$134)*_xlfn.XLOOKUP($P6,'Base Grupo de Produtos'!$E$2:$E$18,'Base Grupo de Produtos'!$F$2:$F$18) -> 80 | X6: =_xlfn.XLOOKUP($N6,'Calculo Leads'!$A$97:$A$134,'Calculo Leads'!K$97:K$134)*_xlfn.XLOOKUP($P6,'Base Grupo de Produtos'!$E$2:$E$18,'Base Grupo de Produtos'!$F$2:$F$18) -> 88 | Y6: =_xlfn.XLOOKUP($N6,'Calculo Leads'!$A$97:$A$134,'Calculo Leads'!L$97:L$134)*_xlfn.XLOOKUP($P6,'Base Grupo de Produtos'!$E$2:$E$18,'Base Grupo de Produtos'!$F$2:$F$18) -> 88 | Z6: =_xlfn.XLOOKUP($N6,'Calculo Leads'!$A$97:$A$134,'Calculo Leads'!M$97:M$134)*_xlfn.XLOOKUP($P6,'Base Grupo de Produtos'!$E$2:$E$18,'Base Grupo de Produtos'!$F$2:$F$18) -> 88 | AA6: =_xlfn.XLOOKUP($N6,'Calculo Leads'!$A$97:$A$134,'Calculo Leads'!N$97:N$134)*_xlfn.XLOOKUP($P6,'Base Grupo de Produtos'!$E$2:$E$18,'Base Grupo de Produtos'!$F$2:$F$18) -> 88 | AB6: =_xlfn.XLOOKUP($N6,'Calculo Leads'!$A$97:$A$134,'Calculo Leads'!O$97:O$134)*_xlfn.XLOOKUP($P6,'Base Grupo de Produtos'!$E$2:$E$18,'Base Grupo de Produtos'!$F$2:$F$18) -> 88 | AC6: =SUM(T6:AB6) -> 760 | AD6: =IF(AC6=0,0,AC6-AG6) -> 760 | AE6: =IFERROR(_xlfn.XLOOKUP(N6&P6,'Historico Vendas'!G:G,'Historico Vendas'!E:E),0) -> 0 | AF6: =IFERROR((AC6-AE6)/AE6,"") | AG6: =IFERROR(_xlfn.XLOOKUP(N6&P6,'Historico Vendas'!G:G,'Historico Vendas'!F:F),0) -> 0 | AH6: =SUM(Q6:S6) -> 993.409 | AI6: =AH6-AG6 -> 993.409 | AJ6: =IFERROR(AG6/AH6,"") -> 0 | AK6: Novos | AL6: =IFERROR(INDEX('Balizador da Meta'!$D$3:$F$23,MATCH(Faturamento!$P6,'Balizador da Meta'!$C$3:$C$23,0),MATCH(Faturamento!AK6,'Balizador da Meta'!$D$2:$F$2,0)),"") -> 0.15
A7: =IF(L7=1,"SIM","NÃO") -> NÃO | B7: =_xlfn.XLOOKUP($N7,'Base de Grupos'!$A:$A,'Base de Grupos'!$D:$D) -> 1000065763 | C7: =_xlfn.XLOOKUP($N7,'Base de Grupos'!$A:$A,'Base de Grupos'!$E:$E) -> CANAL VENDA INTERNA | D7: =_xlfn.XLOOKUP($N7,'Base de Grupos'!$A:$A,'Base de Grupos'!$F:$F) -> 1000065763 | E7: =_xlfn.XLOOKUP($N7,'Base de Grupos'!$A:$A,'Base de Grupos'!$G:$G) -> CANAL VENDA INTERNA | F7: =_xlfn.XLOOKUP($N7,'Base de Grupos'!$A:$A,'Base de Grupos'!$H:$H) -> 1000105900 | G7: =_xlfn.XLOOKUP($N7,'Base de Grupos'!$A:$A,'Base de Grupos'!$I:$I) -> REGIONAL VENDA DIRETA CO + NE + NO | H7: =_xlfn.XLOOKUP($N7,'Base de Grupos'!$A:$A,'Base de Grupos'!$J:$J) -> 1000105900 | I7: =_xlfn.XLOOKUP($N7,'Base de Grupos'!$A:$A,'Base de Grupos'!$K:$K) -> REGIONAL VENDA DIRETA CO + NE + NO | J7: =_xlfn.XLOOKUP($N7,'Base de Grupos'!$A:$A,'Base de Grupos'!$L:$L) -> 1000150135 | K7: =_xlfn.XLOOKUP($N7,'Base de Grupos'!$A:$A,'Base de Grupos'!$M:$M) -> HELDER DA SILVA BRUNKOW | L7: =IF(N7<>N6,1,"") | M7: =_xlfn.XLOOKUP($N7,'Base de Grupos'!$A:$A,'Base de Grupos'!$C:$C) -> AP | N7: 1324 | O7: VENDA INTERNA AP | P7: DOCES | Q7: 0 | R7: 555.05619 | S7: 555.05619 | T7: =_xlfn.XLOOKUP($N7,'Calculo Leads'!$A$97:$A$134,'Calculo Leads'!G$97:G$134)*_xlfn.XLOOKUP($P7,'Base Grupo de Produtos'!$E$2:$E$18,'Base Grupo de Produtos'!$F$2:$F$18) -> 100 | U7: =_xlfn.XLOOKUP($N7,'Calculo Leads'!$A$97:$A$134,'Calculo Leads'!H$97:H$134)*_xlfn.XLOOKUP($P7,'Base Grupo de Produtos'!$E$2:$E$18,'Base Grupo de Produtos'!$F$2:$F$18) -> 100 | V7: =_xlfn.XLOOKUP($N7,'Calculo Leads'!$A$97:$A$134,'Calculo Leads'!I$97:I$134)*_xlfn.XLOOKUP($P7,'Base Grupo de Produtos'!$E$2:$E$18,'Base Grupo de Produtos'!$F$2:$F$18) -> 100 | W7: =_xlfn.XLOOKUP($N7,'Calculo Leads'!$A$97:$A$134,'Calculo Leads'!J$97:J$134)*_xlfn.XLOOKUP($P7,'Base Grupo de Produtos'!$E$2:$E$18,'Base Grupo de Produtos'!$F$2:$F$18) -> 100 | X7: =_xlfn.XLOOKUP($N7,'Calculo Leads'!$A$97:$A$134,'Calculo Leads'!K$97:K$134)*_xlfn.XLOOKUP($P7,'Base Grupo de Produtos'!$E$2:$E$18,'Base Grupo de Produtos'!$F$2:$F$18) -> 110 | Y7: =_xlfn.XLOOKUP($N7,'Calculo Leads'!$A$97:$A$134,'Calculo Leads'!L$97:L$134)*_xlfn.XLOOKUP($P7,'Base Grupo de Produtos'!$E$2:$E$18,'Base Grupo de Produtos'!$F$2:$F$18) -> 110 | Z7: =_xlfn.XLOOKUP($N7,'Calculo Leads'!$A$97:$A$134,'Calculo Leads'!M$97:M$134)*_xlfn.XLOOKUP($P7,'Base Grupo de Produtos'!$E$2:$E$18,'Base Grupo de Produtos'!$F$2:$F$18) -> 110 | AA7: =_xlfn.XLOOKUP($N7,'Calculo Leads'!$A$97:$A$134,'Calculo Leads'!N$97:N$134)*_xlfn.XLOOKUP($P7,'Base Grupo de Produtos'!$E$2:$E$18,'Base Grupo de Produtos'!$F$2:$F$18) -> 110 | AB7: =_xlfn.XLOOKUP($N7,'Calculo Leads'!$A$97:$A$134,'Calculo Leads'!O$97:O$134)*_xlfn.XLOOKUP($P7,'Base Grupo de Produtos'!$E$2:$E$18,'Base Grupo de Produtos'!$F$2:$F$18) -> 110 | AC7: =SUM(T7:AB7) -> 950 | AD7: =IF(AC7=0,0,AC7-AG7) -> 950 | AE7: =IFERROR(_xlfn.XLOOKUP(N7&P7,'Historico Vendas'!G:G,'Historico Vendas'!E:E),0) -> 0 | AF7: =IFERROR((AC7-AE7)/AE7,"") | AG7: =IFERROR(_xlfn.XLOOKUP(N7&P7,'Historico Vendas'!G:G,'Historico Vendas'!F:F),0) -> 0 | AH7: =SUM(Q7:S7) -> 1110.1124 | AI7: =AH7-AG7 -> 1110.1124 | AJ7: =IFERROR(AG7/AH7,"") -> 0 | AK7: Novos | AL7: =IFERROR(INDEX('Balizador da Meta'!$D$3:$F$23,MATCH(Faturamento!$P7,'Balizador da Meta'!$C$3:$C$23,0),MATCH(Faturamento!AK7,'Balizador da Meta'!$D$2:$F$2,0)),"") -> 0
A8: =IF(L8=1,"SIM","NÃO") -> NÃO | B8: =_xlfn.XLOOKUP($N8,'Base de Grupos'!$A:$A,'Base de Grupos'!$D:$D) -> 1000065763 | C8: =_xlfn.XLOOKUP($N8,'Base de Grupos'!$A:$A,'Base de Grupos'!$E:$E) -> CANAL VENDA INTERNA | D8: =_xlfn.XLOOKUP($N8,'Base de Grupos'!$A:$A,'Base de Grupos'!$F:$F) -> 1000065763 | E8: =_xlfn.XLOOKUP($N8,'Base de Grupos'!$A:$A,'Base de Grupos'!$G:$G) -> CANAL VENDA INTERNA | F8: =_xlfn.XLOOKUP($N8,'Base de Grupos'!$A:$A,'Base de Grupos'!$H:$H) -> 1000105900 | G8: =_xlfn.XLOOKUP($N8,'Base de Grupos'!$A:$A,'Base de Grupos'!$I:$I) -> REGIONAL VENDA DIRETA CO + NE + NO | H8: =_xlfn.XLOOKUP($N8,'Base de Grupos'!$A:$A,'Base de Grupos'!$J:$J) -> 1000105900 | I8: =_xlfn.XLOOKUP($N8,'Base de Grupos'!$A:$A,'Base de Grupos'!$K:$K) -> REGIONAL VENDA DIRETA CO + NE + NO | J8: =_xlfn.XLOOKUP($N8,'Base de Grupos'!$A:$A,'Base de Grupos'!$L:$L) -> 1000150135 | K8: =_xlfn.XLOOKUP($N8,'Base de Grupos'!$A:$A,'Base de Grupos'!$M:$M) -> HELDER DA SILVA BRUNKOW | L8: =IF(N8<>N7,1,"") | M8: =_xlfn.XLOOKUP($N8,'Base de Grupos'!$A:$A,'Base de Grupos'!$C:$C) -> AP | N8: 1324 | O8: VENDA INTERNA AP | P8: GELEIA | Q8: 0 | R8: 124.75667 | S8: 249.51333 | T8: =_xlfn.XLOOKUP($N8,'Calculo Leads'!$A$97:$A$134,'Calculo Leads'!G$97:G$134)*_xlfn.XLOOKUP($P8,'Base Grupo de Produtos'!$E$2:$E$18,'Base Grupo de Produtos'!$F$2:$F$18) -> 20 | U8: =_xlfn.XLOOKUP($N8,'Calculo Leads'!$A$97:$A$134,'Calculo Leads'!H$97:H$134)*_xlfn.XLOOKUP($P8,'Base Grupo de Produtos'!$E$2:$E$18,'Base Grupo de Produtos'!$F$2:$F$18) -> 20 | V8: =_xlfn.XLOOKUP($N8,'Calculo Leads'!$A$97:$A$134,'Calculo Leads'!I$97:I$134)*_xlfn.XLOOKUP($P8,'Base Grupo de Produtos'!$E$2:$E$18,'Base Grupo de Produtos'!$F$2:$F$18) -> 20 | W8: =_xlfn.XLOOKUP($N8,'Calculo Leads'!$A$97:$A$134,'Calculo Leads'!J$97:J$134)*_xlfn.XLOOKUP($P8,'Base Grupo de Produtos'!$E$2:$E$18,'Base Grupo de Produtos'!$F$2:$F$18) -> 20 | X8: =_xlfn.XLOOKUP($N8,'Calculo Leads'!$A$97:$A$134,'Calculo Leads'!K$97:K$134)*_xlfn.XLOOKUP($P8,'Base Grupo de Produtos'!$E$2:$E$18,'Base Grupo de Produtos'!$F$2:$F$18) -> 22 | Y8: =_xlfn.XLOOKUP($N8,'Calculo Leads'!$A$97:$A$134,'Calculo Leads'!L$97:L$134)*_xlfn.XLOOKUP($P8,'Base Grupo de Produtos'!$E$2:$E$18,'Base Grupo de Produtos'!$F$2:$F$18) -> 22 | Z8: =_xlfn.XLOOKUP($N8,'Calculo Leads'!$A$97:$A$134,'Calculo Leads'!M$97:M$134)*_xlfn.XLOOKUP($P8,'Base Grupo de Produtos'!$E$2:$E$18,'Base Grupo de Produtos'!$F$2:$F$18) -> 22 | AA8: =_xlfn.XLOOKUP($N8,'Calculo Leads'!$A$97:$A$134,'Calculo Leads'!N$97:N$134)*_xlfn.XLOOKUP($P8,'Base Grupo de Produtos'!$E$2:$E$18,'Base Grupo de Produtos'!$F$2:$F$18) -> 22 | AB8: =_xlfn.XLOOKUP($N8,'Calculo Leads'!$A$97:$A$134,'Calculo Leads'!O$97:O$134)*_xlfn.XLOOKUP($P8,'Base Grupo de Produtos'!$E$2:$E$18,'Base Grupo de Produtos'!$F$2:$F$18) -> 22 | AC8: =SUM(T8:AB8) -> 190 | AD8: =IF(AC8=0,0,AC8-AG8) -> 190 | AE8: =IFERROR(_xlfn.XLOOKUP(N8&P8,'Historico Vendas'!G:G,'Historico Vendas'!E:E),0) -> 0 | AF8: =IFERROR((AC8-AE8)/AE8,"") | AG8: =IFERROR(_xlfn.XLOOKUP(N8&P8,'Historico Vendas'!G:G,'Historico Vendas'!F:F),0) -> 0 | AH8: =SUM(Q8:S8) -> 374.27 | AI8: =AH8-AG8 -> 374.27 | AJ8: =IFERROR(AG8/AH8,"") -> 0 | AK8: Novos | AL8: =IFERROR(INDEX('Balizador da Meta'!$D$3:$F$23,MATCH(Faturamento!$P8,'Balizador da Meta'!$C$3:$C$23,0),MATCH(Faturamento!AK8,'Balizador da Meta'!$D$2:$F$2,0)),"") -> 0
A9: =IF(L9=1,"SIM","NÃO") -> NÃO | B9: =_xlfn.XLOOKUP($N9,'Base de Grupos'!$A:$A,'Base de Grupos'!$D:$D) -> 1000065763 | C9: =_xlfn.XLOOKUP($N9,'Base de Grupos'!$A:$A,'Base de Grupos'!$E:$E) -> CANAL VENDA INTERNA | D9: =_xlfn.XLOOKUP($N9,'Base de Grupos'!$A:$A,'Base de Grupos'!$F:$F) -> 1000065763 | E9: =_xlfn.XLOOKUP($N9,'Base de Grupos'!$A:$A,'Base de Grupos'!$G:$G) -> CANAL VENDA INTERNA | F9: =_xlfn.XLOOKUP($N9,'Base de Grupos'!$A:$A,'Base de Grupos'!$H:$H) -> 1000105900 | G9: =_xlfn.XLOOKUP($N9,'Base de Grupos'!$A:$A,'Base de Grupos'!$I:$I) -> REGIONAL VENDA DIRETA CO + NE + NO | H9: =_xlfn.XLOOKUP($N9,'Base de Grupos'!$A:$A,'Base de Grupos'!$J:$J) -> 1000105900 | I9: =_xlfn.XLOOKUP($N9,'Base de Grupos'!$A:$A,'Base de Grupos'!$K:$K) -> REGIONAL VENDA DIRETA CO + NE + NO | J9: =_xlfn.XLOOKUP($N9,'Base de Grupos'!$A:$A,'Base de Grupos'!$L:$L) -> 1000150135 | K9: =_xlfn.XLOOKUP($N9,'Base de Grupos'!$A:$A,'Base de Grupos'!$M:$M) -> HELDER DA SILVA BRUNKOW | L9: =IF(N9<>N8,1,"") | M9: =_xlfn.XLOOKUP($N9,'Base de Grupos'!$A:$A,'Base de Grupos'!$C:$C) -> AP | N9: 1324 | O9: VENDA INTERNA AP | P9: GRANOLA | Q9: 0 | R9: 315.15 | S9: 420.2 | T9: =_xlfn.XLOOKUP($N9,'Calculo Leads'!$A$97:$A$134,'Calculo Leads'!G$97:G$134)*_xlfn.XLOOKUP($P9,'Base Grupo de Produtos'!$E$2:$E$18,'Base Grupo de Produtos'!$F$2:$F$18) -> 20 | U9: =_xlfn.XLOOKUP($N9,'Calculo Leads'!$A$97:$A$134,'Calculo Leads'!H$97:H$134)*_xlfn.XLOOKUP($P9,'Base Grupo de Produtos'!$E$2:$E$18,'Base Grupo de Produtos'!$F$2:$F$18) -> 20 | V9: =_xlfn.XLOOKUP($N9,'Calculo Leads'!$A$97:$A$134,'Calculo Leads'!I$97:I$134)*_xlfn.XLOOKUP($P9,'Base Grupo de Produtos'!$E$2:$E$18,'Base Grupo de Produtos'!$F$2:$F$18) -> 20 | W9: =_xlfn.XLOOKUP($N9,'Calculo Leads'!$A$97:$A$134,'Calculo Leads'!J$97:J$134)*_xlfn.XLOOKUP($P9,'Base Grupo de Produtos'!$E$2:$E$18,'Base Grupo de Produtos'!$F$2:$F$18) -> 20 | X9: =_xlfn.XLOOKUP($N9,'Calculo Leads'!$A$97:$A$134,'Calculo Leads'!K$97:K$134)*_xlfn.XLOOKUP($P9,'Base Grupo de Produtos'!$E$2:$E$18,'Base Grupo de Produtos'!$F$2:$F$18) -> 22 | Y9: =_xlfn.XLOOKUP($N9,'Calculo Leads'!$A$97:$A$134,'Calculo Leads'!L$97:L$134)*_xlfn.XLOOKUP($P9,'Base Grupo de Produtos'!$E$2:$E$18,'Base Grupo de Produtos'!$F$2:$F$18) -> 22 | Z9: =_xlfn.XLOOKUP($N9,'Calculo Leads'!$A$97:$A$134,'Calculo Leads'!M$97:M$134)*_xlfn.XLOOKUP($P9,'Base Grupo de Produtos'!$E$2:$E$18,'Base Grupo de Produtos'!$F$2:$F$18) -> 22 | AA9: =_xlfn.XLOOKUP($N9,'Calculo Leads'!$A$97:$A$134,'Calculo Leads'!N$97:N$134)*_xlfn.XLOOKUP($P9,'Base Grupo de Produtos'!$E$2:$E$18,'Base Grupo de Produtos'!$F$2:$F$18) -> 22 | AB9: =_xlfn.XLOOKUP($N9,'Calculo Leads'!$A$97:$A$134,'Calculo Leads'!O$97:O$134)*_xlfn.XLOOKUP($P9,'Base Grupo de Produtos'!$E$2:$E$18,'Base Grupo de Produtos'!$F$2:$F$18) -> 22 | AC9: =SUM(T9:AB9) -> 190 | AD9: =IF(AC9=0,0,AC9-AG9) -> 190 | AE9: =IFERROR(_xlfn.XLOOKUP(N9&P9,'Historico Vendas'!G:G,'Historico Vendas'!E:E),0) -> 0 | AF9: =IFERROR((AC9-AE9)/AE9,"") | AG9: =IFERROR(_xlfn.XLOOKUP(N9&P9,'Historico Vendas'!G:G,'Historico Vendas'!F:F),0) -> 0 | AH9: =SUM(Q9:S9) -> 735.35 | AI9: =AH9-AG9 -> 735.35 | AJ9: =IFERROR(AG9/AH9,"") -> 0 | AK9: Novos | AL9: =IFERROR(INDEX('Balizador da Meta'!$D$3:$F$23,MATCH(Faturamento!$P9,'Balizador da Meta'!$C$3:$C$23,0),MATCH(Faturamento!AK9,'Balizador da Meta'!$D$2:$F$2,0)),"") -> 0
A10: =IF(L10=1,"SIM","NÃO") -> NÃO | B10: =_xlfn.XLOOKUP($N10,'Base de Grupos'!$A:$A,'Base de Grupos'!$D:$D) -> 1000065763 | C10: =_xlfn.XLOOKUP($N10,'Base de Grupos'!$A:$A,'Base de Grupos'!$E:$E) -> CANAL VENDA INTERNA | D10: =_xlfn.XLOOKUP($N10,'Base de Grupos'!$A:$A,'Base de Grupos'!$F:$F) -> 1000065763 | E10: =_xlfn.XLOOKUP($N10,'Base de Grupos'!$A:$A,'Base de Grupos'!$G:$G) -> CANAL VENDA INTERNA | F10: =_xlfn.XLOOKUP($N10,'Base de Grupos'!$A:$A,'Base de Grupos'!$H:$H) -> 1000105900 | G10: =_xlfn.XLOOKUP($N10,'Base de Grupos'!$A:$A,'Base de Grupos'!$I:$I) -> REGIONAL VENDA DIRETA CO + NE + NO | H10: =_xlfn.XLOOKUP($N10,'Base de Grupos'!$A:$A,'Base de Grupos'!$J:$J) -> 1000105900 | I10: =_xlfn.XLOOKUP($N10,'Base de Grupos'!$A:$A,'Base de Grupos'!$K:$K) -> REGIONAL VENDA DIRETA CO + NE + NO | J10: =_xlfn.XLOOKUP($N10,'Base de Grupos'!$A:$A,'Base de Grupos'!$L:$L) -> 1000150135 | K10: =_xlfn.XLOOKUP($N10,'Base de Grupos'!$A:$A,'Base de Grupos'!$M:$M) -> HELDER DA SILVA BRUNKOW | L10: =IF(N10<>N9,1,"") | M10: =_xlfn.XLOOKUP($N10,'Base de Grupos'!$A:$A,'Base de Grupos'!$C:$C) -> AP | N10: 1324 | O10: VENDA INTERNA AP | P10: KIDS | Q10: 0 | R10: 165.49714 | S10: 165.49714 | T10: =_xlfn.XLOOKUP($N10,'Calculo Leads'!$A$97:$A$134,'Calculo Leads'!G$97:G$134)*_xlfn.XLOOKUP($P10,'Base Grupo de Produtos'!$E$2:$E$18,'Base Grupo de Produtos'!$F$2:$F$18) -> 20 | U10: =_xlfn.XLOOKUP($N10,'Calculo Leads'!$A$97:$A$134,'Calculo Leads'!H$97:H$134)*_xlfn.XLOOKUP($P10,'Base Grupo de Produtos'!$E$2:$E$18,'Base Grupo de Produtos'!$F$2:$F$18) -> 20 | V10: =_xlfn.XLOOKUP($N10,'Calculo Leads'!$A$97:$A$134,'Calculo Leads'!I$97:I$134)*_xlfn.XLOOKUP($P10,'Base Grupo de Produtos'!$E$2:$E$18,'Base Grupo de Produtos'!$F$2:$F$18) -> 20 | W10: =_xlfn.XLOOKUP($N10,'Calculo Leads'!$A$97:$A$134,'Calculo Leads'!J$97:J$134)*_xlfn.XLOOKUP($P10,'Base Grupo de Produtos'!$E$2:$E$18,'Base Grupo de Produtos'!$F$2:$F$18) -> 20 | X10: =_xlfn.XLOOKUP($N10,'Calculo Leads'!$A$97:$A$134,'Calculo Leads'!K$97:K$134)*_xlfn.XLOOKUP($P10,'Base Grupo de Produtos'!$E$2:$E$18,'Base Grupo de Produtos'!$F$2:$F$18) -> 22 | Y10: =_xlfn.XLOOKUP($N10,'Calculo Leads'!$A$97:$A$134,'Calculo Leads'!L$97:L$134)*_xlfn.XLOOKUP($P10,'Base Grupo de Produtos'!$E$2:$E$18,'Base Grupo de Produtos'!$F$2:$F$18) -> 22 | Z10: =_xlfn.XLOOKUP($N10,'Calculo Leads'!$A$97:$A$134,'Calculo Leads'!M$97:M$134)*_xlfn.XLOOKUP($P10,'Base Grupo de Produtos'!$E$2:$E$18,'Base Grupo de Produtos'!$F$2:$F$18) -> 22 | AA10: =_xlfn.XLOOKUP($N10,'Calculo Leads'!$A$97:$A$134,'Calculo Leads'!N$97:N$134)*_xlfn.XLOOKUP($P10,'Base Grupo de Produtos'!$E$2:$E$18,'Base Grupo de Produtos'!$F$2:$F$18) -> 22 | AB10: =_xlfn.XLOOKUP($N10,'Calculo Leads'!$A$97:$A$134,'Calculo Leads'!O$97:O$134)*_xlfn.XLOOKUP($P10,'Base Grupo de Produtos'!$E$2:$E$18,'Base Grupo de Produtos'!$F$2:$F$18) -> 22 | AC10: =SUM(T10:AB10) -> 190 | AD10: =IF(AC10=0,0,AC10-AG10) -> 190 | AE10: =IFERROR(_xlfn.XLOOKUP(N10&P10,'Historico Vendas'!G:G,'Historico Vendas'!E:E),0) -> 0 | AF10: =IFERROR((AC10-AE10)/AE10,"") | AG10: =IFERROR(_xlfn.XLOOKUP(N10&P10,'Historico Vendas'!G:G,'Historico Vendas'!F:F),0) -> 0 | AH10: =SUM(Q10:S10) -> 330.99429 | AI10: =AH10-AG10 -> 330.99429 | AJ10: =IFERROR(AG10/AH10,"") -> 0 | AK10: Novos | AL10: =IFERROR(INDEX('Balizador da Meta'!$D$3:$F$23,MATCH(Faturamento!$P10,'Balizador da Meta'!$C$3:$C$23,0),MATCH(Faturamento!AK10,'Balizador da Meta'!$D$2:$F$2,0)),"") -> 0
A11: =IF(L11=1,"SIM","NÃO") -> NÃO | B11: =_xlfn.XLOOKUP($N11,'Base de Grupos'!$A:$A,'Base de Grupos'!$D:$D) -> 1000065763 | C11: =_xlfn.XLOOKUP($N11,'Base de Grupos'!$A:$A,'Base de Grupos'!$E:$E) -> CANAL VENDA INTERNA | D11: =_xlfn.XLOOKUP($N11,'Base de Grupos'!$A:$A,'Base de Grupos'!$F:$F) -> 1000065763 | E11: =_xlfn.XLOOKUP($N11,'Base de Grupos'!$A:$A,'Base de Grupos'!$G:$G) -> CANAL VENDA INTERNA | F11: =_xlfn.XLOOKUP($N11,'Base de Grupos'!$A:$A,'Base de Grupos'!$H:$H) -> 1000105900 | G11: =_xlfn.XLOOKUP($N11,'Base de Grupos'!$A:$A,'Base de Grupos'!$I:$I) -> REGIONAL VENDA DIRETA CO + NE + NO | H11: =_xlfn.XLOOKUP($N11,'Base de Grupos'!$A:$A,'Base de Grupos'!$J:$J) -> 1000105900 | I11: =_xlfn.XLOOKUP($N11,'Base de Grupos'!$A:$A,'Base de Grupos'!$K:$K) -> REGIONAL VENDA DIRETA CO + NE + NO | J11: =_xlfn.XLOOKUP($N11,'Base de Grupos'!$A:$A,'Base de Grupos'!$L:$L) -> 1000150135 | K11: =_xlfn.XLOOKUP($N11,'Base de Grupos'!$A:$A,'Base de Grupos'!$M:$M) -> HELDER DA SILVA BRUNKOW | L11: =IF(N11<>N10,1,"") | M11: =_xlfn.XLOOKUP($N11,'Base de Grupos'!$A:$A,'Base de Grupos'!$C:$C) -> AP | N11: 1324 | O11: VENDA INTERNA AP | P11: LANCHES | Q11: 0 | R11: 89.608571 | S11: 179.21714 | T11: =_xlfn.XLOOKUP($N11,'Calculo Leads'!$A$97:$A$134,'Calculo Leads'!G$97:G$134)*_xlfn.XLOOKUP($P11,'Base Grupo de Produtos'!$E$2:$E$18,'Base Grupo de Produtos'!$F$2:$F$18) -> 30 | U11: =_xlfn.XLOOKUP($N11,'Calculo Leads'!$A$97:$A$134,'Calculo Leads'!H$97:H$134)*_xlfn.XLOOKUP($P11,'Base Grupo de Produtos'!$E$2:$E$18,'Base Grupo de Produtos'!$F$2:$F$18) -> 30 | V11: =_xlfn.XLOOKUP($N11,'Calculo Leads'!$A$97:$A$134,'Calculo Leads'!I$97:I$134)*_xlfn.XLOOKUP($P11,'Base Grupo de Produtos'!$E$2:$E$18,'Base Grupo de Produtos'!$F$2:$F$18) -> 30 | W11: =_xlfn.XLOOKUP($N11,'Calculo Leads'!$A$97:$A$134,'Calculo Leads'!J$97:J$134)*_xlfn.XLOOKUP($P11,'Base Grupo de Produtos'!$E$2:$E$18,'Base Grupo de Produtos'!$F$2:$F$18) -> 30 | X11: =_xlfn.XLOOKUP($N11,'Calculo Leads'!$A$97:$A$134,'Calculo Leads'!K$97:K$134)*_xlfn.XLOOKUP($P11,'Base Grupo de Produtos'!$E$2:$E$18,'Base Grupo de Produtos'!$F$2:$F$18) -> 33 | Y11: =_xlfn.XLOOKUP($N11,'Calculo Leads'!$A$97:$A$134,'Calculo Leads'!L$97:L$134)*_xlfn.XLOOKUP($P11,'Base Grupo de Produtos'!$E$2:$E$18,'Base Grupo de Produtos'!$F$2:$F$18) -> 33 | Z11: =_xlfn.XLOOKUP($N11,'Calculo Leads'!$A$97:$A$134,'Calculo Leads'!M$97:M$134)*_xlfn.XLOOKUP($P11,'Base Grupo de Produtos'!$E$2:$E$18,'Base Grupo de Produtos'!$F$2:$F$18) -> 33 | AA11: =_xlfn.XLOOKUP($N11,'Calculo Leads'!$A$97:$A$134,'Calculo Leads'!N$97:N$134)*_xlfn.XLOOKUP($P11,'Base Grupo de Produtos'!$E$2:$E$18,'Base Grupo de Produtos'!$F$2:$F$18) -> 33 | AB11: =_xlfn.XLOOKUP($N11,'Calculo Leads'!$A$97:$A$134,'Calculo Leads'!O$97:O$134)*_xlfn.XLOOKUP($P11,'Base Grupo de Produtos'!$E$2:$E$18,'Base Grupo de Produtos'!$F$2:$F$18) -> 33 | AC11: =SUM(T11:AB11) -> 285 | AD11: =IF(AC11=0,0,AC11-AG11) -> 285 | AE11: =IFERROR(_xlfn.XLOOKUP(N11&P11,'Historico Vendas'!G:G,'Historico Vendas'!E:E),0) -> 0 | AF11: =IFERROR((AC11-AE11)/AE11,"") | AG11: =IFERROR(_xlfn.XLOOKUP(N11&P11,'Historico Vendas'!G:G,'Historico Vendas'!F:F),0) -> 0 | AH11: =SUM(Q11:S11) -> 268.82571 | AI11: =AH11-AG11 -> 268.82571 | AJ11: =IFERROR(AG11/AH11,"") -> 0 | AK11: Novos | AL11: =IFERROR(INDEX('Balizador da Meta'!$D$3:$F$23,MATCH(Faturamento!$P11,'Balizador da Meta'!$C$3:$C$23,0),MATCH(Faturamento!AK11,'Balizador da Meta'!$D$2:$F$2,0)),"") -> 0.15
A12: =IF(L12=1,"SIM","NÃO") -> NÃO | B12: =_xlfn.XLOOKUP($N12,'Base de Grupos'!$A:$A,'Base de Grupos'!$D:$D) -> 1000065763 | C12: =_xlfn.XLOOKUP($N12,'Base de Grupos'!$A:$A,'Base de Grupos'!$E:$E) -> CANAL VENDA INTERNA | D12: =_xlfn.XLOOKUP($N12,'Base de Grupos'!$A:$A,'Base de Grupos'!$F:$F) -> 1000065763 | E12: =_xlfn.XLOOKUP($N12,'Base de Grupos'!$A:$A,'Base de Grupos'!$G:$G) -> CANAL VENDA INTERNA | F12: =_xlfn.XLOOKUP($N12,'Base de Grupos'!$A:$A,'Base de Grupos'!$H:$H) -> 1000105900 | G12: =_xlfn.XLOOKUP($N12,'Base de Grupos'!$A:$A,'Base de Grupos'!$I:$I) -> REGIONAL VENDA DIRETA CO + NE + NO | H12: =_xlfn.XLOOKUP($N12,'Base de Grupos'!$A:$A,'Base de Grupos'!$J:$J) -> 1000105900 | I12: =_xlfn.XLOOKUP($N12,'Base de Grupos'!$A:$A,'Base de Grupos'!$K:$K) -> REGIONAL VENDA DIRETA CO + NE + NO | J12: =_xlfn.XLOOKUP($N12,'Base de Grupos'!$A:$A,'Base de Grupos'!$L:$L) -> 1000150135 | K12: =_xlfn.XLOOKUP($N12,'Base de Grupos'!$A:$A,'Base de Grupos'!$M:$M) -> HELDER DA SILVA BRUNKOW | L12: =IF(N12<>N11,1,"") | M12: =_xlfn.XLOOKUP($N12,'Base de Grupos'!$A:$A,'Base de Grupos'!$C:$C) -> AP | N12: 1324 | O12: VENDA INTERNA AP | P12: MAIS GRANEL | Q12: 0 | R12: 516.14303 | S12: 602.16687 | T12: =_xlfn.XLOOKUP($N12,'Calculo Leads'!$A$97:$A$134,'Calculo Leads'!G$97:G$134)*_xlfn.XLOOKUP($P12,'Base Grupo de Produtos'!$E$2:$E$18,'Base Grupo de Produtos'!$F$2:$F$18) -> 250 | U12: =_xlfn.XLOOKUP($N12,'Calculo Leads'!$A$97:$A$134,'Calculo Leads'!H$97:H$134)*_xlfn.XLOOKUP($P12,'Base Grupo de Produtos'!$E$2:$E$18,'Base Grupo de Produtos'!$F$2:$F$18) -> 250 | V12: =_xlfn.XLOOKUP($N12,'Calculo Leads'!$A$97:$A$134,'Calculo Leads'!I$97:I$134)*_xlfn.XLOOKUP($P12,'Base Grupo de Produtos'!$E$2:$E$18,'Base Grupo de Produtos'!$F$2:$F$18) -> 250 | W12: =_xlfn.XLOOKUP($N12,'Calculo Leads'!$A$97:$A$134,'Calculo Leads'!J$97:J$134)*_xlfn.XLOOKUP($P12,'Base Grupo de Produtos'!$E$2:$E$18,'Base Grupo de Produtos'!$F$2:$F$18) -> 250 | X12: =_xlfn.XLOOKUP($N12,'Calculo Leads'!$A$97:$A$134,'Calculo Leads'!K$97:K$134)*_xlfn.XLOOKUP($P12,'Base Grupo de Produtos'!$E$2:$E$18,'Base Grupo de Produtos'!$F$2:$F$18) -> 275 | Y12: =_xlfn.XLOOKUP($N12,'Calculo Leads'!$A$97:$A$134,'Calculo Leads'!L$97:L$134)*_xlfn.XLOOKUP($P12,'Base Grupo de Produtos'!$E$2:$E$18,'Base Grupo de Produtos'!$F$2:$F$18) -> 275 | Z12: =_xlfn.XLOOKUP($N12,'Calculo Leads'!$A$97:$A$134,'Calculo Leads'!M$97:M$134)*_xlfn.XLOOKUP($P12,'Base Grupo de Produtos'!$E$2:$E$18,'Base Grupo de Produtos'!$F$2:$F$18) -> 275 | AA12: =_xlfn.XLOOKUP($N12,'Calculo Leads'!$A$97:$A$134,'Calculo Leads'!N$97:N$134)*_xlfn.XLOOKUP($P12,'Base Grupo de Produtos'!$E$2:$E$18,'Base Grupo de Produtos'!$F$2:$F$18) -> 275 | AB12: =_xlfn.XLOOKUP($N12,'Calculo Leads'!$A$97:$A$134,'Calculo Leads'!O$97:O$134)*_xlfn.XLOOKUP($P12,'Base Grupo de Produtos'!$E$2:$E$18,'Base Grupo de Produtos'!$F$2:$F$18) -> 275 | AC12: =SUM(T12:AB12) -> 2375 | AD12: =IF(AC12=0,0,AC12-AG12) -> 2375 | AE12: =IFERROR(_xlfn.XLOOKUP(N12&P12,'Historico Vendas'!G:G,'Historico Vendas'!E:E),0) -> 0 | AF12: =IFERROR((AC12-AE12)/AE12,"") | AG12: =IFERROR(_xlfn.XLOOKUP(N12&P12,'Historico Vendas'!G:G,'Historico Vendas'!F:F),0) -> 0 | AH12: =SUM(Q12:S12) -> 1118.3099 | AI12: =AH12-AG12 -> 1118.3099 | AJ12: =IFERROR(AG12/AH12,"") -> 0 | AK12: Novos | AL12: =IFERROR(INDEX('Balizador da Meta'!$D$3:$F$23,MATCH(Faturamento!$P12,'Balizador da Meta'!$C$3:$C$23,0),MATCH(Faturamento!AK12,'Balizador da Meta'!$D$2:$F$2,0)),"") -> 0
A13: =IF(L13=1,"SIM","NÃO") -> NÃO | B13: =_xlfn.XLOOKUP($N13,'Base de Grupos'!$A:$A,'Base de Grupos'!$D:$D) -> 1000065763 | C13: =_xlfn.XLOOKUP($N13,'Base de Grupos'!$A:$A,'Base de Grupos'!$E:$E) -> CANAL VENDA INTERNA | D13: =_xlfn.XLOOKUP($N13,'Base de Grupos'!$A:$A,'Base de Grupos'!$F:$F) -> 1000065763 | E13: =_xlfn.XLOOKUP($N13,'Base de Grupos'!$A:$A,'Base de Grupos'!$G:$G) -> CANAL VENDA INTERNA | F13: =_xlfn.XLOOKUP($N13,'Base de Grupos'!$A:$A,'Base de Grupos'!$H:$H) -> 1000105900 | G13: =_xlfn.XLOOKUP($N13,'Base de Grupos'!$A:$A,'Base de Grupos'!$I:$I) -> REGIONAL VENDA DIRETA CO + NE + NO | H13: =_xlfn.XLOOKUP($N13,'Base de Grupos'!$A:$A,'Base de Grupos'!$J:$J) -> 1000105900 | I13: =_xlfn.XLOOKUP($N13,'Base de Grupos'!$A:$A,'Base de Grupos'!$K:$K) -> REGIONAL VENDA DIRETA CO + NE + NO | J13: =_xlfn.XLOOKUP($N13,'Base de Grupos'!$A:$A,'Base de Grupos'!$L:$L) -> 1000150135 | K13: =_xlfn.XLOOKUP($N13,'Base de Grupos'!$A:$A,'Base de Grupos'!$M:$M) -> HELDER DA SILVA BRUNKOW | L13: =IF(N13<>N12,1,"") | M13: =_xlfn.XLOOKUP($N13,'Base de Grupos'!$A:$A,'Base de Grupos'!$C:$C) -> AP | N13: 1324 | O13: VENDA INTERNA AP | P13: NATURATTA | Q13: 0 | R13: 627.68571 | S13: 627.68571 | T13: =_xlfn.XLOOKUP($N13,'Calculo Leads'!$A$97:$A$134,'Calculo Leads'!G$97:G$134)*_xlfn.XLOOKUP($P13,'Base Grupo de Produtos'!$E$2:$E$18,'Base Grupo de Produtos'!$F$2:$F$18) -> 50 | U13: =_xlfn.XLOOKUP($N13,'Calculo Leads'!$A$97:$A$134,'Calculo Leads'!H$97:H$134)*_xlfn.XLOOKUP($P13,'Base Grupo de Produtos'!$E$2:$E$18,'Base Grupo de Produtos'!$F$2:$F$18) -> 50 | V13: =_xlfn.XLOOKUP($N13,'Calculo Leads'!$A$97:$A$134,'Calculo Leads'!I$97:I$134)*_xlfn.XLOOKUP($P13,'Base Grupo de Produtos'!$E$2:$E$18,'Base Grupo de Produtos'!$F$2:$F$18) -> 50 | W13: =_xlfn.XLOOKUP($N13,'Calculo Leads'!$A$97:$A$134,'Calculo Leads'!J$97:J$134)*_xlfn.XLOOKUP($P13,'Base Grupo de Produtos'!$E$2:$E$18,'Base Grupo de Produtos'!$F$2:$F$18) -> 50 | X13: =_xlfn.XLOOKUP($N13,'Calculo Leads'!$A$97:$A$134,'Calculo Leads'!K$97:K$134)*_xlfn.XLOOKUP($P13,'Base Grupo de Produtos'!$E$2:$E$18,'Base Grupo de Produtos'!$F$2:$F$18) -> 55 | Y13: =_xlfn.XLOOKUP($N13,'Calculo Leads'!$A$97:$A$134,'Calculo Leads'!L$97:L$134)*_xlfn.XLOOKUP($P13,'Base Grupo de Produtos'!$E$2:$E$18,'Base Grupo de Produtos'!$F$2:$F$18) -> 55 | Z13: =_xlfn.XLOOKUP($N13,'Calculo Leads'!$A$97:$A$134,'Calculo Leads'!M$97:M$134)*_xlfn.XLOOKUP($P13,'Base Grupo de Produtos'!$E$2:$E$18,'Base Grupo de Produtos'!$F$2:$F$18) -> 55 | AA13: =_xlfn.XLOOKUP($N13,'Calculo Leads'!$A$97:$A$134,'Calculo Leads'!N$97:N$134)*_xlfn.XLOOKUP($P13,'Base Grupo de Produtos'!$E$2:$E$18,'Base Grupo de Produtos'!$F$2:$F$18) -> 55 | AB13: =_xlfn.XLOOKUP($N13,'Calculo Leads'!$A$97:$A$134,'Calculo Leads'!O$97:O$134)*_xlfn.XLOOKUP($P13,'Base Grupo de Produtos'!$E$2:$E$18,'Base Grupo de Produtos'!$F$2:$F$18) -> 55 | AC13: =SUM(T13:AB13) -> 475 | AD13: =IF(AC13=0,0,AC13-AG13) -> 475 | AE13: =IFERROR(_xlfn.XLOOKUP(N13&P13,'Historico Vendas'!G:G,'Historico Vendas'!E:E),0) -> 0 | AF13: =IFERROR((AC13-AE13)/AE13,"") | AG13: =IFERROR(_xlfn.XLOOKUP(N13&P13,'Historico Vendas'!G:G,'Historico Vendas'!F:F),0) -> 0 | AH13: =SUM(Q13:S13) -> 1255.3714 | AI13: =AH13-AG13 -> 1255.3714 | AJ13: =IFERROR(AG13/AH13,"") -> 0 | AK13: Novos | AL13: =IFERROR(INDEX('Balizador da Meta'!$D$3:$F$23,MATCH(Faturamento!$P13,'Balizador da Meta'!$C$3:$C$23,0),MATCH(Faturamento!AK13,'Balizador da Meta'!$D$2:$F$2,0)),"") -> 0.25
A14: =IF(L14=1,"SIM","NÃO") -> NÃO | B14: =_xlfn.XLOOKUP($N14,'Base de Grupos'!$A:$A,'Base de Grupos'!$D:$D) -> 1000065763 | C14: =_xlfn.XLOOKUP($N14,'Base de Grupos'!$A:$A,'Base de Grupos'!$E:$E) -> CANAL VENDA INTERNA | D14: =_xlfn.XLOOKUP($N14,'Base de Grupos'!$A:$A,'Base de Grupos'!$F:$F) -> 1000065763 | E14: =_xlfn.XLOOKUP($N14,'Base de Grupos'!$A:$A,'Base de Grupos'!$G:$G) -> CANAL VENDA INTERNA | F14: =_xlfn.XLOOKUP($N14,'Base de Grupos'!$A:$A,'Base de Grupos'!$H:$H) -> 1000105900 | G14: =_xlfn.XLOOKUP($N14,'Base de Grupos'!$A:$A,'Base de Grupos'!$I:$I) -> REGIONAL VENDA DIRETA CO + NE + NO | H14: =_xlfn.XLOOKUP($N14,'Base de Grupos'!$A:$A,'Base de Grupos'!$J:$J) -> 1000105900 | I14: =_xlfn.XLOOKUP($N14,'Base de Grupos'!$A:$A,'Base de Grupos'!$K:$K) -> REGIONAL VENDA DIRETA CO + NE + NO | J14: =_xlfn.XLOOKUP($N14,'Base de Grupos'!$A:$A,'Base de Grupos'!$L:$L) -> 1000150135 | K14: =_xlfn.XLOOKUP($N14,'Base de Grupos'!$A:$A,'Base de Grupos'!$M:$M) -> HELDER DA SILVA BRUNKOW | L14: =IF(N14<>N13,1,"") | M14: =_xlfn.XLOOKUP($N14,'Base de Grupos'!$A:$A,'Base de Grupos'!$C:$C) -> AP | N14: 1324 | O14: VENDA INTERNA AP | P14: REEMBALADOS | Q14: 0 | R14: 119.60089 | S14: 239.20178 | T14: =_xlfn.XLOOKUP($N14,'Calculo Leads'!$A$97:$A$134,'Calculo Leads'!G$97:G$134)*_xlfn.XLOOKUP($P14,'Base Grupo de Produtos'!$E$2:$E$18,'Base Grupo de Produtos'!$F$2:$F$18) -> 50 | U14: =_xlfn.XLOOKUP($N14,'Calculo Leads'!$A$97:$A$134,'Calculo Leads'!H$97:H$134)*_xlfn.XLOOKUP($P14,'Base Grupo de Produtos'!$E$2:$E$18,'Base Grupo de Produtos'!$F$2:$F$18) -> 50 | V14: =_xlfn.XLOOKUP($N14,'Calculo Leads'!$A$97:$A$134,'Calculo Leads'!I$97:I$134)*_xlfn.XLOOKUP($P14,'Base Grupo de Produtos'!$E$2:$E$18,'Base Grupo de Produtos'!$F$2:$F$18) -> 50 | W14: =_xlfn.XLOOKUP($N14,'Calculo Leads'!$A$97:$A$134,'Calculo Leads'!J$97:J$134)*_xlfn.XLOOKUP($P14,'Base Grupo de Produtos'!$E$2:$E$18,'Base Grupo de Produtos'!$F$2:$F$18) -> 50 | X14: =_xlfn.XLOOKUP($N14,'Calculo Leads'!$A$97:$A$134,'Calculo Leads'!K$97:K$134)*_xlfn.XLOOKUP($P14,'Base Grupo de Produtos'!$E$2:$E$18,'Base Grupo de Produtos'!$F$2:$F$18) -> 55 | Y14: =_xlfn.XLOOKUP($N14,'Calculo Leads'!$A$97:$A$134,'Calculo Leads'!L$97:L$134)*_xlfn.XLOOKUP($P14,'Base Grupo de Produtos'!$E$2:$E$18,'Base Grupo de Produtos'!$F$2:$F$18) -> 55 | Z14: =_xlfn.XLOOKUP($N14,'Calculo Leads'!$A$97:$A$134,'Calculo Leads'!M$97:M$134)*_xlfn.XLOOKUP($P14,'Base Grupo de Produtos'!$E$2:$E$18,'Base Grupo de Produtos'!$F$2:$F$18) -> 55 | AA14: =_xlfn.XLOOKUP($N14,'Calculo Leads'!$A$97:$A$134,'Calculo Leads'!N$97:N$134)*_xlfn.XLOOKUP($P14,'Base Grupo de Produtos'!$E$2:$E$18,'Base Grupo de Produtos'!$F$2:$F$18) -> 55 | AB14: =_xlfn.XLOOKUP($N14,'Calculo Leads'!$A$97:$A$134,'Calculo Leads'!O$97:O$134)*_xlfn.XLOOKUP($P14,'Base Grupo de Produtos'!$E$2:$E$18,'Base Grupo de Produtos'!$F$2:$F$18) -> 55 | AC14: =SUM(T14:AB14) -> 475 | AD14: =IF(AC14=0,0,AC14-AG14) -> 475 | AE14: =IFERROR(_xlfn.XLOOKUP(N14&P14,'Historico Vendas'!G:G,'Historico Vendas'!E:E),0) -> 0 | AF14: =IFERROR((AC14-AE14)/AE14,"") | AG14: =IFERROR(_xlfn.XLOOKUP(N14&P14,'Historico Vendas'!G:G,'Historico Vendas'!F:F),0) -> 0 | AH14: =SUM(Q14:S14) -> 358.80267 | AI14: =AH14-AG14 -> 358.80267 | AJ14: =IFERROR(AG14/AH14,"") -> 0 | AK14: Novos | AL14: =IFERROR(INDEX('Balizador da Meta'!$D$3:$F$23,MATCH(Faturamento!$P14,'Balizador da Meta'!$C$3:$C$23,0),MATCH(Faturamento!AK14,'Balizador da Meta'!$D$2:$F$2,0)),"") -> 0
A15: =IF(L15=1,"SIM","NÃO") -> NÃO | B15: =_xlfn.XLOOKUP($N15,'Base de Grupos'!$A:$A,'Base de Grupos'!$D:$D) -> 1000065763 | C15: =_xlfn.XLOOKUP($N15,'Base de Grupos'!$A:$A,'Base de Grupos'!$E:$E) -> CANAL VENDA INTERNA | D15: =_xlfn.XLOOKUP($N15,'Base de Grupos'!$A:$A,'Base de Grupos'!$F:$F) -> 1000065763 | E15: =_xlfn.XLOOKUP($N15,'Base de Grupos'!$A:$A,'Base de Grupos'!$G:$G) -> CANAL VENDA INTERNA | F15: =_xlfn.XLOOKUP($N15,'Base de Grupos'!$A:$A,'Base de Grupos'!$H:$H) -> 1000105900 | G15: =_xlfn.XLOOKUP($N15,'Base de Grupos'!$A:$A,'Base de Grupos'!$I:$I) -> REGIONAL VENDA DIRETA CO + NE + NO | H15: =_xlfn.XLOOKUP($N15,'Base de Grupos'!$A:$A,'Base de Grupos'!$J:$J) -> 1000105900 | I15: =_xlfn.XLOOKUP($N15,'Base de Grupos'!$A:$A,'Base de Grupos'!$K:$K) -> REGIONAL VENDA DIRETA CO + NE + NO | J15: =_xlfn.XLOOKUP($N15,'Base de Grupos'!$A:$A,'Base de Grupos'!$L:$L) -> 1000150135 | K15: =_xlfn.XLOOKUP($N15,'Base de Grupos'!$A:$A,'Base de Grupos'!$M:$M) -> HELDER DA SILVA BRUNKOW | L15: =IF(N15<>N14,1,"") | M15: =_xlfn.XLOOKUP($N15,'Base de Grupos'!$A:$A,'Base de Grupos'!$C:$C) -> AP | N15: 1324 | O15: VENDA INTERNA AP | P15: S GLUTEN | Q15: 0 | R15: 204.3693 | S15: 204.3693 | T15: =_xlfn.XLOOKUP($N15,'Calculo Leads'!$A$97:$A$134,'Calculo Leads'!G$97:G$134)*_xlfn.XLOOKUP($P15,'Base Grupo de Produtos'!$E$2:$E$18,'Base Grupo de Produtos'!$F$2:$F$18) -> 50 | U15: =_xlfn.XLOOKUP($N15,'Calculo Leads'!$A$97:$A$134,'Calculo Leads'!H$97:H$134)*_xlfn.XLOOKUP($P15,'Base Grupo de Produtos'!$E$2:$E$18,'Base Grupo de Produtos'!$F$2:$F$18) -> 50 | V15: =_xlfn.XLOOKUP($N15,'Calculo Leads'!$A$97:$A$134,'Calculo Leads'!I$97:I$134)*_xlfn.XLOOKUP($P15,'Base Grupo de Produtos'!$E$2:$E$18,'Base Grupo de Produtos'!$F$2:$F$18) -> 50 | W15: =_xlfn.XLOOKUP($N15,'Calculo Leads'!$A$97:$A$134,'Calculo Leads'!J$97:J$134)*_xlfn.XLOOKUP($P15,'Base Grupo de Produtos'!$E$2:$E$18,'Base Grupo de Produtos'!$F$2:$F$18) -> 50 | X15: =_xlfn.XLOOKUP($N15,'Calculo Leads'!$A$97:$A$134,'Calculo Leads'!K$97:K$134)*_xlfn.XLOOKUP($P15,'Base Grupo de Produtos'!$E$2:$E$18,'Base Grupo de Produtos'!$F$2:$F$18) -> 55 | Y15: =_xlfn.XLOOKUP($N15,'Calculo Leads'!$A$97:$A$134,'Calculo Leads'!L$97:L$134)*_xlfn.XLOOKUP($P15,'Base Grupo de Produtos'!$E$2:$E$18,'Base Grupo de Produtos'!$F$2:$F$18) -> 55 | Z15: =_xlfn.XLOOKUP($N15,'Calculo Leads'!$A$97:$A$134,'Calculo Leads'!M$97:M$134)*_xlfn.XLOOKUP($P15,'Base Grupo de Produtos'!$E$2:$E$18,'Base Grupo de Produtos'!$F$2:$F$18) -> 55 | AA15: =_xlfn.XLOOKUP($N15,'Calculo Leads'!$A$97:$A$134,'Calculo Leads'!N$97:N$134)*_xlfn.XLOOKUP($P15,'Base Grupo de Produtos'!$E$2:$E$18,'Base Grupo de Produtos'!$F$2:$F$18) -> 55 | AB15: =_xlfn.XLOOKUP($N15,'Calculo Leads'!$A$97:$A$134,'Calculo Leads'!O$97:O$134)*_xlfn.XLOOKUP($P15,'Base Grupo de Produtos'!$E$2:$E$18,'Base Grupo de Produtos'!$F$2:$F$18) -> 55 | AC15: =SUM(T15:AB15) -> 475 | AD15: =IF(AC15=0,0,AC15-AG15) -> 475 | AE15: =IFERROR(_xlfn.XLOOKUP(N15&P15,'Historico Vendas'!G:G,'Historico Vendas'!E:E),0) -> 0 | AF15: =IFERROR((AC15-AE15)/AE15,"") | AG15: =IFERROR(_xlfn.XLOOKUP(N15&P15,'Historico Vendas'!G:G,'Historico Vendas'!F:F),0) -> 0 | AH15: =SUM(Q15:S15) -> 408.7386 | AI15: =AH15-AG15 -> 408.7386 | AJ15: =IFERROR(AG15/AH15,"") -> 0 | AK15: Novos | AL15: =IFERROR(INDEX('Balizador da Meta'!$D$3:$F$23,MATCH(Faturamento!$P15,'Balizador da Meta'!$C$3:$C$23,0),MATCH(Faturamento!AK15,'Balizador da Meta'!$D$2:$F$2,0)),"") -> 0
... A20: =IF(L20=1,"SIM","NÃO") -> NÃO | B20: =_xlfn.XLOOKUP($N20,'Base de Grupos'!$A:$A,'Base de Grupos'!$D:$D) -> 1000065763 | C20: =_xlfn.XLOOKUP($N20,'Base de Grupos'!$A:$A,'Base de Grupos'!$E:$E) -> CANAL VENDA INTERNA | D20: =_xlfn.XLOOKUP($N20,'Base de Grupos'!$A:$A,'Base de Grupos'!$F:$F) -> 1000065763 | E20: =_xlfn.XLOOKUP($N20,'Base de Grupos'!$A:$A,'Base de Grupos'!$G:$G) -> CANAL VENDA INTERNA | F20: =_xlfn.XLOOKUP($N20,'Base de Grupos'!$A:$A,'Base de Grupos'!$H:$H) -> 1000105900 | G20: =_xlfn.XLOOKUP($N20,'Base de Grupos'!$A:$A,'Base de Grupos'!$I:$I) -> REGIONAL VENDA DIRETA CO + NE + NO | H20: =_xlfn.XLOOKUP($N20,'Base de Grupos'!$A:$A,'Base de Grupos'!$J:$J) -> 1000105900 | I20: =_xlfn.XLOOKUP($N20,'Base de Grupos'!$A:$A,'Base de Grupos'!$K:$K) -> REGIONAL VENDA DIRETA CO + NE + NO | J20: =_xlfn.XLOOKUP($N20,'Base de Grupos'!$A:$A,'Base de Grupos'!$L:$L) -> 1000150135 | K20: =_xlfn.XLOOKUP($N20,'Base de Grupos'!$A:$A,'Base de Grupos'!$M:$M) -> HELDER DA SILVA BRUNKOW | L20: =IF(N20<>N19,1,"") | M20: =_xlfn.XLOOKUP($N20,'Base de Grupos'!$A:$A,'Base de Grupos'!$C:$C) -> AP | N20: 1324 | O20: VENDA INTERNA AP | P20: VICCIO | Q20: 0 | R20: 585.9744 | S20: 585.9744 | T20: =_xlfn.XLOOKUP($N20,'Calculo Leads'!$A$97:$A$134,'Calculo Leads'!G$97:G$134)*_xlfn.XLOOKUP($P20,'Base Grupo de Produtos'!$E$2:$E$18,'Base Grupo de Produtos'!$F$2:$F$18) -> 30 | U20: =_xlfn.XLOOKUP($N20,'Calculo Leads'!$A$97:$A$134,'Calculo Leads'!H$97:H$134)*_xlfn.XLOOKUP($P20,'Base Grupo de Produtos'!$E$2:$E$18,'Base Grupo de Produtos'!$F$2:$F$18) -> 30 | V20: =_xlfn.XLOOKUP($N20,'Calculo Leads'!$A$97:$A$134,'Calculo Leads'!I$97:I$134)*_xlfn.XLOOKUP($P20,'Base Grupo de Produtos'!$E$2:$E$18,'Base Grupo de Produtos'!$F$2:$F$18) -> 30 | W20: =_xlfn.XLOOKUP($N20,'Calculo Leads'!$A$97:$A$134,'Calculo Leads'!J$97:J$134)*_xlfn.XLOOKUP($P20,'Base Grupo de Produtos'!$E$2:$E$18,'Base Grupo de Produtos'!$F$2:$F$18) -> 30 | X20: =_xlfn.XLOOKUP($N20,'Calculo Leads'!$A$97:$A$134,'Calculo Leads'!K$97:K$134)*_xlfn.XLOOKUP($P20,'Base Grupo de Produtos'!$E$2:$E$18,'Base Grupo de Produtos'!$F$2:$F$18) -> 33 | Y20: =_xlfn.XLOOKUP($N20,'Calculo Leads'!$A$97:$A$134,'Calculo Leads'!L$97:L$134)*_xlfn.XLOOKUP($P20,'Base Grupo de Produtos'!$E$2:$E$18,'Base Grupo de Produtos'!$F$2:$F$18) -> 33 | Z20: =_xlfn.XLOOKUP($N20,'Calculo Leads'!$A$97:$A$134,'Calculo Leads'!M$97:M$134)*_xlfn.XLOOKUP($P20,'Base Grupo de Produtos'!$E$2:$E$18,'Base Grupo de Produtos'!$F$2:$F$18) -> 33 | AA20: =_xlfn.XLOOKUP($N20,'Calculo Leads'!$A$97:$A$134,'Calculo Leads'!N$97:N$134)*_xlfn.XLOOKUP($P20,'Base Grupo de Produtos'!$E$2:$E$18,'Base Grupo de Produtos'!$F$2:$F$18) -> 33 | AB20: =_xlfn.XLOOKUP($N20,'Calculo Leads'!$A$97:$A$134,'Calculo Leads'!O$97:O$134)*_xlfn.XLOOKUP($P20,'Base Grupo de Produtos'!$E$2:$E$18,'Base Grupo de Produtos'!$F$2:$F$18) -> 33 | AC20: =SUM(T20:AB20) -> 285 | AD20: =IF(AC20=0,0,AC20-AG20) -> 285 | AE20: =IFERROR(_xlfn.XLOOKUP(N20&P20,'Historico Vendas'!G:G,'Historico Vendas'!E:E),0) -> 0 | AF20: =IFERROR((AC20-AE20)/AE20,"") | AG20: =IFERROR(_xlfn.XLOOKUP(N20&P20,'Historico Vendas'!G:G,'Historico Vendas'!F:F),0) -> 0 | AH20: =SUM(Q20:S20) -> 1171.9488 | AI20: =AH20-AG20 -> 1171.9488 | AJ20: =IFERROR(AG20/AH20,"") -> 0 | AK20: Novos | AL20: =IFERROR(INDEX('Balizador da Meta'!$D$3:$F$23,MATCH(Faturamento!$P20,'Balizador da Meta'!$C$3:$C$23,0),MATCH(Faturamento!AK20,'Balizador da Meta'!$D$2:$F$2,0)),"") -> 0.2
A21: =IF(L21=1,"SIM","NÃO") -> SIM | B21: =_xlfn.XLOOKUP($N21,'Base de Grupos'!$A:$A,'Base de Grupos'!$D:$D) -> 1000065763 | C21: =_xlfn.XLOOKUP($N21,'Base de Grupos'!$A:$A,'Base de Grupos'!$E:$E) -> CANAL VENDA INTERNA | D21: =_xlfn.XLOOKUP($N21,'Base de Grupos'!$A:$A,'Base de Grupos'!$F:$F) -> 1000065763 | E21: =_xlfn.XLOOKUP($N21,'Base de Grupos'!$A:$A,'Base de Grupos'!$G:$G) -> CANAL VENDA INTERNA | F21: =_xlfn.XLOOKUP($N21,'Base de Grupos'!$A:$A,'Base de Grupos'!$H:$H) -> 1000105900 | G21: =_xlfn.XLOOKUP($N21,'Base de Grupos'!$A:$A,'Base de Grupos'!$I:$I) -> REGIONAL VENDA DIRETA CO + NE + NO | H21: =_xlfn.XLOOKUP($N21,'Base de Grupos'!$A:$A,'Base de Grupos'!$J:$J) -> 1000105900 | I21: =_xlfn.XLOOKUP($N21,'Base de Grupos'!$A:$A,'Base de Grupos'!$K:$K) -> REGIONAL VENDA DIRETA CO + NE + NO | J21: =_xlfn.XLOOKUP($N21,'Base de Grupos'!$A:$A,'Base de Grupos'!$L:$L) -> 1000150135 | K21: =_xlfn.XLOOKUP($N21,'Base de Grupos'!$A:$A,'Base de Grupos'!$M:$M) -> HELDER DA SILVA BRUNKOW | L21: =IF(N21<>N20,1,"") -> 1 | M21: =_xlfn.XLOOKUP($N21,'Base de Grupos'!$A:$A,'Base de Grupos'!$C:$C) -> RN | N21: 1325 | O21: VENDA INTERNA RN | P21: 1. TOTAL - VENDA INTERNA RN | Q21: =SUM(Q22:Q38) -> 0 | R21: =SUM(R22:R38) -> 10568.294 | S21: =SUM(S22:S38) -> 12029.079 | T21: =SUM(T22:T38) -> 3000 | U21: =SUM(U22:U38) -> 3000 | V21: =SUM(V22:V38) -> 4000 | W21: =SUM(W22:W38) -> 5000 | X21: =SUM(X22:X38) -> 5500 | ... AE21: =SUM(AE22:AE38) -> 0 | AF21: =IFERROR((AC21-AE21)/AE21,"") | AG21: =SUM(AG22:AG38) -> 0 | AH21: =SUM(AH22:AH38) -> 22597.373 | AI21: =SUM(AI22:AI38) -> 22597.373 | AJ21: =IFERROR(AG21/AH21,"") -> 0
A22: =IF(L22=1,"SIM","NÃO") -> NÃO | B22: =_xlfn.XLOOKUP($N22,'Base de Grupos'!$A:$A,'Base de Grupos'!$D:$D) -> 1000065763 | C22: =_xlfn.XLOOKUP($N22,'Base de Grupos'!$A:$A,'Base de Grupos'!$E:$E) -> CANAL VENDA INTERNA | D22: =_xlfn.XLOOKUP($N22,'Base de Grupos'!$A:$A,'Base de Grupos'!$F:$F) -> 1000065763 | E22: =_xlfn.XLOOKUP($N22,'Base de Grupos'!$A:$A,'Base de Grupos'!$G:$G) -> CANAL VENDA INTERNA | F22: =_xlfn.XLOOKUP($N22,'Base de Grupos'!$A:$A,'Base de Grupos'!$H:$H) -> 1000105900 | G22: =_xlfn.XLOOKUP($N22,'Base de Grupos'!$A:$A,'Base de Grupos'!$I:$I) -> REGIONAL VENDA DIRETA CO + NE + NO | H22: =_xlfn.XLOOKUP($N22,'Base de Grupos'!$A:$A,'Base de Grupos'!$J:$J) -> 1000105900 | I22: =_xlfn.XLOOKUP($N22,'Base de Grupos'!$A:$A,'Base de Grupos'!$K:$K) -> REGIONAL VENDA DIRETA CO + NE + NO | J22: =_xlfn.XLOOKUP($N22,'Base de Grupos'!$A:$A,'Base de Grupos'!$L:$L) -> 1000150135 | K22: =_xlfn.XLOOKUP($N22,'Base de Grupos'!$A:$A,'Base de Grupos'!$M:$M) -> HELDER DA SILVA BRUNKOW | L22: =IF(N22<>N21,1,"") | M22: =_xlfn.XLOOKUP($N22,'Base de Grupos'!$A:$A,'Base de Grupos'!$C:$C) -> RN | N22: 1325 | O22: VENDA INTERNA RN | P22: BISCOITO | Q22: 0 | R22: 404.38861 | S22: 505.48576 | T22: =_xlfn.XLOOKUP($N22,'Calculo Leads'!$A$97:$A$134,'Calculo Leads'!G$97:G$134)*_xlfn.XLOOKUP($P22,'Base Grupo de Produtos'!$E$2:$E$18,'Base Grupo de Produtos'!$F$2:$F$18) -> 150 | U22: =_xlfn.XLOOKUP($N22,'Calculo Leads'!$A$97:$A$134,'Calculo Leads'!H$97:H$134)*_xlfn.XLOOKUP($P22,'Base Grupo de Produtos'!$E$2:$E$18,'Base Grupo de Produtos'!$F$2:$F$18) -> 150 | V22: =_xlfn.XLOOKUP($N22,'Calculo Leads'!$A$97:$A$134,'Calculo Leads'!I$97:I$134)*_xlfn.XLOOKUP($P22,'Base Grupo de Produtos'!$E$2:$E$18,'Base Grupo de Produtos'!$F$2:$F$18) -> 200 | W22: =_xlfn.XLOOKUP($N22,'Calculo Leads'!$A$97:$A$134,'Calculo Leads'!J$97:J$134)*_xlfn.XLOOKUP($P22,'Base Grupo de Produtos'!$E$2:$E$18,'Base Grupo de Produtos'!$F$2:$F$18) -> 250 | X22: =_xlfn.XLOOKUP($N22,'Calculo Leads'!$A$97:$A$134,'Calculo Leads'!K$97:K$134)*_xlfn.XLOOKUP($P22,'Base Grupo de Produtos'!$E$2:$E$18,'Base Grupo de Produtos'!$F$2:$F$18) -> 275 | Y22: =_xlfn.XLOOKUP($N22,'Calculo Leads'!$A$97:$A$134,'Calculo Leads'!L$97:L$134)*_xlfn.XLOOKUP($P22,'Base Grupo de Produtos'!$E$2:$E$18,'Base Grupo de Produtos'!$F$2:$F$18) -> 385 | Z22: =_xlfn.XLOOKUP($N22,'Calculo Leads'!$A$97:$A$134,'Calculo Leads'!M$97:M$134)*_xlfn.XLOOKUP($P22,'Base Grupo de Produtos'!$E$2:$E$18,'Base Grupo de Produtos'!$F$2:$F$18) -> 385 | AA22: =_xlfn.XLOOKUP($N22,'Calculo Leads'!$A$97:$A$134,'Calculo Leads'!N$97:N$134)*_xlfn.XLOOKUP($P22,'Base Grupo de Produtos'!$E$2:$E$18,'Base Grupo de Produtos'!$F$2:$F$18) -> 440 | AB22: =_xlfn.XLOOKUP($N22,'Calculo Leads'!$A$97:$A$134,'Calculo Leads'!O$97:O$134)*_xlfn.XLOOKUP($P22,'Base Grupo de Produtos'!$E$2:$E$18,'Base Grupo de Produtos'!$F$2:$F$18) -> 330 | AC22: =SUM(T22:AB22) -> 2565 | AD22: =IF(AC22=0,0,AC22-AG22) -> 2565 | AE22: =IFERROR(_xlfn.XLOOKUP(N22&P22,'Historico Vendas'!G:G,'Historico Vendas'!E:E),0) -> 0 | AF22: =IFERROR((AC22-AE22)/AE22,"") | AG22: =IFERROR(_xlfn.XLOOKUP(N22&P22,'Historico Vendas'!G:G,'Historico Vendas'!F:F),0) -> 0 | AH22: =SUM(Q22:S22) -> 909.87436 | AI22: =AH22-AG22 -> 909.87436 | AJ22: =IFERROR(AG22/AH22,"") -> 0 | AK22: Novos | AL22: =IFERROR(INDEX('Balizador da Meta'!$D$3:$F$23,MATCH(Faturamento!$P22,'Balizador da Meta'!$C$3:$C$23,0),MATCH(Faturamento!AK22,'Balizador da Meta'!$D$2:$F$2,0)),"") -> 0.2
A23: =IF(L23=1,"SIM","NÃO") -> NÃO | B23: =_xlfn.XLOOKUP($N23,'Base de Grupos'!$A:$A,'Base de Grupos'!$D:$D) -> 1000065763 | C23: =_xlfn.XLOOKUP($N23,'Base de Grupos'!$A:$A,'Base de Grupos'!$E:$E) -> CANAL VENDA INTERNA | D23: =_xlfn.XLOOKUP($N23,'Base de Grupos'!$A:$A,'Base de Grupos'!$F:$F) -> 1000065763 | E23: =_xlfn.XLOOKUP($N23,'Base de Grupos'!$A:$A,'Base de Grupos'!$G:$G) -> CANAL VENDA INTERNA | F23: =_xlfn.XLOOKUP($N23,'Base de Grupos'!$A:$A,'Base de Grupos'!$H:$H) -> 1000105900 | G23: =_xlfn.XLOOKUP($N23,'Base de Grupos'!$A:$A,'Base de Grupos'!$I:$I) -> REGIONAL VENDA DIRETA CO + NE + NO | H23: =_xlfn.XLOOKUP($N23,'Base de Grupos'!$A:$A,'Base de Grupos'!$J:$J) -> 1000105900 | I23: =_xlfn.XLOOKUP($N23,'Base de Grupos'!$A:$A,'Base de Grupos'!$K:$K) -> REGIONAL VENDA DIRETA CO + NE + NO | J23: =_xlfn.XLOOKUP($N23,'Base de Grupos'!$A:$A,'Base de Grupos'!$L:$L) -> 1000150135 | K23: =_xlfn.XLOOKUP($N23,'Base de Grupos'!$A:$A,'Base de Grupos'!$M:$M) -> HELDER DA SILVA BRUNKOW | L23: =IF(N23<>N22,1,"") | M23: =_xlfn.XLOOKUP($N23,'Base de Grupos'!$A:$A,'Base de Grupos'!$C:$C) -> RN | N23: 1325 | O23: VENDA INTERNA RN | P23: CHOCOLATES | Q23: 0 | R23: 2462.0565 | S23: 2872.3992 | T23: =_xlfn.XLOOKUP($N23,'Calculo Leads'!$A$97:$A$134,'Calculo Leads'!G$97:G$134)*_xlfn.XLOOKUP($P23,'Base Grupo de Produtos'!$E$2:$E$18,'Base Grupo de Produtos'!$F$2:$F$18) -> 150 | U23: =_xlfn.XLOOKUP($N23,'Calculo Leads'!$A$97:$A$134,'Calculo Leads'!H$97:H$134)*_xlfn.XLOOKUP($P23,'Base Grupo de Produtos'!$E$2:$E$18,'Base Grupo de Produtos'!$F$2:$F$18) -> 150 | V23: =_xlfn.XLOOKUP($N23,'Calculo Leads'!$A$97:$A$134,'Calculo Leads'!I$97:I$134)*_xlfn.XLOOKUP($P23,'Base Grupo de Produtos'!$E$2:$E$18,'Base Grupo de Produtos'!$F$2:$F$18) -> 200 | W23: =_xlfn.XLOOKUP($N23,'Calculo Leads'!$A$97:$A$134,'Calculo Leads'!J$97:J$134)*_xlfn.XLOOKUP($P23,'Base Grupo de Produtos'!$E$2:$E$18,'Base Grupo de Produtos'!$F$2:$F$18) -> 250 | X23: =_xlfn.XLOOKUP($N23,'Calculo Leads'!$A$97:$A$134,'Calculo Leads'!K$97:K$134)*_xlfn.XLOOKUP($P23,'Base Grupo de Produtos'!$E$2:$E$18,'Base Grupo de Produtos'!$F$2:$F$18) -> 275 | Y23: =_xlfn.XLOOKUP($N23,'Calculo Leads'!$A$97:$A$134,'Calculo Leads'!L$97:L$134)*_xlfn.XLOOKUP($P23,'Base Grupo de Produtos'!$E$2:$E$18,'Base Grupo de Produtos'!$F$2:$F$18) -> 385 | Z23: =_xlfn.XLOOKUP($N23,'Calculo Leads'!$A$97:$A$134,'Calculo Leads'!M$97:M$134)*_xlfn.XLOOKUP($P23,'Base Grupo de Produtos'!$E$2:$E$18,'Base Grupo de Produtos'!$F$2:$F$18) -> 385 | AA23: =_xlfn.XLOOKUP($N23,'Calculo Leads'!$A$97:$A$134,'Calculo Leads'!N$97:N$134)*_xlfn.XLOOKUP($P23,'Base Grupo de Produtos'!$E$2:$E$18,'Base Grupo de Produtos'!$F$2:$F$18) -> 440 | AB23: =_xlfn.XLOOKUP($N23,'Calculo Leads'!$A$97:$A$134,'Calculo Leads'!O$97:O$134)*_xlfn.XLOOKUP($P23,'Base Grupo de Produtos'!$E$2:$E$18,'Base Grupo de Produtos'!$F$2:$F$18) -> 330 | AC23: =SUM(T23:AB23) -> 2565 | AD23: =IF(AC23=0,0,AC23-AG23) -> 2565 | AE23: =IFERROR(_xlfn.XLOOKUP(N23&P23,'Historico Vendas'!G:G,'Historico Vendas'!E:E),0) -> 0 | AF23: =IFERROR((AC23-AE23)/AE23,"") | AG23: =IFERROR(_xlfn.XLOOKUP(N23&P23,'Historico Vendas'!G:G,'Historico Vendas'!F:F),0) -> 0 | AH23: =SUM(Q23:S23) -> 5334.4557 | AI23: =AH23-AG23 -> 5334.4557 | AJ23: =IFERROR(AG23/AH23,"") -> 0 | AK23: Novos | AL23: =IFERROR(INDEX('Balizador da Meta'!$D$3:$F$23,MATCH(Faturamento!$P23,'Balizador da Meta'!$C$3:$C$23,0),MATCH(Faturamento!AK23,'Balizador da Meta'!$D$2:$F$2,0)),"") -> 0.2
A24: =IF(L24=1,"SIM","NÃO") -> NÃO | B24: =_xlfn.XLOOKUP($N24,'Base de Grupos'!$A:$A,'Base de Grupos'!$D:$D) -> 1000065763 | C24: =_xlfn.XLOOKUP($N24,'Base de Grupos'!$A:$A,'Base de Grupos'!$E:$E) -> CANAL VENDA INTERNA | D24: =_xlfn.XLOOKUP($N24,'Base de Grupos'!$A:$A,'Base de Grupos'!$F:$F) -> 1000065763 | E24: =_xlfn.XLOOKUP($N24,'Base de Grupos'!$A:$A,'Base de Grupos'!$G:$G) -> CANAL VENDA INTERNA | F24: =_xlfn.XLOOKUP($N24,'Base de Grupos'!$A:$A,'Base de Grupos'!$H:$H) -> 1000105900 | G24: =_xlfn.XLOOKUP($N24,'Base de Grupos'!$A:$A,'Base de Grupos'!$I:$I) -> REGIONAL VENDA DIRETA CO + NE + NO | H24: =_xlfn.XLOOKUP($N24,'Base de Grupos'!$A:$A,'Base de Grupos'!$J:$J) -> 1000105900 | I24: =_xlfn.XLOOKUP($N24,'Base de Grupos'!$A:$A,'Base de Grupos'!$K:$K) -> REGIONAL VENDA DIRETA CO + NE + NO | J24: =_xlfn.XLOOKUP($N24,'Base de Grupos'!$A:$A,'Base de Grupos'!$L:$L) -> 1000150135 | K24: =_xlfn.XLOOKUP($N24,'Base de Grupos'!$A:$A,'Base de Grupos'!$M:$M) -> HELDER DA SILVA BRUNKOW | L24: =IF(N24<>N23,1,"") | M24: =_xlfn.XLOOKUP($N24,'Base de Grupos'!$A:$A,'Base de Grupos'!$C:$C) -> RN | N24: 1325 | O24: VENDA INTERNA RN | P24: DISNEY | Q24: 0 | R24: 441.51511 | S24: 551.89389 | T24: =_xlfn.XLOOKUP($N24,'Calculo Leads'!$A$97:$A$134,'Calculo Leads'!G$97:G$134)*_xlfn.XLOOKUP($P24,'Base Grupo de Produtos'!$E$2:$E$18,'Base Grupo de Produtos'!$F$2:$F$18) -> 240 | U24: =_xlfn.XLOOKUP($N24,'Calculo Leads'!$A$97:$A$134,'Calculo Leads'!H$97:H$134)*_xlfn.XLOOKUP($P24,'Base Grupo de Produtos'!$E$2:$E$18,'Base Grupo de Produtos'!$F$2:$F$18) -> 240 | V24: =_xlfn.XLOOKUP($N24,'Calculo Leads'!$A$97:$A$134,'Calculo Leads'!I$97:I$134)*_xlfn.XLOOKUP($P24,'Base Grupo de Produtos'!$E$2:$E$18,'Base Grupo de Produtos'!$F$2:$F$18) -> 320 | W24: =_xlfn.XLOOKUP($N24,'Calculo Leads'!$A$97:$A$134,'Calculo Leads'!J$97:J$134)*_xlfn.XLOOKUP($P24,'Base Grupo de Produtos'!$E$2:$E$18,'Base Grupo de Produtos'!$F$2:$F$18) -> 400 | X24: =_xlfn.XLOOKUP($N24,'Calculo Leads'!$A$97:$A$134,'Calculo Leads'!K$97:K$134)*_xlfn.XLOOKUP($P24,'Base Grupo de Produtos'!$E$2:$E$18,'Base Grupo de Produtos'!$F$2:$F$18) -> 440 | Y24: =_xlfn.XLOOKUP($N24,'Calculo Leads'!$A$97:$A$134,'Calculo Leads'!L$97:L$134)*_xlfn.XLOOKUP($P24,'Base Grupo de Produtos'!$E$2:$E$18,'Base Grupo de Produtos'!$F$2:$F$18) -> 616 | Z24: =_xlfn.XLOOKUP($N24,'Calculo Leads'!$A$97:$A$134,'Calculo Leads'!M$97:M$134)*_xlfn.XLOOKUP($P24,'Base Grupo de Produtos'!$E$2:$E$18,'Base Grupo de Produtos'!$F$2:$F$18) -> 616 | AA24: =_xlfn.XLOOKUP($N24,'Calculo Leads'!$A$97:$A$134,'Calculo Leads'!N$97:N$134)*_xlfn.XLOOKUP($P24,'Base Grupo de Produtos'!$E$2:$E$18,'Base Grupo de Produtos'!$F$2:$F$18) -> 704 | AB24: =_xlfn.XLOOKUP($N24,'Calculo Leads'!$A$97:$A$134,'Calculo Leads'!O$97:O$134)*_xlfn.XLOOKUP($P24,'Base Grupo de Produtos'!$E$2:$E$18,'Base Grupo de Produtos'!$F$2:$F$18) -> 528 | AC24: =SUM(T24:AB24) -> 4104 | AD24: =IF(AC24=0,0,AC24-AG24) -> 4104 | AE24: =IFERROR(_xlfn.XLOOKUP(N24&P24,'Historico Vendas'!G:G,'Historico Vendas'!E:E),0) -> 0 | AF24: =IFERROR((AC24-AE24)/AE24,"") | AG24: =IFERROR(_xlfn.XLOOKUP(N24&P24,'Historico Vendas'!G:G,'Historico Vendas'!F:F),0) -> 0 | AH24: =SUM(Q24:S24) -> 993.409 | AI24: =AH24-AG24 -> 993.409 | AJ24: =IFERROR(AG24/AH24,"") -> 0 | AK24: Novos | AL24: =IFERROR(INDEX('Balizador da Meta'!$D$3:$F$23,MATCH(Faturamento!$P24,'Balizador da Meta'!$C$3:$C$23,0),MATCH(Faturamento!AK24,'Balizador da Meta'!$D$2:$F$2,0)),"") -> 0.15
A25: =IF(L25=1,"SIM","NÃO") -> NÃO | B25: =_xlfn.XLOOKUP($N25,'Base de Grupos'!$A:$A,'Base de Grupos'!$D:$D) -> 1000065763 | C25: =_xlfn.XLOOKUP($N25,'Base de Grupos'!$A:$A,'Base de Grupos'!$E:$E) -> CANAL VENDA INTERNA | D25: =_xlfn.XLOOKUP($N25,'Base de Grupos'!$A:$A,'Base de Grupos'!$F:$F) -> 1000065763 | E25: =_xlfn.XLOOKUP($N25,'Base de Grupos'!$A:$A,'Base de Grupos'!$G:$G) -> CANAL VENDA INTERNA | F25: =_xlfn.XLOOKUP($N25,'Base de Grupos'!$A:$A,'Base de Grupos'!$H:$H) -> 1000105900 | G25: =_xlfn.XLOOKUP($N25,'Base de Grupos'!$A:$A,'Base de Grupos'!$I:$I) -> REGIONAL VENDA DIRETA CO + NE + NO | H25: =_xlfn.XLOOKUP($N25,'Base de Grupos'!$A:$A,'Base de Grupos'!$J:$J) -> 1000105900 | I25: =_xlfn.XLOOKUP($N25,'Base de Grupos'!$A:$A,'Base de Grupos'!$K:$K) -> REGIONAL VENDA DIRETA CO + NE + NO | J25: =_xlfn.XLOOKUP($N25,'Base de Grupos'!$A:$A,'Base de Grupos'!$L:$L) -> 1000150135 | K25: =_xlfn.XLOOKUP($N25,'Base de Grupos'!$A:$A,'Base de Grupos'!$M:$M) -> HELDER DA SILVA BRUNKOW | L25: =IF(N25<>N24,1,"") | M25: =_xlfn.XLOOKUP($N25,'Base de Grupos'!$A:$A,'Base de Grupos'!$C:$C) -> RN | N25: 1325 | O25: VENDA INTERNA RN | P25: DOCES | Q25: 0 | R25: 555.05619 | S25: 555.05619 | T25: =_xlfn.XLOOKUP($N25,'Calculo Leads'!$A$97:$A$134,'Calculo Leads'!G$97:G$134)*_xlfn.XLOOKUP($P25,'Base Grupo de Produtos'!$E$2:$E$18,'Base Grupo de Produtos'!$F$2:$F$18) -> 300 | U25: =_xlfn.XLOOKUP($N25,'Calculo Leads'!$A$97:$A$134,'Calculo Leads'!H$97:H$134)*_xlfn.XLOOKUP($P25,'Base Grupo de Produtos'!$E$2:$E$18,'Base Grupo de Produtos'!$F$2:$F$18) -> 300 | V25: =_xlfn.XLOOKUP($N25,'Calculo Leads'!$A$97:$A$134,'Calculo Leads'!I$97:I$134)*_xlfn.XLOOKUP($P25,'Base Grupo de Produtos'!$E$2:$E$18,'Base Grupo de Produtos'!$F$2:$F$18) -> 400 | W25: =_xlfn.XLOOKUP($N25,'Calculo Leads'!$A$97:$A$134,'Calculo Leads'!J$97:J$134)*_xlfn.XLOOKUP($P25,'Base Grupo de Produtos'!$E$2:$E$18,'Base Grupo de Produtos'!$F$2:$F$18) -> 500 | X25: =_xlfn.XLOOKUP($N25,'Calculo Leads'!$A$97:$A$134,'Calculo Leads'!K$97:K$134)*_xlfn.XLOOKUP($P25,'Base Grupo de Produtos'!$E$2:$E$18,'Base Grupo de Produtos'!$F$2:$F$18) -> 550 | Y25: =_xlfn.XLOOKUP($N25,'Calculo Leads'!$A$97:$A$134,'Calculo Leads'!L$97:L$134)*_xlfn.XLOOKUP($P25,'Base Grupo de Produtos'!$E$2:$E$18,'Base Grupo de Produtos'!$F$2:$F$18) -> 770 | Z25: =_xlfn.XLOOKUP($N25,'Calculo Leads'!$A$97:$A$134,'Calculo Leads'!M$97:M$134)*_xlfn.XLOOKUP($P25,'Base Grupo de Produtos'!$E$2:$E$18,'Base Grupo de Produtos'!$F$2:$F$18) -> 770 | AA25: =_xlfn.XLOOKUP($N25,'Calculo Leads'!$A$97:$A$134,'Calculo Leads'!N$97:N$134)*_xlfn.XLOOKUP($P25,'Base Grupo de Produtos'!$E$2:$E$18,'Base Grupo de Produtos'!$F$2:$F$18) -> 880 | AB25: =_xlfn.XLOOKUP($N25,'Calculo Leads'!$A$97:$A$134,'Calculo Leads'!O$97:O$134)*_xlfn.XLOOKUP($P25,'Base Grupo de Produtos'!$E$2:$E$18,'Base Grupo de Produtos'!$F$2:$F$18) -> 660 | AC25: =SUM(T25:AB25) -> 5130 | AD25: =IF(AC25=0,0,AC25-AG25) -> 5130 | AE25: =IFERROR(_xlfn.XLOOKUP(N25&P25,'Historico Vendas'!G:G,'Historico Vendas'!E:E),0) -> 0 | AF25: =IFERROR((AC25-AE25)/AE25,"") | AG25: =IFERROR(_xlfn.XLOOKUP(N25&P25,'Historico Vendas'!G:G,'Historico Vendas'!F:F),0) -> 0 | AH25: =SUM(Q25:S25) -> 1110.1124 | AI25: =AH25-AG25 -> 1110.1124 | AJ25: =IFERROR(AG25/AH25,"") -> 0 | AK25: Novos | AL25: =IFERROR(INDEX('Balizador da Meta'!$D$3:$F$23,MATCH(Faturamento!$P25,'Balizador da Meta'!$C$3:$C$23,0),MATCH(Faturamento!AK25,'Balizador da Meta'!$D$2:$F$2,0)),"") -> 0
A26: =IF(L26=1,"SIM","NÃO") -> NÃO | B26: =_xlfn.XLOOKUP($N26,'Base de Grupos'!$A:$A,'Base de Grupos'!$D:$D) -> 1000065763 | C26: =_xlfn.XLOOKUP($N26,'Base de Grupos'!$A:$A,'Base de Grupos'!$E:$E) -> CANAL VENDA INTERNA | D26: =_xlfn.XLOOKUP($N26,'Base de Grupos'!$A:$A,'Base de Grupos'!$F:$F) -> 1000065763 | E26: =_xlfn.XLOOKUP($N26,'Base de Grupos'!$A:$A,'Base de Grupos'!$G:$G) -> CANAL VENDA INTERNA | F26: =_xlfn.XLOOKUP($N26,'Base de Grupos'!$A:$A,'Base de Grupos'!$H:$H) -> 1000105900 | G26: =_xlfn.XLOOKUP($N26,'Base de Grupos'!$A:$A,'Base de Grupos'!$I:$I) -> REGIONAL VENDA DIRETA CO + NE + NO | H26: =_xlfn.XLOOKUP($N26,'Base de Grupos'!$A:$A,'Base de Grupos'!$J:$J) -> 1000105900 | I26: =_xlfn.XLOOKUP($N26,'Base de Grupos'!$A:$A,'Base de Grupos'!$K:$K) -> REGIONAL VENDA DIRETA CO + NE + NO | J26: =_xlfn.XLOOKUP($N26,'Base de Grupos'!$A:$A,'Base de Grupos'!$L:$L) -> 1000150135 | K26: =_xlfn.XLOOKUP($N26,'Base de Grupos'!$A:$A,'Base de Grupos'!$M:$M) -> HELDER DA SILVA BRUNKOW | L26: =IF(N26<>N25,1,"") | M26: =_xlfn.XLOOKUP($N26,'Base de Grupos'!$A:$A,'Base de Grupos'!$C:$C) -> RN | N26: 1325 | O26: VENDA INTERNA RN | P26: GELEIA | Q26: 0 | R26: 124.75667 | S26: 249.51333 | T26: =_xlfn.XLOOKUP($N26,'Calculo Leads'!$A$97:$A$134,'Calculo Leads'!G$97:G$134)*_xlfn.XLOOKUP($P26,'Base Grupo de Produtos'!$E$2:$E$18,'Base Grupo de Produtos'!$F$2:$F$18) -> 60 | U26: =_xlfn.XLOOKUP($N26,'Calculo Leads'!$A$97:$A$134,'Calculo Leads'!H$97:H$134)*_xlfn.XLOOKUP($P26,'Base Grupo de Produtos'!$E$2:$E$18,'Base Grupo de Produtos'!$F$2:$F$18) -> 60 | V26: =_xlfn.XLOOKUP($N26,'Calculo Leads'!$A$97:$A$134,'Calculo Leads'!I$97:I$134)*_xlfn.XLOOKUP($P26,'Base Grupo de Produtos'!$E$2:$E$18,'Base Grupo de Produtos'!$F$2:$F$18) -> 80 | W26: =_xlfn.XLOOKUP($N26,'Calculo Leads'!$A$97:$A$134,'Calculo Leads'!J$97:J$134)*_xlfn.XLOOKUP($P26,'Base Grupo de Produtos'!$E$2:$E$18,'Base Grupo de Produtos'!$F$2:$F$18) -> 100 | X26: =_xlfn.XLOOKUP($N26,'Calculo Leads'!$A$97:$A$134,'Calculo Leads'!K$97:K$134)*_xlfn.XLOOKUP($P26,'Base Grupo de Produtos'!$E$2:$E$18,'Base Grupo de Produtos'!$F$2:$F$18) -> 110 | Y26: =_xlfn.XLOOKUP($N26,'Calculo Leads'!$A$97:$A$134,'Calculo Leads'!L$97:L$134)*_xlfn.XLOOKUP($P26,'Base Grupo de Produtos'!$E$2:$E$18,'Base Grupo de Produtos'!$F$2:$F$18) -> 154 | Z26: =_xlfn.XLOOKUP($N26,'Calculo Leads'!$A$97:$A$134,'Calculo Leads'!M$97:M$134)*_xlfn.XLOOKUP($P26,'Base Grupo de Produtos'!$E$2:$E$18,'Base Grupo de Produtos'!$F$2:$F$18) -> 154 | AA26: =_xlfn.XLOOKUP($N26,'Calculo Leads'!$A$97:$A$134,'Calculo Leads'!N$97:N$134)*_xlfn.XLOOKUP($P26,'Base Grupo de Produtos'!$E$2:$E$18,'Base Grupo de Produtos'!$F$2:$F$18) -> 176 | AB26: =_xlfn.XLOOKUP($N26,'Calculo Leads'!$A$97:$A$134,'Calculo Leads'!O$97:O$134)*_xlfn.XLOOKUP($P26,'Base Grupo de Produtos'!$E$2:$E$18,'Base Grupo de Produtos'!$F$2:$F$18) -> 132 | AC26: =SUM(T26:AB26) -> 1026 | AD26: =IF(AC26=0,0,AC26-AG26) -> 1026 | AE26: =IFERROR(_xlfn.XLOOKUP(N26&P26,'Historico Vendas'!G:G,'Historico Vendas'!E:E),0) -> 0 | AF26: =IFERROR((AC26-AE26)/AE26,"") | AG26: =IFERROR(_xlfn.XLOOKUP(N26&P26,'Historico Vendas'!G:G,'Historico Vendas'!F:F),0) -> 0 | AH26: =SUM(Q26:S26) -> 374.27 | AI26: =AH26-AG26 -> 374.27 | AJ26: =IFERROR(AG26/AH26,"") -> 0 | AK26: Novos | AL26: =IFERROR(INDEX('Balizador da Meta'!$D$3:$F$23,MATCH(Faturamento!$P26,'Balizador da Meta'!$C$3:$C$23,0),MATCH(Faturamento!AK26,'Balizador da Meta'!$D$2:$F$2,0)),"") -> 0
A27: =IF(L27=1,"SIM","NÃO") -> NÃO | B27: =_xlfn.XLOOKUP($N27,'Base de Grupos'!$A:$A,'Base de Grupos'!$D:$D) -> 1000065763 | C27: =_xlfn.XLOOKUP($N27,'Base de Grupos'!$A:$A,'Base de Grupos'!$E:$E) -> CANAL VENDA INTERNA | D27: =_xlfn.XLOOKUP($N27,'Base de Grupos'!$A:$A,'Base de Grupos'!$F:$F) -> 1000065763 | E27: =_xlfn.XLOOKUP($N27,'Base de Grupos'!$A:$A,'Base de Grupos'!$G:$G) -> CANAL VENDA INTERNA | F27: =_xlfn.XLOOKUP($N27,'Base de Grupos'!$A:$A,'Base de Grupos'!$H:$H) -> 1000105900 | G27: =_xlfn.XLOOKUP($N27,'Base de Grupos'!$A:$A,'Base de Grupos'!$I:$I) -> REGIONAL VENDA DIRETA CO + NE + NO | H27: =_xlfn.XLOOKUP($N27,'Base de Grupos'!$A:$A,'Base de Grupos'!$J:$J) -> 1000105900 | I27: =_xlfn.XLOOKUP($N27,'Base de Grupos'!$A:$A,'Base de Grupos'!$K:$K) -> REGIONAL VENDA DIRETA CO + NE + NO | J27: =_xlfn.XLOOKUP($N27,'Base de Grupos'!$A:$A,'Base de Grupos'!$L:$L) -> 1000150135 | K27: =_xlfn.XLOOKUP($N27,'Base de Grupos'!$A:$A,'Base de Grupos'!$M:$M) -> HELDER DA SILVA BRUNKOW | L27: =IF(N27<>N26,1,"") | M27: =_xlfn.XLOOKUP($N27,'Base de Grupos'!$A:$A,'Base de Grupos'!$C:$C) -> RN | N27: 1325 | O27: VENDA INTERNA RN | P27: GRANOLA | Q27: 0 | R27: 315.15 | S27: 420.2 | T27: =_xlfn.XLOOKUP($N27,'Calculo Leads'!$A$97:$A$134,'Calculo Leads'!G$97:G$134)*_xlfn.XLOOKUP($P27,'Base Grupo de Produtos'!$E$2:$E$18,'Base Grupo de Produtos'!$F$2:$F$18) -> 60 | U27: =_xlfn.XLOOKUP($N27,'Calculo Leads'!$A$97:$A$134,'Calculo Leads'!H$97:H$134)*_xlfn.XLOOKUP($P27,'Base Grupo de Produtos'!$E$2:$E$18,'Base Grupo de Produtos'!$F$2:$F$18) -> 60 | V27: =_xlfn.XLOOKUP($N27,'Calculo Leads'!$A$97:$A$134,'Calculo Leads'!I$97:I$134)*_xlfn.XLOOKUP($P27,'Base Grupo de Produtos'!$E$2:$E$18,'Base Grupo de Produtos'!$F$2:$F$18) -> 80 | W27: =_xlfn.XLOOKUP($N27,'Calculo Leads'!$A$97:$A$134,'Calculo Leads'!J$97:J$134)*_xlfn.XLOOKUP($P27,'Base Grupo de Produtos'!$E$2:$E$18,'Base Grupo de Produtos'!$F$2:$F$18) -> 100 | X27: =_xlfn.XLOOKUP($N27,'Calculo Leads'!$A$97:$A$134,'Calculo Leads'!K$97:K$134)*_xlfn.XLOOKUP($P27,'Base Grupo de Produtos'!$E$2:$E$18,'Base Grupo de Produtos'!$F$2:$F$18) -> 110 | Y27: =_xlfn.XLOOKUP($N27,'Calculo Leads'!$A$97:$A$134,'Calculo Leads'!L$97:L$134)*_xlfn.XLOOKUP($P27,'Base Grupo de Produtos'!$E$2:$E$18,'Base Grupo de Produtos'!$F$2:$F$18) -> 154 | Z27: =_xlfn.XLOOKUP($N27,'Calculo Leads'!$A$97:$A$134,'Calculo Leads'!M$97:M$134)*_xlfn.XLOOKUP($P27,'Base Grupo de Produtos'!$E$2:$E$18,'Base Grupo de Produtos'!$F$2:$F$18) -> 154 | AA27: =_xlfn.XLOOKUP($N27,'Calculo Leads'!$A$97:$A$134,'Calculo Leads'!N$97:N$134)*_xlfn.XLOOKUP($P27,'Base Grupo de Produtos'!$E$2:$E$18,'Base Grupo de Produtos'!$F$2:$F$18) -> 176 | AB27: =_xlfn.XLOOKUP($N27,'Calculo Leads'!$A$97:$A$134,'Calculo Leads'!O$97:O$134)*_xlfn.XLOOKUP($P27,'Base Grupo de Produtos'!$E$2:$E$18,'Base Grupo de Produtos'!$F$2:$F$18) -> 132 | AC27: =SUM(T27:AB27) -> 1026 | AD27: =IF(AC27=0,0,AC27-AG27) -> 1026 | AE27: =IFERROR(_xlfn.XLOOKUP(N27&P27,'Historico Vendas'!G:G,'Historico Vendas'!E:E),0) -> 0 | AF27: =IFERROR((AC27-AE27)/AE27,"") | AG27: =IFERROR(_xlfn.XLOOKUP(N27&P27,'Historico Vendas'!G:G,'Historico Vendas'!F:F),0) -> 0 | AH27: =SUM(Q27:S27) -> 735.35 | AI27: =AH27-AG27 -> 735.35 | AJ27: =IFERROR(AG27/AH27,"") -> 0 | AK27: Novos | AL27: =IFERROR(INDEX('Balizador da Meta'!$D$3:$F$23,MATCH(Faturamento!$P27,'Balizador da Meta'!$C$3:$C$23,0),MATCH(Faturamento!AK27,'Balizador da Meta'!$D$2:$F$2,0)),"") -> 0
A28: =IF(L28=1,"SIM","NÃO") -> NÃO | B28: =_xlfn.XLOOKUP($N28,'Base de Grupos'!$A:$A,'Base de Grupos'!$D:$D) -> 1000065763 | C28: =_xlfn.XLOOKUP($N28,'Base de Grupos'!$A:$A,'Base de Grupos'!$E:$E) -> CANAL VENDA INTERNA | D28: =_xlfn.XLOOKUP($N28,'Base de Grupos'!$A:$A,'Base de Grupos'!$F:$F) -> 1000065763 | E28: =_xlfn.XLOOKUP($N28,'Base de Grupos'!$A:$A,'Base de Grupos'!$G:$G) -> CANAL VENDA INTERNA | F28: =_xlfn.XLOOKUP($N28,'Base de Grupos'!$A:$A,'Base de Grupos'!$H:$H) -> 1000105900 | G28: =_xlfn.XLOOKUP($N28,'Base de Grupos'!$A:$A,'Base de Grupos'!$I:$I) -> REGIONAL VENDA DIRETA CO + NE + NO | H28: =_xlfn.XLOOKUP($N28,'Base de Grupos'!$A:$A,'Base de Grupos'!$J:$J) -> 1000105900 | I28: =_xlfn.XLOOKUP($N28,'Base de Grupos'!$A:$A,'Base de Grupos'!$K:$K) -> REGIONAL VENDA DIRETA CO + NE + NO | J28: =_xlfn.XLOOKUP($N28,'Base de Grupos'!$A:$A,'Base de Grupos'!$L:$L) -> 1000150135 | K28: =_xlfn.XLOOKUP($N28,'Base de Grupos'!$A:$A,'Base de Grupos'!$M:$M) -> HELDER DA SILVA BRUNKOW | L28: =IF(N28<>N27,1,"") | M28: =_xlfn.XLOOKUP($N28,'Base de Grupos'!$A:$A,'Base de Grupos'!$C:$C) -> RN | N28: 1325 | O28: VENDA INTERNA RN | P28: KIDS | Q28: 0 | R28: 165.49714 | S28: 165.49714 | T28: =_xlfn.XLOOKUP($N28,'Calculo Leads'!$A$97:$A$134,'Calculo Leads'!G$97:G$134)*_xlfn.XLOOKUP($P28,'Base Grupo de Produtos'!$E$2:$E$18,'Base Grupo de Produtos'!$F$2:$F$18) -> 60 | U28: =_xlfn.XLOOKUP($N28,'Calculo Leads'!$A$97:$A$134,'Calculo Leads'!H$97:H$134)*_xlfn.XLOOKUP($P28,'Base Grupo de Produtos'!$E$2:$E$18,'Base Grupo de Produtos'!$F$2:$F$18) -> 60 | V28: =_xlfn.XLOOKUP($N28,'Calculo Leads'!$A$97:$A$134,'Calculo Leads'!I$97:I$134)*_xlfn.XLOOKUP($P28,'Base Grupo de Produtos'!$E$2:$E$18,'Base Grupo de Produtos'!$F$2:$F$18) -> 80 | W28: =_xlfn.XLOOKUP($N28,'Calculo Leads'!$A$97:$A$134,'Calculo Leads'!J$97:J$134)*_xlfn.XLOOKUP($P28,'Base Grupo de Produtos'!$E$2:$E$18,'Base Grupo de Produtos'!$F$2:$F$18) -> 100 | X28: =_xlfn.XLOOKUP($N28,'Calculo Leads'!$A$97:$A$134,'Calculo Leads'!K$97:K$134)*_xlfn.XLOOKUP($P28,'Base Grupo de Produtos'!$E$2:$E$18,'Base Grupo de Produtos'!$F$2:$F$18) -> 110 | Y28: =_xlfn.XLOOKUP($N28,'Calculo Leads'!$A$97:$A$134,'Calculo Leads'!L$97:L$134)*_xlfn.XLOOKUP($P28,'Base Grupo de Produtos'!$E$2:$E$18,'Base Grupo de Produtos'!$F$2:$F$18) -> 154 | Z28: =_xlfn.XLOOKUP($N28,'Calculo Leads'!$A$97:$A$134,'Calculo Leads'!M$97:M$134)*_xlfn.XLOOKUP($P28,'Base Grupo de Produtos'!$E$2:$E$18,'Base Grupo de Produtos'!$F$2:$F$18) -> 154 | AA28: =_xlfn.XLOOKUP($N28,'Calculo Leads'!$A$97:$A$134,'Calculo Leads'!N$97:N$134)*_xlfn.XLOOKUP($P28,'Base Grupo de Produtos'!$E$2:$E$18,'Base Grupo de Produtos'!$F$2:$F$18) -> 176 | AB28: =_xlfn.XLOOKUP($N28,'Calculo Leads'!$A$97:$A$134,'Calculo Leads'!O$97:O$134)*_xlfn.XLOOKUP($P28,'Base Grupo de Produtos'!$E$2:$E$18,'Base Grupo de Produtos'!$F$2:$F$18) -> 132 | AC28: =SUM(T28:AB28) -> 1026 | AD28: =IF(AC28=0,0,AC28-AG28) -> 1026 | AE28: =IFERROR(_xlfn.XLOOKUP(N28&P28,'Historico Vendas'!G:G,'Historico Vendas'!E:E),0) -> 0 | AF28: =IFERROR((AC28-AE28)/AE28,"") | AG28: =IFERROR(_xlfn.XLOOKUP(N28&P28,'Historico Vendas'!G:G,'Historico Vendas'!F:F),0) -> 0 | AH28: =SUM(Q28:S28) -> 330.99429 | AI28: =AH28-AG28 -> 330.99429 | AJ28: =IFERROR(AG28/AH28,"") -> 0 | AK28: Novos | AL28: =IFERROR(INDEX('Balizador da Meta'!$D$3:$F$23,MATCH(Faturamento!$P28,'Balizador da Meta'!$C$3:$C$23,0),MATCH(Faturamento!AK28,'Balizador da Meta'!$D$2:$F$2,0)),"") -> 0
A29: =IF(L29=1,"SIM","NÃO") -> NÃO | B29: =_xlfn.XLOOKUP($N29,'Base de Grupos'!$A:$A,'Base de Grupos'!$D:$D) -> 1000065763 | C29: =_xlfn.XLOOKUP($N29,'Base de Grupos'!$A:$A,'Base de Grupos'!$E:$E) -> CANAL VENDA INTERNA | D29: =_xlfn.XLOOKUP($N29,'Base de Grupos'!$A:$A,'Base de Grupos'!$F:$F) -> 1000065763 | E29: =_xlfn.XLOOKUP($N29,'Base de Grupos'!$A:$A,'Base de Grupos'!$G:$G) -> CANAL VENDA INTERNA | F29: =_xlfn.XLOOKUP($N29,'Base de Grupos'!$A:$A,'Base de Grupos'!$H:$H) -> 1000105900 | G29: =_xlfn.XLOOKUP($N29,'Base de Grupos'!$A:$A,'Base de Grupos'!$I:$I) -> REGIONAL VENDA DIRETA CO + NE + NO | H29: =_xlfn.XLOOKUP($N29,'Base de Grupos'!$A:$A,'Base de Grupos'!$J:$J) -> 1000105900 | I29: =_xlfn.XLOOKUP($N29,'Base de Grupos'!$A:$A,'Base de Grupos'!$K:$K) -> REGIONAL VENDA DIRETA CO + NE + NO | J29: =_xlfn.XLOOKUP($N29,'Base de Grupos'!$A:$A,'Base de Grupos'!$L:$L) -> 1000150135 | K29: =_xlfn.XLOOKUP($N29,'Base de Grupos'!$A:$A,'Base de Grupos'!$M:$M) -> HELDER DA SILVA BRUNKOW | L29: =IF(N29<>N28,1,"") | M29: =_xlfn.XLOOKUP($N29,'Base de Grupos'!$A:$A,'Base de Grupos'!$C:$C) -> RN | N29: 1325 | O29: VENDA INTERNA RN | P29: LANCHES | Q29: 0 | R29: 89.608571 | S29: 179.21714 | T29: =_xlfn.XLOOKUP($N29,'Calculo Leads'!$A$97:$A$134,'Calculo Leads'!G$97:G$134)*_xlfn.XLOOKUP($P29,'Base Grupo de Produtos'!$E$2:$E$18,'Base Grupo de Produtos'!$F$2:$F$18) -> 90 | U29: =_xlfn.XLOOKUP($N29,'Calculo Leads'!$A$97:$A$134,'Calculo Leads'!H$97:H$134)*_xlfn.XLOOKUP($P29,'Base Grupo de Produtos'!$E$2:$E$18,'Base Grupo de Produtos'!$F$2:$F$18) -> 90 | V29: =_xlfn.XLOOKUP($N29,'Calculo Leads'!$A$97:$A$134,'Calculo Leads'!I$97:I$134)*_xlfn.XLOOKUP($P29,'Base Grupo de Produtos'!$E$2:$E$18,'Base Grupo de Produtos'!$F$2:$F$18) -> 120 | W29: =_xlfn.XLOOKUP($N29,'Calculo Leads'!$A$97:$A$134,'Calculo Leads'!J$97:J$134)*_xlfn.XLOOKUP($P29,'Base Grupo de Produtos'!$E$2:$E$18,'Base Grupo de Produtos'!$F$2:$F$18) -> 150 | X29: =_xlfn.XLOOKUP($N29,'Calculo Leads'!$A$97:$A$134,'Calculo Leads'!K$97:K$134)*_xlfn.XLOOKUP($P29,'Base Grupo de Produtos'!$E$2:$E$18,'Base Grupo de Produtos'!$F$2:$F$18) -> 165 | Y29: =_xlfn.XLOOKUP($N29,'Calculo Leads'!$A$97:$A$134,'Calculo Leads'!L$97:L$134)*_xlfn.XLOOKUP($P29,'Base Grupo de Produtos'!$E$2:$E$18,'Base Grupo de Produtos'!$F$2:$F$18) -> 231 | Z29: =_xlfn.XLOOKUP($N29,'Calculo Leads'!$A$97:$A$134,'Calculo Leads'!M$97:M$134)*_xlfn.XLOOKUP($P29,'Base Grupo de Produtos'!$E$2:$E$18,'Base Grupo de Produtos'!$F$2:$F$18) -> 231 | AA29: =_xlfn.XLOOKUP($N29,'Calculo Leads'!$A$97:$A$134,'Calculo Leads'!N$97:N$134)*_xlfn.XLOOKUP($P29,'Base Grupo de Produtos'!$E$2:$E$18,'Base Grupo de Produtos'!$F$2:$F$18) -> 264 | AB29: =_xlfn.XLOOKUP($N29,'Calculo Leads'!$A$97:$A$134,'Calculo Leads'!O$97:O$134)*_xlfn.XLOOKUP($P29,'Base Grupo de Produtos'!$E$2:$E$18,'Base Grupo de Produtos'!$F$2:$F$18) -> 198 | AC29: =SUM(T29:AB29) -> 1539 | AD29: =IF(AC29=0,0,AC29-AG29) -> 1539 | AE29: =IFERROR(_xlfn.XLOOKUP(N29&P29,'Historico Vendas'!G:G,'Historico Vendas'!E:E),0) -> 0 | AF29: =IFERROR((AC29-AE29)/AE29,"") | AG29: =IFERROR(_xlfn.XLOOKUP(N29&P29,'Historico Vendas'!G:G,'Historico Vendas'!F:F),0) -> 0 | AH29: =SUM(Q29:S29) -> 268.82571 | AI29: =AH29-AG29 -> 268.82571 | AJ29: =IFERROR(AG29/AH29,"") -> 0 | AK29: Novos | AL29: =IFERROR(INDEX('Balizador da Meta'!$D$3:$F$23,MATCH(Faturamento!$P29,'Balizador da Meta'!$C$3:$C$23,0),MATCH(Faturamento!AK29,'Balizador da Meta'!$D$2:$F$2,0)),"") -> 0.15
A30: =IF(L30=1,"SIM","NÃO") -> NÃO | B30: =_xlfn.XLOOKUP($N30,'Base de Grupos'!$A:$A,'Base de Grupos'!$D:$D) -> 1000065763 | C30: =_xlfn.XLOOKUP($N30,'Base de Grupos'!$A:$A,'Base de Grupos'!$E:$E) -> CANAL VENDA INTERNA | D30: =_xlfn.XLOOKUP($N30,'Base de Grupos'!$A:$A,'Base de Grupos'!$F:$F) -> 1000065763 | E30: =_xlfn.XLOOKUP($N30,'Base de Grupos'!$A:$A,'Base de Grupos'!$G:$G) -> CANAL VENDA INTERNA | F30: =_xlfn.XLOOKUP($N30,'Base de Grupos'!$A:$A,'Base de Grupos'!$H:$H) -> 1000105900 | G30: =_xlfn.XLOOKUP($N30,'Base de Grupos'!$A:$A,'Base de Grupos'!$I:$I) -> REGIONAL VENDA DIRETA CO + NE + NO | H30: =_xlfn.XLOOKUP($N30,'Base de Grupos'!$A:$A,'Base de Grupos'!$J:$J) -> 1000105900 | I30: =_xlfn.XLOOKUP($N30,'Base de Grupos'!$A:$A,'Base de Grupos'!$K:$K) -> REGIONAL VENDA DIRETA CO + NE + NO | J30: =_xlfn.XLOOKUP($N30,'Base de Grupos'!$A:$A,'Base de Grupos'!$L:$L) -> 1000150135 | K30: =_xlfn.XLOOKUP($N30,'Base de Grupos'!$A:$A,'Base de Grupos'!$M:$M) -> HELDER DA SILVA BRUNKOW | L30: =IF(N30<>N29,1,"") | M30: =_xlfn.XLOOKUP($N30,'Base de Grupos'!$A:$A,'Base de Grupos'!$C:$C) -> RN | N30: 1325 | O30: VENDA INTERNA RN | P30: MAIS GRANEL | Q30: 0 | R30: 516.14303 | S30: 602.16687 | T30: =_xlfn.XLOOKUP($N30,'Calculo Leads'!$A$97:$A$134,'Calculo Leads'!G$97:G$134)*_xlfn.XLOOKUP($P30,'Base Grupo de Produtos'!$E$2:$E$18,'Base Grupo de Produtos'!$F$2:$F$18) -> 750 | U30: =_xlfn.XLOOKUP($N30,'Calculo Leads'!$A$97:$A$134,'Calculo Leads'!H$97:H$134)*_xlfn.XLOOKUP($P30,'Base Grupo de Produtos'!$E$2:$E$18,'Base Grupo de Produtos'!$F$2:$F$18) -> 750 | V30: =_xlfn.XLOOKUP($N30,'Calculo Leads'!$A$97:$A$134,'Calculo Leads'!I$97:I$134)*_xlfn.XLOOKUP($P30,'Base Grupo de Produtos'!$E$2:$E$18,'Base Grupo de Produtos'!$F$2:$F$18) -> 1000 | W30: =_xlfn.XLOOKUP($N30,'Calculo Leads'!$A$97:$A$134,'Calculo Leads'!J$97:J$134)*_xlfn.XLOOKUP($P30,'Base Grupo de Produtos'!$E$2:$E$18,'Base Grupo de Produtos'!$F$2:$F$18) -> 1250 | X30: =_xlfn.XLOOKUP($N30,'Calculo Leads'!$A$97:$A$134,'Calculo Leads'!K$97:K$134)*_xlfn.XLOOKUP($P30,'Base Grupo de Produtos'!$E$2:$E$18,'Base Grupo de Produtos'!$F$2:$F$18) -> 1375 | Y30: =_xlfn.XLOOKUP($N30,'Calculo Leads'!$A$97:$A$134,'Calculo Leads'!L$97:L$134)*_xlfn.XLOOKUP($P30,'Base Grupo de Produtos'!$E$2:$E$18,'Base Grupo de Produtos'!$F$2:$F$18) -> 1925 | Z30: =_xlfn.XLOOKUP($N30,'Calculo Leads'!$A$97:$A$134,'Calculo Leads'!M$97:M$134)*_xlfn.XLOOKUP($P30,'Base Grupo de Produtos'!$E$2:$E$18,'Base Grupo de Produtos'!$F$2:$F$18) -> 1925 | AA30: =_xlfn.XLOOKUP($N30,'Calculo Leads'!$A$97:$A$134,'Calculo Leads'!N$97:N$134)*_xlfn.XLOOKUP($P30,'Base Grupo de Produtos'!$E$2:$E$18,'Base Grupo de Produtos'!$F$2:$F$18) -> 2200 | AB30: =_xlfn.XLOOKUP($N30,'Calculo Leads'!$A$97:$A$134,'Calculo Leads'!O$97:O$134)*_xlfn.XLOOKUP($P30,'Base Grupo de Produtos'!$E$2:$E$18,'Base Grupo de Produtos'!$F$2:$F$18) -> 1650 | AC30: =SUM(T30:AB30) -> 12825 | AD30: =IF(AC30=0,0,AC30-AG30) -> 12825 | AE30: =IFERROR(_xlfn.XLOOKUP(N30&P30,'Historico Vendas'!G:G,'Historico Vendas'!E:E),0) -> 0 | AF30: =IFERROR((AC30-AE30)/AE30,"") | AG30: =IFERROR(_xlfn.XLOOKUP(N30&P30,'Historico Vendas'!G:G,'Historico Vendas'!F:F),0) -> 0 | AH30: =SUM(Q30:S30) -> 1118.3099 | AI30: =AH30-AG30 -> 1118.3099 | AJ30: =IFERROR(AG30/AH30,"") -> 0 | AK30: Novos | AL30: =IFERROR(INDEX('Balizador da Meta'!$D$3:$F$23,MATCH(Faturamento!$P30,'Balizador da Meta'!$C$3:$C$23,0),MATCH(Faturamento!AK30,'Balizador da Meta'!$D$2:$F$2,0)),"") -> 0
A31: =IF(L31=1,"SIM","NÃO") -> NÃO | B31: =_xlfn.XLOOKUP($N31,'Base de Grupos'!$A:$A,'Base de Grupos'!$D:$D) -> 1000065763 | C31: =_xlfn.XLOOKUP($N31,'Base de Grupos'!$A:$A,'Base de Grupos'!$E:$E) -> CANAL VENDA INTERNA | D31: =_xlfn.XLOOKUP($N31,'Base de Grupos'!$A:$A,'Base de Grupos'!$F:$F) -> 1000065763 | E31: =_xlfn.XLOOKUP($N31,'Base de Grupos'!$A:$A,'Base de Grupos'!$G:$G) -> CANAL VENDA INTERNA | F31: =_xlfn.XLOOKUP($N31,'Base de Grupos'!$A:$A,'Base de Grupos'!$H:$H) -> 1000105900 | G31: =_xlfn.XLOOKUP($N31,'Base de Grupos'!$A:$A,'Base de Grupos'!$I:$I) -> REGIONAL VENDA DIRETA CO + NE + NO | H31: =_xlfn.XLOOKUP($N31,'Base de Grupos'!$A:$A,'Base de Grupos'!$J:$J) -> 1000105900 | I31: =_xlfn.XLOOKUP($N31,'Base de Grupos'!$A:$A,'Base de Grupos'!$K:$K) -> REGIONAL VENDA DIRETA CO + NE + NO | J31: =_xlfn.XLOOKUP($N31,'Base de Grupos'!$A:$A,'Base de Grupos'!$L:$L) -> 1000150135 | K31: =_xlfn.XLOOKUP($N31,'Base de Grupos'!$A:$A,'Base de Grupos'!$M:$M) -> HELDER DA SILVA BRUNKOW | L31: =IF(N31<>N30,1,"") | M31: =_xlfn.XLOOKUP($N31,'Base de Grupos'!$A:$A,'Base de Grupos'!$C:$C) -> RN | N31: 1325 | O31: VENDA INTERNA RN | P31: NATURATTA | Q31: 0 | R31: 627.68571 | S31: 627.68571 | T31: =_xlfn.XLOOKUP($N31,'Calculo Leads'!$A$97:$A$134,'Calculo Leads'!G$97:G$134)*_xlfn.XLOOKUP($P31,'Base Grupo de Produtos'!$E$2:$E$18,'Base Grupo de Produtos'!$F$2:$F$18) -> 150 | U31: =_xlfn.XLOOKUP($N31,'Calculo Leads'!$A$97:$A$134,'Calculo Leads'!H$97:H$134)*_xlfn.XLOOKUP($P31,'Base Grupo de Produtos'!$E$2:$E$18,'Base Grupo de Produtos'!$F$2:$F$18) -> 150 | V31: =_xlfn.XLOOKUP($N31,'Calculo Leads'!$A$97:$A$134,'Calculo Leads'!I$97:I$134)*_xlfn.XLOOKUP($P31,'Base Grupo de Produtos'!$E$2:$E$18,'Base Grupo de Produtos'!$F$2:$F$18) -> 200 | W31: =_xlfn.XLOOKUP($N31,'Calculo Leads'!$A$97:$A$134,'Calculo Leads'!J$97:J$134)*_xlfn.XLOOKUP($P31,'Base Grupo de Produtos'!$E$2:$E$18,'Base Grupo de Produtos'!$F$2:$F$18) -> 250 | X31: =_xlfn.XLOOKUP($N31,'Calculo Leads'!$A$97:$A$134,'Calculo Leads'!K$97:K$134)*_xlfn.XLOOKUP($P31,'Base Grupo de Produtos'!$E$2:$E$18,'Base Grupo de Produtos'!$F$2:$F$18) -> 275 | Y31: =_xlfn.XLOOKUP($N31,'Calculo Leads'!$A$97:$A$134,'Calculo Leads'!L$97:L$134)*_xlfn.XLOOKUP($P31,'Base Grupo de Produtos'!$E$2:$E$18,'Base Grupo de Produtos'!$F$2:$F$18) -> 385 | Z31: =_xlfn.XLOOKUP($N31,'Calculo Leads'!$A$97:$A$134,'Calculo Leads'!M$97:M$134)*_xlfn.XLOOKUP($P31,'Base Grupo de Produtos'!$E$2:$E$18,'Base Grupo de Produtos'!$F$2:$F$18) -> 385 | AA31: =_xlfn.XLOOKUP($N31,'Calculo Leads'!$A$97:$A$134,'Calculo Leads'!N$97:N$134)*_xlfn.XLOOKUP($P31,'Base Grupo de Produtos'!$E$2:$E$18,'Base Grupo de Produtos'!$F$2:$F$18) -> 440 | AB31: =_xlfn.XLOOKUP($N31,'Calculo Leads'!$A$97:$A$134,'Calculo Leads'!O$97:O$134)*_xlfn.XLOOKUP($P31,'Base Grupo de Produtos'!$E$2:$E$18,'Base Grupo de Produtos'!$F$2:$F$18) -> 330 | AC31: =SUM(T31:AB31) -> 2565 | AD31: =IF(AC31=0,0,AC31-AG31) -> 2565 | AE31: =IFERROR(_xlfn.XLOOKUP(N31&P31,'Historico Vendas'!G:G,'Historico Vendas'!E:E),0) -> 0 | AF31: =IFERROR((AC31-AE31)/AE31,"") | AG31: =IFERROR(_xlfn.XLOOKUP(N31&P31,'Historico Vendas'!G:G,'Historico Vendas'!F:F),0) -> 0 | AH31: =SUM(Q31:S31) -> 1255.3714 | AI31: =AH31-AG31 -> 1255.3714 | AJ31: =IFERROR(AG31/AH31,"") -> 0 | AK31: Novos | AL31: =IFERROR(INDEX('Balizador da Meta'!$D$3:$F$23,MATCH(Faturamento!$P31,'Balizador da Meta'!$C$3:$C$23,0),MATCH(Faturamento!AK31,'Balizador da Meta'!$D$2:$F$2,0)),"") -> 0.25
A32: =IF(L32=1,"SIM","NÃO") -> NÃO | B32: =_xlfn.XLOOKUP($N32,'Base de Grupos'!$A:$A,'Base de Grupos'!$D:$D) -> 1000065763 | C32: =_xlfn.XLOOKUP($N32,'Base de Grupos'!$A:$A,'Base de Grupos'!$E:$E) -> CANAL VENDA INTERNA | D32: =_xlfn.XLOOKUP($N32,'Base de Grupos'!$A:$A,'Base de Grupos'!$F:$F) -> 1000065763 | E32: =_xlfn.XLOOKUP($N32,'Base de Grupos'!$A:$A,'Base de Grupos'!$G:$G) -> CANAL VENDA INTERNA | F32: =_xlfn.XLOOKUP($N32,'Base de Grupos'!$A:$A,'Base de Grupos'!$H:$H) -> 1000105900 | G32: =_xlfn.XLOOKUP($N32,'Base de Grupos'!$A:$A,'Base de Grupos'!$I:$I) -> REGIONAL VENDA DIRETA CO + NE + NO | H32: =_xlfn.XLOOKUP($N32,'Base de Grupos'!$A:$A,'Base de Grupos'!$J:$J) -> 1000105900 | I32: =_xlfn.XLOOKUP($N32,'Base de Grupos'!$A:$A,'Base de Grupos'!$K:$K) -> REGIONAL VENDA DIRETA CO + NE + NO | J32: =_xlfn.XLOOKUP($N32,'Base de Grupos'!$A:$A,'Base de Grupos'!$L:$L) -> 1000150135 | K32: =_xlfn.XLOOKUP($N32,'Base de Grupos'!$A:$A,'Base de Grupos'!$M:$M) -> HELDER DA SILVA BRUNKOW | L32: =IF(N32<>N31,1,"") | M32: =_xlfn.XLOOKUP($N32,'Base de Grupos'!$A:$A,'Base de Grupos'!$C:$C) -> RN | N32: 1325 | O32: VENDA INTERNA RN | P32: REEMBALADOS | Q32: 0 | R32: 119.60089 | S32: 239.20178 | T32: =_xlfn.XLOOKUP($N32,'Calculo Leads'!$A$97:$A$134,'Calculo Leads'!G$97:G$134)*_xlfn.XLOOKUP($P32,'Base Grupo de Produtos'!$E$2:$E$18,'Base Grupo de Produtos'!$F$2:$F$18) -> 150 | U32: =_xlfn.XLOOKUP($N32,'Calculo Leads'!$A$97:$A$134,'Calculo Leads'!H$97:H$134)*_xlfn.XLOOKUP($P32,'Base Grupo de Produtos'!$E$2:$E$18,'Base Grupo de Produtos'!$F$2:$F$18) -> 150 | V32: =_xlfn.XLOOKUP($N32,'Calculo Leads'!$A$97:$A$134,'Calculo Leads'!I$97:I$134)*_xlfn.XLOOKUP($P32,'Base Grupo de Produtos'!$E$2:$E$18,'Base Grupo de Produtos'!$F$2:$F$18) -> 200 | W32: =_xlfn.XLOOKUP($N32,'Calculo Leads'!$A$97:$A$134,'Calculo Leads'!J$97:J$134)*_xlfn.XLOOKUP($P32,'Base Grupo de Produtos'!$E$2:$E$18,'Base Grupo de Produtos'!$F$2:$F$18) -> 250 | X32: =_xlfn.XLOOKUP($N32,'Calculo Leads'!$A$97:$A$134,'Calculo Leads'!K$97:K$134)*_xlfn.XLOOKUP($P32,'Base Grupo de Produtos'!$E$2:$E$18,'Base Grupo de Produtos'!$F$2:$F$18) -> 275 | Y32: =_xlfn.XLOOKUP($N32,'Calculo Leads'!$A$97:$A$134,'Calculo Leads'!L$97:L$134)*_xlfn.XLOOKUP($P32,'Base Grupo de Produtos'!$E$2:$E$18,'Base Grupo de Produtos'!$F$2:$F$18) -> 385 | Z32: =_xlfn.XLOOKUP($N32,'Calculo Leads'!$A$97:$A$134,'Calculo Leads'!M$97:M$134)*_xlfn.XLOOKUP($P32,'Base Grupo de Produtos'!$E$2:$E$18,'Base Grupo de Produtos'!$F$2:$F$18) -> 385 | AA32: =_xlfn.XLOOKUP($N32,'Calculo Leads'!$A$97:$A$134,'Calculo Leads'!N$97:N$134)*_xlfn.XLOOKUP($P32,'Base Grupo de Produtos'!$E$2:$E$18,'Base Grupo de Produtos'!$F$2:$F$18) -> 440 | AB32: =_xlfn.XLOOKUP($N32,'Calculo Leads'!$A$97:$A$134,'Calculo Leads'!O$97:O$134)*_xlfn.XLOOKUP($P32,'Base Grupo de Produtos'!$E$2:$E$18,'Base Grupo de Produtos'!$F$2:$F$18) -> 330 | AC32: =SUM(T32:AB32) -> 2565 | AD32: =IF(AC32=0,0,AC32-AG32) -> 2565 | AE32: =IFERROR(_xlfn.XLOOKUP(N32&P32,'Historico Vendas'!G:G,'Historico Vendas'!E:E),0) -> 0 | AF32: =IFERROR((AC32-AE32)/AE32,"") | AG32: =IFERROR(_xlfn.XLOOKUP(N32&P32,'Historico Vendas'!G:G,'Historico Vendas'!F:F),0) -> 0 | AH32: =SUM(Q32:S32) -> 358.80267 | AI32: =AH32-AG32 -> 358.80267 | AJ32: =IFERROR(AG32/AH32,"") -> 0 | AK32: Novos | AL32: =IFERROR(INDEX('Balizador da Meta'!$D$3:$F$23,MATCH(Faturamento!$P32,'Balizador da Meta'!$C$3:$C$23,0),MATCH(Faturamento!AK32,'Balizador da Meta'!$D$2:$F$2,0)),"") -> 0
A33: =IF(L33=1,"SIM","NÃO") -> NÃO | B33: =_xlfn.XLOOKUP($N33,'Base de Grupos'!$A:$A,'Base de Grupos'!$D:$D) -> 1000065763 | C33: =_xlfn.XLOOKUP($N33,'Base de Grupos'!$A:$A,'Base de Grupos'!$E:$E) -> CANAL VENDA INTERNA | D33: =_xlfn.XLOOKUP($N33,'Base de Grupos'!$A:$A,'Base de Grupos'!$F:$F) -> 1000065763 | E33: =_xlfn.XLOOKUP($N33,'Base de Grupos'!$A:$A,'Base de Grupos'!$G:$G) -> CANAL VENDA INTERNA | F33: =_xlfn.XLOOKUP($N33,'Base de Grupos'!$A:$A,'Base de Grupos'!$H:$H) -> 1000105900 | G33: =_xlfn.XLOOKUP($N33,'Base de Grupos'!$A:$A,'Base de Grupos'!$I:$I) -> REGIONAL VENDA DIRETA CO + NE + NO | H33: =_xlfn.XLOOKUP($N33,'Base de Grupos'!$A:$A,'Base de Grupos'!$J:$J) -> 1000105900 | I33: =_xlfn.XLOOKUP($N33,'Base de Grupos'!$A:$A,'Base de Grupos'!$K:$K) -> REGIONAL VENDA DIRETA CO + NE + NO | J33: =_xlfn.XLOOKUP($N33,'Base de Grupos'!$A:$A,'Base de Grupos'!$L:$L) -> 1000150135 | K33: =_xlfn.XLOOKUP($N33,'Base de Grupos'!$A:$A,'Base de Grupos'!$M:$M) -> HELDER DA SILVA BRUNKOW | L33: =IF(N33<>N32,1,"") | M33: =_xlfn.XLOOKUP($N33,'Base de Grupos'!$A:$A,'Base de Grupos'!$C:$C) -> RN | N33: 1325 | O33: VENDA INTERNA RN | P33: S GLUTEN | Q33: 0 | R33: 204.3693 | S33: 204.3693 | T33: =_xlfn.XLOOKUP($N33,'Calculo Leads'!$A$97:$A$134,'Calculo Leads'!G$97:G$134)*_xlfn.XLOOKUP($P33,'Base Grupo de Produtos'!$E$2:$E$18,'Base Grupo de Produtos'!$F$2:$F$18) -> 150 | U33: =_xlfn.XLOOKUP($N33,'Calculo Leads'!$A$97:$A$134,'Calculo Leads'!H$97:H$134)*_xlfn.XLOOKUP($P33,'Base Grupo de Produtos'!$E$2:$E$18,'Base Grupo de Produtos'!$F$2:$F$18) -> 150 | V33: =_xlfn.XLOOKUP($N33,'Calculo Leads'!$A$97:$A$134,'Calculo Leads'!I$97:I$134)*_xlfn.XLOOKUP($P33,'Base Grupo de Produtos'!$E$2:$E$18,'Base Grupo de Produtos'!$F$2:$F$18) -> 200 | W33: =_xlfn.XLOOKUP($N33,'Calculo Leads'!$A$97:$A$134,'Calculo Leads'!J$97:J$134)*_xlfn.XLOOKUP($P33,'Base Grupo de Produtos'!$E$2:$E$18,'Base Grupo de Produtos'!$F$2:$F$18) -> 250 | X33: =_xlfn.XLOOKUP($N33,'Calculo Leads'!$A$97:$A$134,'Calculo Leads'!K$97:K$134)*_xlfn.XLOOKUP($P33,'Base Grupo de Produtos'!$E$2:$E$18,'Base Grupo de Produtos'!$F$2:$F$18) -> 275 | Y33: =_xlfn.XLOOKUP($N33,'Calculo Leads'!$A$97:$A$134,'Calculo Leads'!L$97:L$134)*_xlfn.XLOOKUP($P33,'Base Grupo de Produtos'!$E$2:$E$18,'Base Grupo de Produtos'!$F$2:$F$18) -> 385 | Z33: =_xlfn.XLOOKUP($N33,'Calculo Leads'!$A$97:$A$134,'Calculo Leads'!M$97:M$134)*_xlfn.XLOOKUP($P33,'Base Grupo de Produtos'!$E$2:$E$18,'Base Grupo de Produtos'!$F$2:$F$18) -> 385 | AA33: =_xlfn.XLOOKUP($N33,'Calculo Leads'!$A$97:$A$134,'Calculo Leads'!N$97:N$134)*_xlfn.XLOOKUP($P33,'Base Grupo de Produtos'!$E$2:$E$18,'Base Grupo de Produtos'!$F$2:$F$18) -> 440 | AB33: =_xlfn.XLOOKUP($N33,'Calculo Leads'!$A$97:$A$134,'Calculo Leads'!O$97:O$134)*_xlfn.XLOOKUP($P33,'Base Grupo de Produtos'!$E$2:$E$18,'Base Grupo de Produtos'!$F$2:$F$18) -> 330 | AC33: =SUM(T33:AB33) -> 2565 | AD33: =IF(AC33=0,0,AC33-AG33) -> 2565 | AE33: =IFERROR(_xlfn.XLOOKUP(N33&P33,'Historico Vendas'!G:G,'Historico Vendas'!E:E),0) -> 0 | AF33: =IFERROR((AC33-AE33)/AE33,"") | AG33: =IFERROR(_xlfn.XLOOKUP(N33&P33,'Historico Vendas'!G:G,'Historico Vendas'!F:F),0) -> 0 | AH33: =SUM(Q33:S33) -> 408.7386 | AI33: =AH33-AG33 -> 408.7386 | AJ33: =IFERROR(AG33/AH33,"") -> 0 | AK33: Novos | AL33: =IFERROR(INDEX('Balizador da Meta'!$D$3:$F$23,MATCH(Faturamento!$P33,'Balizador da Meta'!$C$3:$C$23,0),MATCH(Faturamento!AK33,'Balizador da Meta'!$D$2:$F$2,0)),"") -> 0
... A38: =IF(L38=1,"SIM","NÃO") -> NÃO | B38: =_xlfn.XLOOKUP($N38,'Base de Grupos'!$A:$A,'Base de Grupos'!$D:$D) -> 1000065763 | C38: =_xlfn.XLOOKUP($N38,'Base de Grupos'!$A:$A,'Base de Grupos'!$E:$E) -> CANAL VENDA INTERNA | D38: =_xlfn.XLOOKUP($N38,'Base de Grupos'!$A:$A,'Base de Grupos'!$F:$F) -> 1000065763 | E38: =_xlfn.XLOOKUP($N38,'Base de Grupos'!$A:$A,'Base de Grupos'!$G:$G) -> CANAL VENDA INTERNA | F38: =_xlfn.XLOOKUP($N38,'Base de Grupos'!$A:$A,'Base de Grupos'!$H:$H) -> 1000105900 | G38: =_xlfn.XLOOKUP($N38,'Base de Grupos'!$A:$A,'Base de Grupos'!$I:$I) -> REGIONAL VENDA DIRETA CO + NE + NO | H38: =_xlfn.XLOOKUP($N38,'Base de Grupos'!$A:$A,'Base de Grupos'!$J:$J) -> 1000105900 | I38: =_xlfn.XLOOKUP($N38,'Base de Grupos'!$A:$A,'Base de Grupos'!$K:$K) -> REGIONAL VENDA DIRETA CO + NE + NO | J38: =_xlfn.XLOOKUP($N38,'Base de Grupos'!$A:$A,'Base de Grupos'!$L:$L) -> 1000150135 | K38: =_xlfn.XLOOKUP($N38,'Base de Grupos'!$A:$A,'Base de Grupos'!$M:$M) -> HELDER DA SILVA BRUNKOW | L38: =IF(N38<>N37,1,"") | M38: =_xlfn.XLOOKUP($N38,'Base de Grupos'!$A:$A,'Base de Grupos'!$C:$C) -> RN | N38: 1325 | O38: VENDA INTERNA RN | P38: VICCIO | Q38: 0 | R38: 585.9744 | S38: 585.9744 | T38: =_xlfn.XLOOKUP($N38,'Calculo Leads'!$A$97:$A$134,'Calculo Leads'!G$97:G$134)*_xlfn.XLOOKUP($P38,'Base Grupo de Produtos'!$E$2:$E$18,'Base Grupo de Produtos'!$F$2:$F$18) -> 90 | U38: =_xlfn.XLOOKUP($N38,'Calculo Leads'!$A$97:$A$134,'Calculo Leads'!H$97:H$134)*_xlfn.XLOOKUP($P38,'Base Grupo de Produtos'!$E$2:$E$18,'Base Grupo de Produtos'!$F$2:$F$18) -> 90 | V38: =_xlfn.XLOOKUP($N38,'Calculo Leads'!$A$97:$A$134,'Calculo Leads'!I$97:I$134)*_xlfn.XLOOKUP($P38,'Base Grupo de Produtos'!$E$2:$E$18,'Base Grupo de Produtos'!$F$2:$F$18) -> 120 | W38: =_xlfn.XLOOKUP($N38,'Calculo Leads'!$A$97:$A$134,'Calculo Leads'!J$97:J$134)*_xlfn.XLOOKUP($P38,'Base Grupo de Produtos'!$E$2:$E$18,'Base Grupo de Produtos'!$F$2:$F$18) -> 150 | X38: =_xlfn.XLOOKUP($N38,'Calculo Leads'!$A$97:$A$134,'Calculo Leads'!K$97:K$134)*_xlfn.XLOOKUP($P38,'Base Grupo de Produtos'!$E$2:$E$18,'Base Grupo de Produtos'!$F$2:$F$18) -> 165 | Y38: =_xlfn.XLOOKUP($N38,'Calculo Leads'!$A$97:$A$134,'Calculo Leads'!L$97:L$134)*_xlfn.XLOOKUP($P38,'Base Grupo de Produtos'!$E$2:$E$18,'Base Grupo de Produtos'!$F$2:$F$18) -> 231 | Z38: =_xlfn.XLOOKUP($N38,'Calculo Leads'!$A$97:$A$134,'Calculo Leads'!M$97:M$134)*_xlfn.XLOOKUP($P38,'Base Grupo de Produtos'!$E$2:$E$18,'Base Grupo de Produtos'!$F$2:$F$18) -> 231 | AA38: =_xlfn.XLOOKUP($N38,'Calculo Leads'!$A$97:$A$134,'Calculo Leads'!N$97:N$134)*_xlfn.XLOOKUP($P38,'Base Grupo de Produtos'!$E$2:$E$18,'Base Grupo de Produtos'!$F$2:$F$18) -> 264 | AB38: =_xlfn.XLOOKUP($N38,'Calculo Leads'!$A$97:$A$134,'Calculo Leads'!O$97:O$134)*_xlfn.XLOOKUP($P38,'Base Grupo de Produtos'!$E$2:$E$18,'Base Grupo de Produtos'!$F$2:$F$18) -> 198 | AC38: =SUM(T38:AB38) -> 1539 | AD38: =IF(AC38=0,0,AC38-AG38) -> 1539 | AE38: =IFERROR(_xlfn.XLOOKUP(N38&P38,'Historico Vendas'!G:G,'Historico Vendas'!E:E),0) -> 0 | AF38: =IFERROR((AC38-AE38)/AE38,"") | AG38: =IFERROR(_xlfn.XLOOKUP(N38&P38,'Historico Vendas'!G:G,'Historico Vendas'!F:F),0) -> 0 | AH38: =SUM(Q38:S38) -> 1171.9488 | AI38: =AH38-AG38 -> 1171.9488 | AJ38: =IFERROR(AG38/AH38,"") -> 0 | AK38: Novos | AL38: =IFERROR(INDEX('Balizador da Meta'!$D$3:$F$23,MATCH(Faturamento!$P38,'Balizador da Meta'!$C$3:$C$23,0),MATCH(Faturamento!AK38,'Balizador da Meta'!$D$2:$F$2,0)),"") -> 0.2
A39: =IF(L39=1,"SIM","NÃO") -> SIM | B39: =_xlfn.XLOOKUP($N39,'Base de Grupos'!$A:$A,'Base de Grupos'!$D:$D) -> 1000065763 | C39: =_xlfn.XLOOKUP($N39,'Base de Grupos'!$A:$A,'Base de Grupos'!$E:$E) -> CANAL VENDA INTERNA | D39: =_xlfn.XLOOKUP($N39,'Base de Grupos'!$A:$A,'Base de Grupos'!$F:$F) -> 1000065763 | E39: =_xlfn.XLOOKUP($N39,'Base de Grupos'!$A:$A,'Base de Grupos'!$G:$G) -> CANAL VENDA INTERNA | F39: =_xlfn.XLOOKUP($N39,'Base de Grupos'!$A:$A,'Base de Grupos'!$H:$H) -> 1000105900 | G39: =_xlfn.XLOOKUP($N39,'Base de Grupos'!$A:$A,'Base de Grupos'!$I:$I) -> REGIONAL VENDA DIRETA CO + NE + NO | H39: =_xlfn.XLOOKUP($N39,'Base de Grupos'!$A:$A,'Base de Grupos'!$J:$J) -> 1000105900 | I39: =_xlfn.XLOOKUP($N39,'Base de Grupos'!$A:$A,'Base de Grupos'!$K:$K) -> REGIONAL VENDA DIRETA CO + NE + NO | J39: =_xlfn.XLOOKUP($N39,'Base de Grupos'!$A:$A,'Base de Grupos'!$L:$L) -> 1000150135 | K39: =_xlfn.XLOOKUP($N39,'Base de Grupos'!$A:$A,'Base de Grupos'!$M:$M) -> HELDER DA SILVA BRUNKOW | L39: =IF(N39<>N38,1,"") -> 1 | M39: =_xlfn.XLOOKUP($N39,'Base de Grupos'!$A:$A,'Base de Grupos'!$C:$C) -> CE | N39: 1326 | O39: VENDA INTERNA CE | P39: 1. TOTAL - VENDA INTERNA CE | Q39: =SUM(Q40:Q56) -> 0 | R39: =SUM(R40:R56) -> 0 | S39: =SUM(S40:S56) -> 0 | T39: =SUM(T40:T56) -> 2000 | U39: =SUM(U40:U56) -> 3000 | V39: =SUM(V40:V56) -> 3000 | W39: =SUM(W40:W56) -> 4000 | X39: =SUM(X40:X56) -> 4400 | ... AE39: =SUM(AE40:AE56) -> 0 | AF39: =IFERROR((AC39-AE39)/AE39,"") | AG39: =SUM(AG40:AG56) -> 0 | AH39: =SUM(AH40:AH56) -> 0 | AI39: =SUM(AI40:AI56) -> 0 | AJ39: =IFERROR(AG39/AH39,"")
A40: =IF(L40=1,"SIM","NÃO") -> NÃO | B40: =_xlfn.XLOOKUP($N40,'Base de Grupos'!$A:$A,'Base de Grupos'!$D:$D) -> 1000065763 | C40: =_xlfn.XLOOKUP($N40,'Base de Grupos'!$A:$A,'Base de Grupos'!$E:$E) -> CANAL VENDA INTERNA | D40: =_xlfn.XLOOKUP($N40,'Base de Grupos'!$A:$A,'Base de Grupos'!$F:$F) -> 1000065763 | E40: =_xlfn.XLOOKUP($N40,'Base de Grupos'!$A:$A,'Base de Grupos'!$G:$G) -> CANAL VENDA INTERNA | F40: =_xlfn.XLOOKUP($N40,'Base de Grupos'!$A:$A,'Base de Grupos'!$H:$H) -> 1000105900 | G40: =_xlfn.XLOOKUP($N40,'Base de Grupos'!$A:$A,'Base de Grupos'!$I:$I) -> REGIONAL VENDA DIRETA CO + NE + NO | H40: =_xlfn.XLOOKUP($N40,'Base de Grupos'!$A:$A,'Base de Grupos'!$J:$J) -> 1000105900 | I40: =_xlfn.XLOOKUP($N40,'Base de Grupos'!$A:$A,'Base de Grupos'!$K:$K) -> REGIONAL VENDA DIRETA CO + NE + NO | J40: =_xlfn.XLOOKUP($N40,'Base de Grupos'!$A:$A,'Base de Grupos'!$L:$L) -> 1000150135 | K40: =_xlfn.XLOOKUP($N40,'Base de Grupos'!$A:$A,'Base de Grupos'!$M:$M) -> HELDER DA SILVA BRUNKOW | L40: =IF(N40<>N39,1,"") | M40: =_xlfn.XLOOKUP($N40,'Base de Grupos'!$A:$A,'Base de Grupos'!$C:$C) -> CE | N40: 1326 | O40: VENDA INTERNA CE | P40: BISCOITO | Q40: 0 | R40: 0 | S40: 0 | T40: =_xlfn.XLOOKUP($N40,'Calculo Leads'!$A$97:$A$134,'Calculo Leads'!G$97:G$134)*_xlfn.XLOOKUP($P40,'Base Grupo de Produtos'!$E$2:$E$18,'Base Grupo de Produtos'!$F$2:$F$18) -> 100 | U40: =_xlfn.XLOOKUP($N40,'Calculo Leads'!$A$97:$A$134,'Calculo Leads'!H$97:H$134)*_xlfn.XLOOKUP($P40,'Base Grupo de Produtos'!$E$2:$E$18,'Base Grupo de Produtos'!$F$2:$F$18) -> 150 | V40: =_xlfn.XLOOKUP($N40,'Calculo Leads'!$A$97:$A$134,'Calculo Leads'!I$97:I$134)*_xlfn.XLOOKUP($P40,'Base Grupo de Produtos'!$E$2:$E$18,'Base Grupo de Produtos'!$F$2:$F$18) -> 150 | W40: =_xlfn.XLOOKUP($N40,'Calculo Leads'!$A$97:$A$134,'Calculo Leads'!J$97:J$134)*_xlfn.XLOOKUP($P40,'Base Grupo de Produtos'!$E$2:$E$18,'Base Grupo de Produtos'!$F$2:$F$18) -> 200 | X40: =_xlfn.XLOOKUP($N40,'Calculo Leads'!$A$97:$A$134,'Calculo Leads'!K$97:K$134)*_xlfn.XLOOKUP($P40,'Base Grupo de Produtos'!$E$2:$E$18,'Base Grupo de Produtos'!$F$2:$F$18) -> 220 | Y40: =_xlfn.XLOOKUP($N40,'Calculo Leads'!$A$97:$A$134,'Calculo Leads'!L$97:L$134)*_xlfn.XLOOKUP($P40,'Base Grupo de Produtos'!$E$2:$E$18,'Base Grupo de Produtos'!$F$2:$F$18) -> 275 | Z40: =_xlfn.XLOOKUP($N40,'Calculo Leads'!$A$97:$A$134,'Calculo Leads'!M$97:M$134)*_xlfn.XLOOKUP($P40,'Base Grupo de Produtos'!$E$2:$E$18,'Base Grupo de Produtos'!$F$2:$F$18) -> 330 | AA40: =_xlfn.XLOOKUP($N40,'Calculo Leads'!$A$97:$A$134,'Calculo Leads'!N$97:N$134)*_xlfn.XLOOKUP($P40,'Base Grupo de Produtos'!$E$2:$E$18,'Base Grupo de Produtos'!$F$2:$F$18) -> 385 | AB40: =_xlfn.XLOOKUP($N40,'Calculo Leads'!$A$97:$A$134,'Calculo Leads'!O$97:O$134)*_xlfn.XLOOKUP($P40,'Base Grupo de Produtos'!$E$2:$E$18,'Base Grupo de Produtos'!$F$2:$F$18) -> 275 | AC40: =SUM(T40:AB40) -> 2085 | AD40: =IF(AC40=0,0,AC40-AG40) -> 2085 | AE40: =IFERROR(_xlfn.XLOOKUP(N40&P40,'Historico Vendas'!G:G,'Historico Vendas'!E:E),0) -> 0 | AF40: =IFERROR((AC40-AE40)/AE40,"") | AG40: =IFERROR(_xlfn.XLOOKUP(N40&P40,'Historico Vendas'!G:G,'Historico Vendas'!F:F),0) -> 0 | AH40: =SUM(Q40:S40) -> 0 | AI40: =AH40-AG40 -> 0 | AJ40: =IFERROR(AG40/AH40,"") | AK40: Novos | AL40: =IFERROR(INDEX('Balizador da Meta'!$D$3:$F$23,MATCH(Faturamento!$P40,'Balizador da Meta'!$C$3:$C$23,0),MATCH(Faturamento!AK40,'Balizador da Meta'!$D$2:$F$2,0)),"") -> 0.2
A41: =IF(L41=1,"SIM","NÃO") -> NÃO | B41: =_xlfn.XLOOKUP($N41,'Base de Grupos'!$A:$A,'Base de Grupos'!$D:$D) -> 1000065763 | C41: =_xlfn.XLOOKUP($N41,'Base de Grupos'!$A:$A,'Base de Grupos'!$E:$E) -> CANAL VENDA INTERNA | D41: =_xlfn.XLOOKUP($N41,'Base de Grupos'!$A:$A,'Base de Grupos'!$F:$F) -> 1000065763 | E41: =_xlfn.XLOOKUP($N41,'Base de Grupos'!$A:$A,'Base de Grupos'!$G:$G) -> CANAL VENDA INTERNA | F41: =_xlfn.XLOOKUP($N41,'Base de Grupos'!$A:$A,'Base de Grupos'!$H:$H) -> 1000105900 | G41: =_xlfn.XLOOKUP($N41,'Base de Grupos'!$A:$A,'Base de Grupos'!$I:$I) -> REGIONAL VENDA DIRETA CO + NE + NO | H41: =_xlfn.XLOOKUP($N41,'Base de Grupos'!$A:$A,'Base de Grupos'!$J:$J) -> 1000105900 | I41: =_xlfn.XLOOKUP($N41,'Base de Grupos'!$A:$A,'Base de Grupos'!$K:$K) -> REGIONAL VENDA DIRETA CO + NE + NO | J41: =_xlfn.XLOOKUP($N41,'Base de Grupos'!$A:$A,'Base de Grupos'!$L:$L) -> 1000150135 | K41: =_xlfn.XLOOKUP($N41,'Base de Grupos'!$A:$A,'Base de Grupos'!$M:$M) -> HELDER DA SILVA BRUNKOW | L41: =IF(N41<>N40,1,"") | M41: =_xlfn.XLOOKUP($N41,'Base de Grupos'!$A:$A,'Base de Grupos'!$C:$C) -> CE | N41: 1326 | O41: VENDA INTERNA CE | P41: CHOCOLATES | Q41: 0 | R41: 0 | S41: 0 | T41: =_xlfn.XLOOKUP($N41,'Calculo Leads'!$A$97:$A$134,'Calculo Leads'!G$97:G$134)*_xlfn.XLOOKUP($P41,'Base Grupo de Produtos'!$E$2:$E$18,'Base Grupo de Produtos'!$F$2:$F$18) -> 100 | U41: =_xlfn.XLOOKUP($N41,'Calculo Leads'!$A$97:$A$134,'Calculo Leads'!H$97:H$134)*_xlfn.XLOOKUP($P41,'Base Grupo de Produtos'!$E$2:$E$18,'Base Grupo de Produtos'!$F$2:$F$18) -> 150 | V41: =_xlfn.XLOOKUP($N41,'Calculo Leads'!$A$97:$A$134,'Calculo Leads'!I$97:I$134)*_xlfn.XLOOKUP($P41,'Base Grupo de Produtos'!$E$2:$E$18,'Base Grupo de Produtos'!$F$2:$F$18) -> 150 | W41: =_xlfn.XLOOKUP($N41,'Calculo Leads'!$A$97:$A$134,'Calculo Leads'!J$97:J$134)*_xlfn.XLOOKUP($P41,'Base Grupo de Produtos'!$E$2:$E$18,'Base Grupo de Produtos'!$F$2:$F$18) -> 200 | X41: =_xlfn.XLOOKUP($N41,'Calculo Leads'!$A$97:$A$134,'Calculo Leads'!K$97:K$134)*_xlfn.XLOOKUP($P41,'Base Grupo de Produtos'!$E$2:$E$18,'Base Grupo de Produtos'!$F$2:$F$18) -> 220 | Y41: =_xlfn.XLOOKUP($N41,'Calculo Leads'!$A$97:$A$134,'Calculo Leads'!L$97:L$134)*_xlfn.XLOOKUP($P41,'Base Grupo de Produtos'!$E$2:$E$18,'Base Grupo de Produtos'!$F$2:$F$18) -> 275 | Z41: =_xlfn.XLOOKUP($N41,'Calculo Leads'!$A$97:$A$134,'Calculo Leads'!M$97:M$134)*_xlfn.XLOOKUP($P41,'Base Grupo de Produtos'!$E$2:$E$18,'Base Grupo de Produtos'!$F$2:$F$18) -> 330 | AA41: =_xlfn.XLOOKUP($N41,'Calculo Leads'!$A$97:$A$134,'Calculo Leads'!N$97:N$134)*_xlfn.XLOOKUP($P41,'Base Grupo de Produtos'!$E$2:$E$18,'Base Grupo de Produtos'!$F$2:$F$18) -> 385 | AB41: =_xlfn.XLOOKUP($N41,'Calculo Leads'!$A$97:$A$134,'Calculo Leads'!O$97:O$134)*_xlfn.XLOOKUP($P41,'Base Grupo de Produtos'!$E$2:$E$18,'Base Grupo de Produtos'!$F$2:$F$18) -> 275 | AC41: =SUM(T41:AB41) -> 2085 | AD41: =IF(AC41=0,0,AC41-AG41) -> 2085 | AE41: =IFERROR(_xlfn.XLOOKUP(N41&P41,'Historico Vendas'!G:G,'Historico Vendas'!E:E),0) -> 0 | AF41: =IFERROR((AC41-AE41)/AE41,"") | AG41: =IFERROR(_xlfn.XLOOKUP(N41&P41,'Historico Vendas'!G:G,'Historico Vendas'!F:F),0) -> 0 | AH41: =SUM(Q41:S41) -> 0 | AI41: =AH41-AG41 -> 0 | AJ41: =IFERROR(AG41/AH41,"") | AK41: Novos | AL41: =IFERROR(INDEX('Balizador da Meta'!$D$3:$F$23,MATCH(Faturamento!$P41,'Balizador da Meta'!$C$3:$C$23,0),MATCH(Faturamento!AK41,'Balizador da Meta'!$D$2:$F$2,0)),"") -> 0.2
A42: =IF(L42=1,"SIM","NÃO") -> NÃO | B42: =_xlfn.XLOOKUP($N42,'Base de Grupos'!$A:$A,'Base de Grupos'!$D:$D) -> 1000065763 | C42: =_xlfn.XLOOKUP($N42,'Base de Grupos'!$A:$A,'Base de Grupos'!$E:$E) -> CANAL VENDA INTERNA | D42: =_xlfn.XLOOKUP($N42,'Base de Grupos'!$A:$A,'Base de Grupos'!$F:$F) -> 1000065763 | E42: =_xlfn.XLOOKUP($N42,'Base de Grupos'!$A:$A,'Base de Grupos'!$G:$G) -> CANAL VENDA INTERNA | F42: =_xlfn.XLOOKUP($N42,'Base de Grupos'!$A:$A,'Base de Grupos'!$H:$H) -> 1000105900 | G42: =_xlfn.XLOOKUP($N42,'Base de Grupos'!$A:$A,'Base de Grupos'!$I:$I) -> REGIONAL VENDA DIRETA CO + NE + NO | H42: =_xlfn.XLOOKUP($N42,'Base de Grupos'!$A:$A,'Base de Grupos'!$J:$J) -> 1000105900 | I42: =_xlfn.XLOOKUP($N42,'Base de Grupos'!$A:$A,'Base de Grupos'!$K:$K) -> REGIONAL VENDA DIRETA CO + NE + NO | J42: =_xlfn.XLOOKUP($N42,'Base de Grupos'!$A:$A,'Base de Grupos'!$L:$L) -> 1000150135 | K42: =_xlfn.XLOOKUP($N42,'Base de Grupos'!$A:$A,'Base de Grupos'!$M:$M) -> HELDER DA SILVA BRUNKOW | L42: =IF(N42<>N41,1,"") | M42: =_xlfn.XLOOKUP($N42,'Base de Grupos'!$A:$A,'Base de Grupos'!$C:$C) -> CE | N42: 1326 | O42: VENDA INTERNA CE | P42: DISNEY | Q42: 0 | R42: 0 | S42: 0 | T42: =_xlfn.XLOOKUP($N42,'Calculo Leads'!$A$97:$A$134,'Calculo Leads'!G$97:G$134)*_xlfn.XLOOKUP($P42,'Base Grupo de Produtos'!$E$2:$E$18,'Base Grupo de Produtos'!$F$2:$F$18) -> 160 | U42: =_xlfn.XLOOKUP($N42,'Calculo Leads'!$A$97:$A$134,'Calculo Leads'!H$97:H$134)*_xlfn.XLOOKUP($P42,'Base Grupo de Produtos'!$E$2:$E$18,'Base Grupo de Produtos'!$F$2:$F$18) -> 240 | V42: =_xlfn.XLOOKUP($N42,'Calculo Leads'!$A$97:$A$134,'Calculo Leads'!I$97:I$134)*_xlfn.XLOOKUP($P42,'Base Grupo de Produtos'!$E$2:$E$18,'Base Grupo de Produtos'!$F$2:$F$18) -> 240 | W42: =_xlfn.XLOOKUP($N42,'Calculo Leads'!$A$97:$A$134,'Calculo Leads'!J$97:J$134)*_xlfn.XLOOKUP($P42,'Base Grupo de Produtos'!$E$2:$E$18,'Base Grupo de Produtos'!$F$2:$F$18) -> 320 | X42: =_xlfn.XLOOKUP($N42,'Calculo Leads'!$A$97:$A$134,'Calculo Leads'!K$97:K$134)*_xlfn.XLOOKUP($P42,'Base Grupo de Produtos'!$E$2:$E$18,'Base Grupo de Produtos'!$F$2:$F$18) -> 352 | Y42: =_xlfn.XLOOKUP($N42,'Calculo Leads'!$A$97:$A$134,'Calculo Leads'!L$97:L$134)*_xlfn.XLOOKUP($P42,'Base Grupo de Produtos'!$E$2:$E$18,'Base Grupo de Produtos'!$F$2:$F$18) -> 440 | Z42: =_xlfn.XLOOKUP($N42,'Calculo Leads'!$A$97:$A$134,'Calculo Leads'!M$97:M$134)*_xlfn.XLOOKUP($P42,'Base Grupo de Produtos'!$E$2:$E$18,'Base Grupo de Produtos'!$F$2:$F$18) -> 528 | AA42: =_xlfn.XLOOKUP($N42,'Calculo Leads'!$A$97:$A$134,'Calculo Leads'!N$97:N$134)*_xlfn.XLOOKUP($P42,'Base Grupo de Produtos'!$E$2:$E$18,'Base Grupo de Produtos'!$F$2:$F$18) -> 616 | AB42: =_xlfn.XLOOKUP($N42,'Calculo Leads'!$A$97:$A$134,'Calculo Leads'!O$97:O$134)*_xlfn.XLOOKUP($P42,'Base Grupo de Produtos'!$E$2:$E$18,'Base Grupo de Produtos'!$F$2:$F$18) -> 440 | AC42: =SUM(T42:AB42) -> 3336 | AD42: =IF(AC42=0,0,AC42-AG42) -> 3336 | AE42: =IFERROR(_xlfn.XLOOKUP(N42&P42,'Historico Vendas'!G:G,'Historico Vendas'!E:E),0) -> 0 | AF42: =IFERROR((AC42-AE42)/AE42,"") | AG42: =IFERROR(_xlfn.XLOOKUP(N42&P42,'Historico Vendas'!G:G,'Historico Vendas'!F:F),0) -> 0 | AH42: =SUM(Q42:S42) -> 0 | AI42: =AH42-AG42 -> 0 | AJ42: =IFERROR(AG42/AH42,"") | AK42: Novos | AL42: =IFERROR(INDEX('Balizador da Meta'!$D$3:$F$23,MATCH(Faturamento!$P42,'Balizador da Meta'!$C$3:$C$23,0),MATCH(Faturamento!AK42,'Balizador da Meta'!$D$2:$F$2,0)),"") -> 0.15
A43: =IF(L43=1,"SIM","NÃO") -> NÃO | B43: =_xlfn.XLOOKUP($N43,'Base de Grupos'!$A:$A,'Base de Grupos'!$D:$D) -> 1000065763 | C43: =_xlfn.XLOOKUP($N43,'Base de Grupos'!$A:$A,'Base de Grupos'!$E:$E) -> CANAL VENDA INTERNA | D43: =_xlfn.XLOOKUP($N43,'Base de Grupos'!$A:$A,'Base de Grupos'!$F:$F) -> 1000065763 | E43: =_xlfn.XLOOKUP($N43,'Base de Grupos'!$A:$A,'Base de Grupos'!$G:$G) -> CANAL VENDA INTERNA | F43: =_xlfn.XLOOKUP($N43,'Base de Grupos'!$A:$A,'Base de Grupos'!$H:$H) -> 1000105900 | G43: =_xlfn.XLOOKUP($N43,'Base de Grupos'!$A:$A,'Base de Grupos'!$I:$I) -> REGIONAL VENDA DIRETA CO + NE + NO | H43: =_xlfn.XLOOKUP($N43,'Base de Grupos'!$A:$A,'Base de Grupos'!$J:$J) -> 1000105900 | I43: =_xlfn.XLOOKUP($N43,'Base de Grupos'!$A:$A,'Base de Grupos'!$K:$K) -> REGIONAL VENDA DIRETA CO + NE + NO | J43: =_xlfn.XLOOKUP($N43,'Base de Grupos'!$A:$A,'Base de Grupos'!$L:$L) -> 1000150135 | K43: =_xlfn.XLOOKUP($N43,'Base de Grupos'!$A:$A,'Base de Grupos'!$M:$M) -> HELDER DA SILVA BRUNKOW | L43: =IF(N43<>N42,1,"") | M43: =_xlfn.XLOOKUP($N43,'Base de Grupos'!$A:$A,'Base de Grupos'!$C:$C) -> CE | N43: 1326 | O43: VENDA INTERNA CE | P43: DOCES | Q43: 0 | R43: 0 | S43: 0 | T43: =_xlfn.XLOOKUP($N43,'Calculo Leads'!$A$97:$A$134,'Calculo Leads'!G$97:G$134)*_xlfn.XLOOKUP($P43,'Base Grupo de Produtos'!$E$2:$E$18,'Base Grupo de Produtos'!$F$2:$F$18) -> 200 | U43: =_xlfn.XLOOKUP($N43,'Calculo Leads'!$A$97:$A$134,'Calculo Leads'!H$97:H$134)*_xlfn.XLOOKUP($P43,'Base Grupo de Produtos'!$E$2:$E$18,'Base Grupo de Produtos'!$F$2:$F$18) -> 300 | V43: =_xlfn.XLOOKUP($N43,'Calculo Leads'!$A$97:$A$134,'Calculo Leads'!I$97:I$134)*_xlfn.XLOOKUP($P43,'Base Grupo de Produtos'!$E$2:$E$18,'Base Grupo de Produtos'!$F$2:$F$18) -> 300 | W43: =_xlfn.XLOOKUP($N43,'Calculo Leads'!$A$97:$A$134,'Calculo Leads'!J$97:J$134)*_xlfn.XLOOKUP($P43,'Base Grupo de Produtos'!$E$2:$E$18,'Base Grupo de Produtos'!$F$2:$F$18) -> 400 | X43: =_xlfn.XLOOKUP($N43,'Calculo Leads'!$A$97:$A$134,'Calculo Leads'!K$97:K$134)*_xlfn.XLOOKUP($P43,'Base Grupo de Produtos'!$E$2:$E$18,'Base Grupo de Produtos'!$F$2:$F$18) -> 440 | Y43: =_xlfn.XLOOKUP($N43,'Calculo Leads'!$A$97:$A$134,'Calculo Leads'!L$97:L$134)*_xlfn.XLOOKUP($P43,'Base Grupo de Produtos'!$E$2:$E$18,'Base Grupo de Produtos'!$F$2:$F$18) -> 550 | Z43: =_xlfn.XLOOKUP($N43,'Calculo Leads'!$A$97:$A$134,'Calculo Leads'!M$97:M$134)*_xlfn.XLOOKUP($P43,'Base Grupo de Produtos'!$E$2:$E$18,'Base Grupo de Produtos'!$F$2:$F$18) -> 660 | AA43: =_xlfn.XLOOKUP($N43,'Calculo Leads'!$A$97:$A$134,'Calculo Leads'!N$97:N$134)*_xlfn.XLOOKUP($P43,'Base Grupo de Produtos'!$E$2:$E$18,'Base Grupo de Produtos'!$F$2:$F$18) -> 770 | AB43: =_xlfn.XLOOKUP($N43,'Calculo Leads'!$A$97:$A$134,'Calculo Leads'!O$97:O$134)*_xlfn.XLOOKUP($P43,'Base Grupo de Produtos'!$E$2:$E$18,'Base Grupo de Produtos'!$F$2:$F$18) -> 550 | AC43: =SUM(T43:AB43) -> 4170 | AD43: =IF(AC43=0,0,AC43-AG43) -> 4170 | AE43: =IFERROR(_xlfn.XLOOKUP(N43&P43,'Historico Vendas'!G:G,'Historico Vendas'!E:E),0) -> 0 | AF43: =IFERROR((AC43-AE43)/AE43,"") | AG43: =IFERROR(_xlfn.XLOOKUP(N43&P43,'Historico Vendas'!G:G,'Historico Vendas'!F:F),0) -> 0 | AH43: =SUM(Q43:S43) -> 0 | AI43: =AH43-AG43 -> 0 | AJ43: =IFERROR(AG43/AH43,"") | AK43: Novos | AL43: =IFERROR(INDEX('Balizador da Meta'!$D$3:$F$23,MATCH(Faturamento!$P43,'Balizador da Meta'!$C$3:$C$23,0),MATCH(Faturamento!AK43,'Balizador da Meta'!$D$2:$F$2,0)),"") -> 0
A44: =IF(L44=1,"SIM","NÃO") -> NÃO | B44: =_xlfn.XLOOKUP($N44,'Base de Grupos'!$A:$A,'Base de Grupos'!$D:$D) -> 1000065763 | C44: =_xlfn.XLOOKUP($N44,'Base de Grupos'!$A:$A,'Base de Grupos'!$E:$E) -> CANAL VENDA INTERNA | D44: =_xlfn.XLOOKUP($N44,'Base de Grupos'!$A:$A,'Base de Grupos'!$F:$F) -> 1000065763 | E44: =_xlfn.XLOOKUP($N44,'Base de Grupos'!$A:$A,'Base de Grupos'!$G:$G) -> CANAL VENDA INTERNA | F44: =_xlfn.XLOOKUP($N44,'Base de Grupos'!$A:$A,'Base de Grupos'!$H:$H) -> 1000105900 | G44: =_xlfn.XLOOKUP($N44,'Base de Grupos'!$A:$A,'Base de Grupos'!$I:$I) -> REGIONAL VENDA DIRETA CO + NE + NO | H44: =_xlfn.XLOOKUP($N44,'Base de Grupos'!$A:$A,'Base de Grupos'!$J:$J) -> 1000105900 | I44: =_xlfn.XLOOKUP($N44,'Base de Grupos'!$A:$A,'Base de Grupos'!$K:$K) -> REGIONAL VENDA DIRETA CO + NE + NO | J44: =_xlfn.XLOOKUP($N44,'Base de Grupos'!$A:$A,'Base de Grupos'!$L:$L) -> 1000150135 | K44: =_xlfn.XLOOKUP($N44,'Base de Grupos'!$A:$A,'Base de Grupos'!$M:$M) -> HELDER DA SILVA BRUNKOW | L44: =IF(N44<>N43,1,"") | M44: =_xlfn.XLOOKUP($N44,'Base de Grupos'!$A:$A,'Base de Grupos'!$C:$C) -> CE | N44: 1326 | O44: VENDA INTERNA CE | P44: GELEIA | Q44: 0 | R44: 0 | S44: 0 | T44: =_xlfn.XLOOKUP($N44,'Calculo Leads'!$A$97:$A$134,'Calculo Leads'!G$97:G$134)*_xlfn.XLOOKUP($P44,'Base Grupo de Produtos'!$E$2:$E$18,'Base Grupo de Produtos'!$F$2:$F$18) -> 40 | U44: =_xlfn.XLOOKUP($N44,'Calculo Leads'!$A$97:$A$134,'Calculo Leads'!H$97:H$134)*_xlfn.XLOOKUP($P44,'Base Grupo de Produtos'!$E$2:$E$18,'Base Grupo de Produtos'!$F$2:$F$18) -> 60 | V44: =_xlfn.XLOOKUP($N44,'Calculo Leads'!$A$97:$A$134,'Calculo Leads'!I$97:I$134)*_xlfn.XLOOKUP($P44,'Base Grupo de Produtos'!$E$2:$E$18,'Base Grupo de Produtos'!$F$2:$F$18) -> 60 | W44: =_xlfn.XLOOKUP($N44,'Calculo Leads'!$A$97:$A$134,'Calculo Leads'!J$97:J$134)*_xlfn.XLOOKUP($P44,'Base Grupo de Produtos'!$E$2:$E$18,'Base Grupo de Produtos'!$F$2:$F$18) -> 80 | X44: =_xlfn.XLOOKUP($N44,'Calculo Leads'!$A$97:$A$134,'Calculo Leads'!K$97:K$134)*_xlfn.XLOOKUP($P44,'Base Grupo de Produtos'!$E$2:$E$18,'Base Grupo de Produtos'!$F$2:$F$18) -> 88 | Y44: =_xlfn.XLOOKUP($N44,'Calculo Leads'!$A$97:$A$134,'Calculo Leads'!L$97:L$134)*_xlfn.XLOOKUP($P44,'Base Grupo de Produtos'!$E$2:$E$18,'Base Grupo de Produtos'!$F$2:$F$18) -> 110 | Z44: =_xlfn.XLOOKUP($N44,'Calculo Leads'!$A$97:$A$134,'Calculo Leads'!M$97:M$134)*_xlfn.XLOOKUP($P44,'Base Grupo de Produtos'!$E$2:$E$18,'Base Grupo de Produtos'!$F$2:$F$18) -> 132 | AA44: =_xlfn.XLOOKUP($N44,'Calculo Leads'!$A$97:$A$134,'Calculo Leads'!N$97:N$134)*_xlfn.XLOOKUP($P44,'Base Grupo de Produtos'!$E$2:$E$18,'Base Grupo de Produtos'!$F$2:$F$18) -> 154 | AB44: =_xlfn.XLOOKUP($N44,'Calculo Leads'!$A$97:$A$134,'Calculo Leads'!O$97:O$134)*_xlfn.XLOOKUP($P44,'Base Grupo de Produtos'!$E$2:$E$18,'Base Grupo de Produtos'!$F$2:$F$18) -> 110 | AC44: =SUM(T44:AB44) -> 834 | AD44: =IF(AC44=0,0,AC44-AG44) -> 834 | AE44: =IFERROR(_xlfn.XLOOKUP(N44&P44,'Historico Vendas'!G:G,'Historico Vendas'!E:E),0) -> 0 | AF44: =IFERROR((AC44-AE44)/AE44,"") | AG44: =IFERROR(_xlfn.XLOOKUP(N44&P44,'Historico Vendas'!G:G,'Historico Vendas'!F:F),0) -> 0 | AH44: =SUM(Q44:S44) -> 0 | AI44: =AH44-AG44 -> 0 | AJ44: =IFERROR(AG44/AH44,"") | AK44: Novos | AL44: =IFERROR(INDEX('Balizador da Meta'!$D$3:$F$23,MATCH(Faturamento!$P44,'Balizador da Meta'!$C$3:$C$23,0),MATCH(Faturamento!AK44,'Balizador da Meta'!$D$2:$F$2,0)),"") -> 0
A45: =IF(L45=1,"SIM","NÃO") -> NÃO | B45: =_xlfn.XLOOKUP($N45,'Base de Grupos'!$A:$A,'Base de Grupos'!$D:$D) -> 1000065763 | C45: =_xlfn.XLOOKUP($N45,'Base de Grupos'!$A:$A,'Base de Grupos'!$E:$E) -> CANAL VENDA INTERNA | D45: =_xlfn.XLOOKUP($N45,'Base de Grupos'!$A:$A,'Base de Grupos'!$F:$F) -> 1000065763 | E45: =_xlfn.XLOOKUP($N45,'Base de Grupos'!$A:$A,'Base de Grupos'!$G:$G) -> CANAL VENDA INTERNA | F45: =_xlfn.XLOOKUP($N45,'Base de Grupos'!$A:$A,'Base de Grupos'!$H:$H) -> 1000105900 | G45: =_xlfn.XLOOKUP($N45,'Base de Grupos'!$A:$A,'Base de Grupos'!$I:$I) -> REGIONAL VENDA DIRETA CO + NE + NO | H45: =_xlfn.XLOOKUP($N45,'Base de Grupos'!$A:$A,'Base de Grupos'!$J:$J) -> 1000105900 | I45: =_xlfn.XLOOKUP($N45,'Base de Grupos'!$A:$A,'Base de Grupos'!$K:$K) -> REGIONAL VENDA DIRETA CO + NE + NO | J45: =_xlfn.XLOOKUP($N45,'Base de Grupos'!$A:$A,'Base de Grupos'!$L:$L) -> 1000150135 | K45: =_xlfn.XLOOKUP($N45,'Base de Grupos'!$A:$A,'Base de Grupos'!$M:$M) -> HELDER DA SILVA BRUNKOW | L45: =IF(N45<>N44,1,"") | M45: =_xlfn.XLOOKUP($N45,'Base de Grupos'!$A:$A,'Base de Grupos'!$C:$C) -> CE | N45: 1326 | O45: VENDA INTERNA CE | P45: GRANOLA | Q45: 0 | R45: 0 | S45: 0 | T45: =_xlfn.XLOOKUP($N45,'Calculo Leads'!$A$97:$A$134,'Calculo Leads'!G$97:G$134)*_xlfn.XLOOKUP($P45,'Base Grupo de Produtos'!$E$2:$E$18,'Base Grupo de Produtos'!$F$2:$F$18) -> 40 | U45: =_xlfn.XLOOKUP($N45,'Calculo Leads'!$A$97:$A$134,'Calculo Leads'!H$97:H$134)*_xlfn.XLOOKUP($P45,'Base Grupo de Produtos'!$E$2:$E$18,'Base Grupo de Produtos'!$F$2:$F$18) -> 60 | V45: =_xlfn.XLOOKUP($N45,'Calculo Leads'!$A$97:$A$134,'Calculo Leads'!I$97:I$134)*_xlfn.XLOOKUP($P45,'Base Grupo de Produtos'!$E$2:$E$18,'Base Grupo de Produtos'!$F$2:$F$18) -> 60 | W45: =_xlfn.XLOOKUP($N45,'Calculo Leads'!$A$97:$A$134,'Calculo Leads'!J$97:J$134)*_xlfn.XLOOKUP($P45,'Base Grupo de Produtos'!$E$2:$E$18,'Base Grupo de Produtos'!$F$2:$F$18) -> 80 | X45: =_xlfn.XLOOKUP($N45,'Calculo Leads'!$A$97:$A$134,'Calculo Leads'!K$97:K$134)*_xlfn.XLOOKUP($P45,'Base Grupo de Produtos'!$E$2:$E$18,'Base Grupo de Produtos'!$F$2:$F$18) -> 88 | Y45: =_xlfn.XLOOKUP($N45,'Calculo Leads'!$A$97:$A$134,'Calculo Leads'!L$97:L$134)*_xlfn.XLOOKUP($P45,'Base Grupo de Produtos'!$E$2:$E$18,'Base Grupo de Produtos'!$F$2:$F$18) -> 110 | Z45: =_xlfn.XLOOKUP($N45,'Calculo Leads'!$A$97:$A$134,'Calculo Leads'!M$97:M$134)*_xlfn.XLOOKUP($P45,'Base Grupo de Produtos'!$E$2:$E$18,'Base Grupo de Produtos'!$F$2:$F$18) -> 132 | AA45: =_xlfn.XLOOKUP($N45,'Calculo Leads'!$A$97:$A$134,'Calculo Leads'!N$97:N$134)*_xlfn.XLOOKUP($P45,'Base Grupo de Produtos'!$E$2:$E$18,'Base Grupo de Produtos'!$F$2:$F$18) -> 154 | AB45: =_xlfn.XLOOKUP($N45,'Calculo Leads'!$A$97:$A$134,'Calculo Leads'!O$97:O$134)*_xlfn.XLOOKUP($P45,'Base Grupo de Produtos'!$E$2:$E$18,'Base Grupo de Produtos'!$F$2:$F$18) -> 110 | AC45: =SUM(T45:AB45) -> 834 | AD45: =IF(AC45=0,0,AC45-AG45) -> 834 | AE45: =IFERROR(_xlfn.XLOOKUP(N45&P45,'Historico Vendas'!G:G,'Historico Vendas'!E:E),0) -> 0 | AF45: =IFERROR((AC45-AE45)/AE45,"") | AG45: =IFERROR(_xlfn.XLOOKUP(N45&P45,'Historico Vendas'!G:G,'Historico Vendas'!F:F),0) -> 0 | AH45: =SUM(Q45:S45) -> 0 | AI45: =AH45-AG45 -> 0 | AJ45: =IFERROR(AG45/AH45,"") | AK45: Novos | AL45: =IFERROR(INDEX('Balizador da Meta'!$D$3:$F$23,MATCH(Faturamento!$P45,'Balizador da Meta'!$C$3:$C$23,0),MATCH(Faturamento!AK45,'Balizador da Meta'!$D$2:$F$2,0)),"") -> 0
A46: =IF(L46=1,"SIM","NÃO") -> NÃO | B46: =_xlfn.XLOOKUP($N46,'Base de Grupos'!$A:$A,'Base de Grupos'!$D:$D) -> 1000065763 | C46: =_xlfn.XLOOKUP($N46,'Base de Grupos'!$A:$A,'Base de Grupos'!$E:$E) -> CANAL VENDA INTERNA | D46: =_xlfn.XLOOKUP($N46,'Base de Grupos'!$A:$A,'Base de Grupos'!$F:$F) -> 1000065763 | E46: =_xlfn.XLOOKUP($N46,'Base de Grupos'!$A:$A,'Base de Grupos'!$G:$G) -> CANAL VENDA INTERNA | F46: =_xlfn.XLOOKUP($N46,'Base de Grupos'!$A:$A,'Base de Grupos'!$H:$H) -> 1000105900 | G46: =_xlfn.XLOOKUP($N46,'Base de Grupos'!$A:$A,'Base de Grupos'!$I:$I) -> REGIONAL VENDA DIRETA CO + NE + NO | H46: =_xlfn.XLOOKUP($N46,'Base de Grupos'!$A:$A,'Base de Grupos'!$J:$J) -> 1000105900 | I46: =_xlfn.XLOOKUP($N46,'Base de Grupos'!$A:$A,'Base de Grupos'!$K:$K) -> REGIONAL VENDA DIRETA CO + NE + NO | J46: =_xlfn.XLOOKUP($N46,'Base de Grupos'!$A:$A,'Base de Grupos'!$L:$L) -> 1000150135 | K46: =_xlfn.XLOOKUP($N46,'Base de Grupos'!$A:$A,'Base de Grupos'!$M:$M) -> HELDER DA SILVA BRUNKOW | L46: =IF(N46<>N45,1,"") | M46: =_xlfn.XLOOKUP($N46,'Base de Grupos'!$A:$A,'Base de Grupos'!$C:$C) -> CE | N46: 1326 | O46: VENDA INTERNA CE | P46: KIDS | Q46: 0 | R46: 0 | S46: 0 | T46: =_xlfn.XLOOKUP($N46,'Calculo Leads'!$A$97:$A$134,'Calculo Leads'!G$97:G$134)*_xlfn.XLOOKUP($P46,'Base Grupo de Produtos'!$E$2:$E$18,'Base Grupo de Produtos'!$F$2:$F$18) -> 40 | U46: =_xlfn.XLOOKUP($N46,'Calculo Leads'!$A$97:$A$134,'Calculo Leads'!H$97:H$134)*_xlfn.XLOOKUP($P46,'Base Grupo de Produtos'!$E$2:$E$18,'Base Grupo de Produtos'!$F$2:$F$18) -> 60 | V46: =_xlfn.XLOOKUP($N46,'Calculo Leads'!$A$97:$A$134,'Calculo Leads'!I$97:I$134)*_xlfn.XLOOKUP($P46,'Base Grupo de Produtos'!$E$2:$E$18,'Base Grupo de Produtos'!$F$2:$F$18) -> 60 | W46: =_xlfn.XLOOKUP($N46,'Calculo Leads'!$A$97:$A$134,'Calculo Leads'!J$97:J$134)*_xlfn.XLOOKUP($P46,'Base Grupo de Produtos'!$E$2:$E$18,'Base Grupo de Produtos'!$F$2:$F$18) -> 80 | X46: =_xlfn.XLOOKUP($N46,'Calculo Leads'!$A$97:$A$134,'Calculo Leads'!K$97:K$134)*_xlfn.XLOOKUP($P46,'Base Grupo de Produtos'!$E$2:$E$18,'Base Grupo de Produtos'!$F$2:$F$18) -> 88 | Y46: =_xlfn.XLOOKUP($N46,'Calculo Leads'!$A$97:$A$134,'Calculo Leads'!L$97:L$134)*_xlfn.XLOOKUP($P46,'Base Grupo de Produtos'!$E$2:$E$18,'Base Grupo de Produtos'!$F$2:$F$18) -> 110 | Z46: =_xlfn.XLOOKUP($N46,'Calculo Leads'!$A$97:$A$134,'Calculo Leads'!M$97:M$134)*_xlfn.XLOOKUP($P46,'Base Grupo de Produtos'!$E$2:$E$18,'Base Grupo de Produtos'!$F$2:$F$18) -> 132 | AA46: =_xlfn.XLOOKUP($N46,'Calculo Leads'!$A$97:$A$134,'Calculo Leads'!N$97:N$134)*_xlfn.XLOOKUP($P46,'Base Grupo de Produtos'!$E$2:$E$18,'Base Grupo de Produtos'!$F$2:$F$18) -> 154 | AB46: =_xlfn.XLOOKUP($N46,'Calculo Leads'!$A$97:$A$134,'Calculo Leads'!O$97:O$134)*_xlfn.XLOOKUP($P46,'Base Grupo de Produtos'!$E$2:$E$18,'Base Grupo de Produtos'!$F$2:$F$18) -> 110 | AC46: =SUM(T46:AB46) -> 834 | AD46: =IF(AC46=0,0,AC46-AG46) -> 834 | AE46: =IFERROR(_xlfn.XLOOKUP(N46&P46,'Historico Vendas'!G:G,'Historico Vendas'!E:E),0) -> 0 | AF46: =IFERROR((AC46-AE46)/AE46,"") | AG46: =IFERROR(_xlfn.XLOOKUP(N46&P46,'Historico Vendas'!G:G,'Historico Vendas'!F:F),0) -> 0 | AH46: =SUM(Q46:S46) -> 0 | AI46: =AH46-AG46 -> 0 | AJ46: =IFERROR(AG46/AH46,"") | AK46: Novos | AL46: =IFERROR(INDEX('Balizador da Meta'!$D$3:$F$23,MATCH(Faturamento!$P46,'Balizador da Meta'!$C$3:$C$23,0),MATCH(Faturamento!AK46,'Balizador da Meta'!$D$2:$F$2,0)),"") -> 0
A47: =IF(L47=1,"SIM","NÃO") -> NÃO | B47: =_xlfn.XLOOKUP($N47,'Base de Grupos'!$A:$A,'Base de Grupos'!$D:$D) -> 1000065763 | C47: =_xlfn.XLOOKUP($N47,'Base de Grupos'!$A:$A,'Base de Grupos'!$E:$E) -> CANAL VENDA INTERNA | D47: =_xlfn.XLOOKUP($N47,'Base de Grupos'!$A:$A,'Base de Grupos'!$F:$F) -> 1000065763 | E47: =_xlfn.XLOOKUP($N47,'Base de Grupos'!$A:$A,'Base de Grupos'!$G:$G) -> CANAL VENDA INTERNA | F47: =_xlfn.XLOOKUP($N47,'Base de Grupos'!$A:$A,'Base de Grupos'!$H:$H) -> 1000105900 | G47: =_xlfn.XLOOKUP($N47,'Base de Grupos'!$A:$A,'Base de Grupos'!$I:$I) -> REGIONAL VENDA DIRETA CO + NE + NO | H47: =_xlfn.XLOOKUP($N47,'Base de Grupos'!$A:$A,'Base de Grupos'!$J:$J) -> 1000105900 | I47: =_xlfn.XLOOKUP($N47,'Base de Grupos'!$A:$A,'Base de Grupos'!$K:$K) -> REGIONAL VENDA DIRETA CO + NE + NO | J47: =_xlfn.XLOOKUP($N47,'Base de Grupos'!$A:$A,'Base de Grupos'!$L:$L) -> 1000150135 | K47: =_xlfn.XLOOKUP($N47,'Base de Grupos'!$A:$A,'Base de Grupos'!$M:$M) -> HELDER DA SILVA BRUNKOW | L47: =IF(N47<>N46,1,"") | M47: =_xlfn.XLOOKUP($N47,'Base de Grupos'!$A:$A,'Base de Grupos'!$C:$C) -> CE | N47: 1326 | O47: VENDA INTERNA CE | P47: LANCHES | Q47: 0 | R47: 0 | S47: 0 | T47: =_xlfn.XLOOKUP($N47,'Calculo Leads'!$A$97:$A$134,'Calculo Leads'!G$97:G$134)*_xlfn.XLOOKUP($P47,'Base Grupo de Produtos'!$E$2:$E$18,'Base Grupo de Produtos'!$F$2:$F$18) -> 60 | U47: =_xlfn.XLOOKUP($N47,'Calculo Leads'!$A$97:$A$134,'Calculo Leads'!H$97:H$134)*_xlfn.XLOOKUP($P47,'Base Grupo de Produtos'!$E$2:$E$18,'Base Grupo de Produtos'!$F$2:$F$18) -> 90 | V47: =_xlfn.XLOOKUP($N47,'Calculo Leads'!$A$97:$A$134,'Calculo Leads'!I$97:I$134)*_xlfn.XLOOKUP($P47,'Base Grupo de Produtos'!$E$2:$E$18,'Base Grupo de Produtos'!$F$2:$F$18) -> 90 | W47: =_xlfn.XLOOKUP($N47,'Calculo Leads'!$A$97:$A$134,'Calculo Leads'!J$97:J$134)*_xlfn.XLOOKUP($P47,'Base Grupo de Produtos'!$E$2:$E$18,'Base Grupo de Produtos'!$F$2:$F$18) -> 120 | X47: =_xlfn.XLOOKUP($N47,'Calculo Leads'!$A$97:$A$134,'Calculo Leads'!K$97:K$134)*_xlfn.XLOOKUP($P47,'Base Grupo de Produtos'!$E$2:$E$18,'Base Grupo de Produtos'!$F$2:$F$18) -> 132 | Y47: =_xlfn.XLOOKUP($N47,'Calculo Leads'!$A$97:$A$134,'Calculo Leads'!L$97:L$134)*_xlfn.XLOOKUP($P47,'Base Grupo de Produtos'!$E$2:$E$18,'Base Grupo de Produtos'!$F$2:$F$18) -> 165 | Z47: =_xlfn.XLOOKUP($N47,'Calculo Leads'!$A$97:$A$134,'Calculo Leads'!M$97:M$134)*_xlfn.XLOOKUP($P47,'Base Grupo de Produtos'!$E$2:$E$18,'Base Grupo de Produtos'!$F$2:$F$18) -> 198 | AA47: =_xlfn.XLOOKUP($N47,'Calculo Leads'!$A$97:$A$134,'Calculo Leads'!N$97:N$134)*_xlfn.XLOOKUP($P47,'Base Grupo de Produtos'!$E$2:$E$18,'Base Grupo de Produtos'!$F$2:$F$18) -> 231 | AB47: =_xlfn.XLOOKUP($N47,'Calculo Leads'!$A$97:$A$134,'Calculo Leads'!O$97:O$134)*_xlfn.XLOOKUP($P47,'Base Grupo de Produtos'!$E$2:$E$18,'Base Grupo de Produtos'!$F$2:$F$18) -> 165 | AC47: =SUM(T47:AB47) -> 1251 | AD47: =IF(AC47=0,0,AC47-AG47) -> 1251 | AE47: =IFERROR(_xlfn.XLOOKUP(N47&P47,'Historico Vendas'!G:G,'Historico Vendas'!E:E),0) -> 0 | AF47: =IFERROR((AC47-AE47)/AE47,"") | AG47: =IFERROR(_xlfn.XLOOKUP(N47&P47,'Historico Vendas'!G:G,'Historico Vendas'!F:F),0) -> 0 | AH47: =SUM(Q47:S47) -> 0 | AI47: =AH47-AG47 -> 0 | AJ47: =IFERROR(AG47/AH47,"") | AK47: Novos | AL47: =IFERROR(INDEX('Balizador da Meta'!$D$3:$F$23,MATCH(Faturamento!$P47,'Balizador da Meta'!$C$3:$C$23,0),MATCH(Faturamento!AK47,'Balizador da Meta'!$D$2:$F$2,0)),"") -> 0.15
A48: =IF(L48=1,"SIM","NÃO") -> NÃO | B48: =_xlfn.XLOOKUP($N48,'Base de Grupos'!$A:$A,'Base de Grupos'!$D:$D) -> 1000065763 | C48: =_xlfn.XLOOKUP($N48,'Base de Grupos'!$A:$A,'Base de Grupos'!$E:$E) -> CANAL VENDA INTERNA | D48: =_xlfn.XLOOKUP($N48,'Base de Grupos'!$A:$A,'Base de Grupos'!$F:$F) -> 1000065763 | E48: =_xlfn.XLOOKUP($N48,'Base de Grupos'!$A:$A,'Base de Grupos'!$G:$G) -> CANAL VENDA INTERNA | F48: =_xlfn.XLOOKUP($N48,'Base de Grupos'!$A:$A,'Base de Grupos'!$H:$H) -> 1000105900 | G48: =_xlfn.XLOOKUP($N48,'Base de Grupos'!$A:$A,'Base de Grupos'!$I:$I) -> REGIONAL VENDA DIRETA CO + NE + NO | H48: =_xlfn.XLOOKUP($N48,'Base de Grupos'!$A:$A,'Base de Grupos'!$J:$J) -> 1000105900 | I48: =_xlfn.XLOOKUP($N48,'Base de Grupos'!$A:$A,'Base de Grupos'!$K:$K) -> REGIONAL VENDA DIRETA CO + NE + NO | J48: =_xlfn.XLOOKUP($N48,'Base de Grupos'!$A:$A,'Base de Grupos'!$L:$L) -> 1000150135 | K48: =_xlfn.XLOOKUP($N48,'Base de Grupos'!$A:$A,'Base de Grupos'!$M:$M) -> HELDER DA SILVA BRUNKOW | L48: =IF(N48<>N47,1,"") | M48: =_xlfn.XLOOKUP($N48,'Base de Grupos'!$A:$A,'Base de Grupos'!$C:$C) -> CE | N48: 1326 | O48: VENDA INTERNA CE | P48: MAIS GRANEL | Q48: 0 | R48: 0 | S48: 0 | T48: =_xlfn.XLOOKUP($N48,'Calculo Leads'!$A$97:$A$134,'Calculo Leads'!G$97:G$134)*_xlfn.XLOOKUP($P48,'Base Grupo de Produtos'!$E$2:$E$18,'Base Grupo de Produtos'!$F$2:$F$18) -> 500 | U48: =_xlfn.XLOOKUP($N48,'Calculo Leads'!$A$97:$A$134,'Calculo Leads'!H$97:H$134)*_xlfn.XLOOKUP($P48,'Base Grupo de Produtos'!$E$2:$E$18,'Base Grupo de Produtos'!$F$2:$F$18) -> 750 | V48: =_xlfn.XLOOKUP($N48,'Calculo Leads'!$A$97:$A$134,'Calculo Leads'!I$97:I$134)*_xlfn.XLOOKUP($P48,'Base Grupo de Produtos'!$E$2:$E$18,'Base Grupo de Produtos'!$F$2:$F$18) -> 750 | W48: =_xlfn.XLOOKUP($N48,'Calculo Leads'!$A$97:$A$134,'Calculo Leads'!J$97:J$134)*_xlfn.XLOOKUP($P48,'Base Grupo de Produtos'!$E$2:$E$18,'Base Grupo de Produtos'!$F$2:$F$18) -> 1000 | X48: =_xlfn.XLOOKUP($N48,'Calculo Leads'!$A$97:$A$134,'Calculo Leads'!K$97:K$134)*_xlfn.XLOOKUP($P48,'Base Grupo de Produtos'!$E$2:$E$18,'Base Grupo de Produtos'!$F$2:$F$18) -> 1100 | Y48: =_xlfn.XLOOKUP($N48,'Calculo Leads'!$A$97:$A$134,'Calculo Leads'!L$97:L$134)*_xlfn.XLOOKUP($P48,'Base Grupo de Produtos'!$E$2:$E$18,'Base Grupo de Produtos'!$F$2:$F$18) -> 1375 | Z48: =_xlfn.XLOOKUP($N48,'Calculo Leads'!$A$97:$A$134,'Calculo Leads'!M$97:M$134)*_xlfn.XLOOKUP($P48,'Base Grupo de Produtos'!$E$2:$E$18,'Base Grupo de Produtos'!$F$2:$F$18) -> 1650 | AA48: =_xlfn.XLOOKUP($N48,'Calculo Leads'!$A$97:$A$134,'Calculo Leads'!N$97:N$134)*_xlfn.XLOOKUP($P48,'Base Grupo de Produtos'!$E$2:$E$18,'Base Grupo de Produtos'!$F$2:$F$18) -> 1925 | AB48: =_xlfn.XLOOKUP($N48,'Calculo Leads'!$A$97:$A$134,'Calculo Leads'!O$97:O$134)*_xlfn.XLOOKUP($P48,'Base Grupo de Produtos'!$E$2:$E$18,'Base Grupo de Produtos'!$F$2:$F$18) -> 1375 | AC48: =SUM(T48:AB48) -> 10425 | AD48: =IF(AC48=0,0,AC48-AG48) -> 10425 | AE48: =IFERROR(_xlfn.XLOOKUP(N48&P48,'Historico Vendas'!G:G,'Historico Vendas'!E:E),0) -> 0 | AF48: =IFERROR((AC48-AE48)/AE48,"") | AG48: =IFERROR(_xlfn.XLOOKUP(N48&P48,'Historico Vendas'!G:G,'Historico Vendas'!F:F),0) -> 0 | AH48: =SUM(Q48:S48) -> 0 | AI48: =AH48-AG48 -> 0 | AJ48: =IFERROR(AG48/AH48,"") | AK48: Novos | AL48: =IFERROR(INDEX('Balizador da Meta'!$D$3:$F$23,MATCH(Faturamento!$P48,'Balizador da Meta'!$C$3:$C$23,0),MATCH(Faturamento!AK48,'Balizador da Meta'!$D$2:$F$2,0)),"") -> 0
A49: =IF(L49=1,"SIM","NÃO") -> NÃO | B49: =_xlfn.XLOOKUP($N49,'Base de Grupos'!$A:$A,'Base de Grupos'!$D:$D) -> 1000065763 | C49: =_xlfn.XLOOKUP($N49,'Base de Grupos'!$A:$A,'Base de Grupos'!$E:$E) -> CANAL VENDA INTERNA | D49: =_xlfn.XLOOKUP($N49,'Base de Grupos'!$A:$A,'Base de Grupos'!$F:$F) -> 1000065763 | E49: =_xlfn.XLOOKUP($N49,'Base de Grupos'!$A:$A,'Base de Grupos'!$G:$G) -> CANAL VENDA INTERNA | F49: =_xlfn.XLOOKUP($N49,'Base de Grupos'!$A:$A,'Base de Grupos'!$H:$H) -> 1000105900 | G49: =_xlfn.XLOOKUP($N49,'Base de Grupos'!$A:$A,'Base de Grupos'!$I:$I) -> REGIONAL VENDA DIRETA CO + NE + NO | H49: =_xlfn.XLOOKUP($N49,'Base de Grupos'!$A:$A,'Base de Grupos'!$J:$J) -> 1000105900 | I49: =_xlfn.XLOOKUP($N49,'Base de Grupos'!$A:$A,'Base de Grupos'!$K:$K) -> REGIONAL VENDA DIRETA CO + NE + NO | J49: =_xlfn.XLOOKUP($N49,'Base de Grupos'!$A:$A,'Base de Grupos'!$L:$L) -> 1000150135 | K49: =_xlfn.XLOOKUP($N49,'Base de Grupos'!$A:$A,'Base de Grupos'!$M:$M) -> HELDER DA SILVA BRUNKOW | L49: =IF(N49<>N48,1,"") | M49: =_xlfn.XLOOKUP($N49,'Base de Grupos'!$A:$A,'Base de Grupos'!$C:$C) -> CE | N49: 1326 | O49: VENDA INTERNA CE | P49: NATURATTA | Q49: 0 | R49: 0 | S49: 0 | T49: =_xlfn.XLOOKUP($N49,'Calculo Leads'!$A$97:$A$134,'Calculo Leads'!G$97:G$134)*_xlfn.XLOOKUP($P49,'Base Grupo de Produtos'!$E$2:$E$18,'Base Grupo de Produtos'!$F$2:$F$18) -> 100 | U49: =_xlfn.XLOOKUP($N49,'Calculo Leads'!$A$97:$A$134,'Calculo Leads'!H$97:H$134)*_xlfn.XLOOKUP($P49,'Base Grupo de Produtos'!$E$2:$E$18,'Base Grupo de Produtos'!$F$2:$F$18) -> 150 | V49: =_xlfn.XLOOKUP($N49,'Calculo Leads'!$A$97:$A$134,'Calculo Leads'!I$97:I$134)*_xlfn.XLOOKUP($P49,'Base Grupo de Produtos'!$E$2:$E$18,'Base Grupo de Produtos'!$F$2:$F$18) -> 150 | W49: =_xlfn.XLOOKUP($N49,'Calculo Leads'!$A$97:$A$134,'Calculo Leads'!J$97:J$134)*_xlfn.XLOOKUP($P49,'Base Grupo de Produtos'!$E$2:$E$18,'Base Grupo de Produtos'!$F$2:$F$18) -> 200 | X49: =_xlfn.XLOOKUP($N49,'Calculo Leads'!$A$97:$A$134,'Calculo Leads'!K$97:K$134)*_xlfn.XLOOKUP($P49,'Base Grupo de Produtos'!$E$2:$E$18,'Base Grupo de Produtos'!$F$2:$F$18) -> 220 | Y49: =_xlfn.XLOOKUP($N49,'Calculo Leads'!$A$97:$A$134,'Calculo Leads'!L$97:L$134)*_xlfn.XLOOKUP($P49,'Base Grupo de Produtos'!$E$2:$E$18,'Base Grupo de Produtos'!$F$2:$F$18) -> 275 | Z49: =_xlfn.XLOOKUP($N49,'Calculo Leads'!$A$97:$A$134,'Calculo Leads'!M$97:M$134)*_xlfn.XLOOKUP($P49,'Base Grupo de Produtos'!$E$2:$E$18,'Base Grupo de Produtos'!$F$2:$F$18) -> 330 | AA49: =_xlfn.XLOOKUP($N49,'Calculo Leads'!$A$97:$A$134,'Calculo Leads'!N$97:N$134)*_xlfn.XLOOKUP($P49,'Base Grupo de Produtos'!$E$2:$E$18,'Base Grupo de Produtos'!$F$2:$F$18) -> 385 | AB49: =_xlfn.XLOOKUP($N49,'Calculo Leads'!$A$97:$A$134,'Calculo Leads'!O$97:O$134)*_xlfn.XLOOKUP($P49,'Base Grupo de Produtos'!$E$2:$E$18,'Base Grupo de Produtos'!$F$2:$F$18) -> 275 | AC49: =SUM(T49:AB49) -> 2085 | AD49: =IF(AC49=0,0,AC49-AG49) -> 2085 | AE49: =IFERROR(_xlfn.XLOOKUP(N49&P49,'Historico Vendas'!G:G,'Historico Vendas'!E:E),0) -> 0 | AF49: =IFERROR((AC49-AE49)/AE49,"") | AG49: =IFERROR(_xlfn.XLOOKUP(N49&P49,'Historico Vendas'!G:G,'Historico Vendas'!F:F),0) -> 0 | AH49: =SUM(Q49:S49) -> 0 | AI49: =AH49-AG49 -> 0 | AJ49: =IFERROR(AG49/AH49,"") | AK49: Novos | AL49: =IFERROR(INDEX('Balizador da Meta'!$D$3:$F$23,MATCH(Faturamento!$P49,'Balizador da Meta'!$C$3:$C$23,0),MATCH(Faturamento!AK49,'Balizador da Meta'!$D$2:$F$2,0)),"") -> 0.25
A50: =IF(L50=1,"SIM","NÃO") -> NÃO | B50: =_xlfn.XLOOKUP($N50,'Base de Grupos'!$A:$A,'Base de Grupos'!$D:$D) -> 1000065763 | C50: =_xlfn.XLOOKUP($N50,'Base de Grupos'!$A:$A,'Base de Grupos'!$E:$E) -> CANAL VENDA INTERNA | D50: =_xlfn.XLOOKUP($N50,'Base de Grupos'!$A:$A,'Base de Grupos'!$F:$F) -> 1000065763 | E50: =_xlfn.XLOOKUP($N50,'Base de Grupos'!$A:$A,'Base de Grupos'!$G:$G) -> CANAL VENDA INTERNA | F50: =_xlfn.XLOOKUP($N50,'Base de Grupos'!$A:$A,'Base de Grupos'!$H:$H) -> 1000105900 | G50: =_xlfn.XLOOKUP($N50,'Base de Grupos'!$A:$A,'Base de Grupos'!$I:$I) -> REGIONAL VENDA DIRETA CO + NE + NO | H50: =_xlfn.XLOOKUP($N50,'Base de Grupos'!$A:$A,'Base de Grupos'!$J:$J) -> 1000105900 | I50: =_xlfn.XLOOKUP($N50,'Base de Grupos'!$A:$A,'Base de Grupos'!$K:$K) -> REGIONAL VENDA DIRETA CO + NE + NO | J50: =_xlfn.XLOOKUP($N50,'Base de Grupos'!$A:$A,'Base de Grupos'!$L:$L) -> 1000150135 | K50: =_xlfn.XLOOKUP($N50,'Base de Grupos'!$A:$A,'Base de Grupos'!$M:$M) -> HELDER DA SILVA BRUNKOW | L50: =IF(N50<>N49,1,"") | M50: =_xlfn.XLOOKUP($N50,'Base de Grupos'!$A:$A,'Base de Grupos'!$C:$C) -> CE | N50: 1326 | O50: VENDA INTERNA CE | P50: REEMBALADOS | Q50: 0 | R50: 0 | S50: 0 | T50: =_xlfn.XLOOKUP($N50,'Calculo Leads'!$A$97:$A$134,'Calculo Leads'!G$97:G$134)*_xlfn.XLOOKUP($P50,'Base Grupo de Produtos'!$E$2:$E$18,'Base Grupo de Produtos'!$F$2:$F$18) -> 100 | U50: =_xlfn.XLOOKUP($N50,'Calculo Leads'!$A$97:$A$134,'Calculo Leads'!H$97:H$134)*_xlfn.XLOOKUP($P50,'Base Grupo de Produtos'!$E$2:$E$18,'Base Grupo de Produtos'!$F$2:$F$18) -> 150 | V50: =_xlfn.XLOOKUP($N50,'Calculo Leads'!$A$97:$A$134,'Calculo Leads'!I$97:I$134)*_xlfn.XLOOKUP($P50,'Base Grupo de Produtos'!$E$2:$E$18,'Base Grupo de Produtos'!$F$2:$F$18) -> 150 | W50: =_xlfn.XLOOKUP($N50,'Calculo Leads'!$A$97:$A$134,'Calculo Leads'!J$97:J$134)*_xlfn.XLOOKUP($P50,'Base Grupo de Produtos'!$E$2:$E$18,'Base Grupo de Produtos'!$F$2:$F$18) -> 200 | X50: =_xlfn.XLOOKUP($N50,'Calculo Leads'!$A$97:$A$134,'Calculo Leads'!K$97:K$134)*_xlfn.XLOOKUP($P50,'Base Grupo de Produtos'!$E$2:$E$18,'Base Grupo de Produtos'!$F$2:$F$18) -> 220 | Y50: =_xlfn.XLOOKUP($N50,'Calculo Leads'!$A$97:$A$134,'Calculo Leads'!L$97:L$134)*_xlfn.XLOOKUP($P50,'Base Grupo de Produtos'!$E$2:$E$18,'Base Grupo de Produtos'!$F$2:$F$18) -> 275 | Z50: =_xlfn.XLOOKUP($N50,'Calculo Leads'!$A$97:$A$134,'Calculo Leads'!M$97:M$134)*_xlfn.XLOOKUP($P50,'Base Grupo de Produtos'!$E$2:$E$18,'Base Grupo de Produtos'!$F$2:$F$18) -> 330 | AA50: =_xlfn.XLOOKUP($N50,'Calculo Leads'!$A$97:$A$134,'Calculo Leads'!N$97:N$134)*_xlfn.XLOOKUP($P50,'Base Grupo de Produtos'!$E$2:$E$18,'Base Grupo de Produtos'!$F$2:$F$18) -> 385 | AB50: =_xlfn.XLOOKUP($N50,'Calculo Leads'!$A$97:$A$134,'Calculo Leads'!O$97:O$134)*_xlfn.XLOOKUP($P50,'Base Grupo de Produtos'!$E$2:$E$18,'Base Grupo de Produtos'!$F$2:$F$18) -> 275 | AC50: =SUM(T50:AB50) -> 2085 | AD50: =IF(AC50=0,0,AC50-AG50) -> 2085 | AE50: =IFERROR(_xlfn.XLOOKUP(N50&P50,'Historico Vendas'!G:G,'Historico Vendas'!E:E),0) -> 0 | AF50: =IFERROR((AC50-AE50)/AE50,"") | AG50: =IFERROR(_xlfn.XLOOKUP(N50&P50,'Historico Vendas'!G:G,'Historico Vendas'!F:F),0) -> 0 | AH50: =SUM(Q50:S50) -> 0 | AI50: =AH50-AG50 -> 0 | AJ50: =IFERROR(AG50/AH50,"") | AK50: Novos | AL50: =IFERROR(INDEX('Balizador da Meta'!$D$3:$F$23,MATCH(Faturamento!$P50,'Balizador da Meta'!$C$3:$C$23,0),MATCH(Faturamento!AK50,'Balizador da Meta'!$D$2:$F$2,0)),"") -> 0
A51: =IF(L51=1,"SIM","NÃO") -> NÃO | B51: =_xlfn.XLOOKUP($N51,'Base de Grupos'!$A:$A,'Base de Grupos'!$D:$D) -> 1000065763 | C51: =_xlfn.XLOOKUP($N51,'Base de Grupos'!$A:$A,'Base de Grupos'!$E:$E) -> CANAL VENDA INTERNA | D51: =_xlfn.XLOOKUP($N51,'Base de Grupos'!$A:$A,'Base de Grupos'!$F:$F) -> 1000065763 | E51: =_xlfn.XLOOKUP($N51,'Base de Grupos'!$A:$A,'Base de Grupos'!$G:$G) -> CANAL VENDA INTERNA | F51: =_xlfn.XLOOKUP($N51,'Base de Grupos'!$A:$A,'Base de Grupos'!$H:$H) -> 1000105900 | G51: =_xlfn.XLOOKUP($N51,'Base de Grupos'!$A:$A,'Base de Grupos'!$I:$I) -> REGIONAL VENDA DIRETA CO + NE + NO | H51: =_xlfn.XLOOKUP($N51,'Base de Grupos'!$A:$A,'Base de Grupos'!$J:$J) -> 1000105900 | I51: =_xlfn.XLOOKUP($N51,'Base de Grupos'!$A:$A,'Base de Grupos'!$K:$K) -> REGIONAL VENDA DIRETA CO + NE + NO | J51: =_xlfn.XLOOKUP($N51,'Base de Grupos'!$A:$A,'Base de Grupos'!$L:$L) -> 1000150135 | K51: =_xlfn.XLOOKUP($N51,'Base de Grupos'!$A:$A,'Base de Grupos'!$M:$M) -> HELDER DA SILVA BRUNKOW | L51: =IF(N51<>N50,1,"") | M51: =_xlfn.XLOOKUP($N51,'Base de Grupos'!$A:$A,'Base de Grupos'!$C:$C) -> CE | N51: 1326 | O51: VENDA INTERNA CE | P51: S GLUTEN | Q51: 0 | R51: 0 | S51: 0 | T51: =_xlfn.XLOOKUP($N51,'Calculo Leads'!$A$97:$A$134,'Calculo Leads'!G$97:G$134)*_xlfn.XLOOKUP($P51,'Base Grupo de Produtos'!$E$2:$E$18,'Base Grupo de Produtos'!$F$2:$F$18) -> 100 | U51: =_xlfn.XLOOKUP($N51,'Calculo Leads'!$A$97:$A$134,'Calculo Leads'!H$97:H$134)*_xlfn.XLOOKUP($P51,'Base Grupo de Produtos'!$E$2:$E$18,'Base Grupo de Produtos'!$F$2:$F$18) -> 150 | V51: =_xlfn.XLOOKUP($N51,'Calculo Leads'!$A$97:$A$134,'Calculo Leads'!I$97:I$134)*_xlfn.XLOOKUP($P51,'Base Grupo de Produtos'!$E$2:$E$18,'Base Grupo de Produtos'!$F$2:$F$18) -> 150 | W51: =_xlfn.XLOOKUP($N51,'Calculo Leads'!$A$97:$A$134,'Calculo Leads'!J$97:J$134)*_xlfn.XLOOKUP($P51,'Base Grupo de Produtos'!$E$2:$E$18,'Base Grupo de Produtos'!$F$2:$F$18) -> 200 | X51: =_xlfn.XLOOKUP($N51,'Calculo Leads'!$A$97:$A$134,'Calculo Leads'!K$97:K$134)*_xlfn.XLOOKUP($P51,'Base Grupo de Produtos'!$E$2:$E$18,'Base Grupo de Produtos'!$F$2:$F$18) -> 220 | Y51: =_xlfn.XLOOKUP($N51,'Calculo Leads'!$A$97:$A$134,'Calculo Leads'!L$97:L$134)*_xlfn.XLOOKUP($P51,'Base Grupo de Produtos'!$E$2:$E$18,'Base Grupo de Produtos'!$F$2:$F$18) -> 275 | Z51: =_xlfn.XLOOKUP($N51,'Calculo Leads'!$A$97:$A$134,'Calculo Leads'!M$97:M$134)*_xlfn.XLOOKUP($P51,'Base Grupo de Produtos'!$E$2:$E$18,'Base Grupo de Produtos'!$F$2:$F$18) -> 330 | AA51: =_xlfn.XLOOKUP($N51,'Calculo Leads'!$A$97:$A$134,'Calculo Leads'!N$97:N$134)*_xlfn.XLOOKUP($P51,'Base Grupo de Produtos'!$E$2:$E$18,'Base Grupo de Produtos'!$F$2:$F$18) -> 385 | AB51: =_xlfn.XLOOKUP($N51,'Calculo Leads'!$A$97:$A$134,'Calculo Leads'!O$97:O$134)*_xlfn.XLOOKUP($P51,'Base Grupo de Produtos'!$E$2:$E$18,'Base Grupo de Produtos'!$F$2:$F$18) -> 275 | AC51: =SUM(T51:AB51) -> 2085 | AD51: =IF(AC51=0,0,AC51-AG51) -> 2085 | AE51: =IFERROR(_xlfn.XLOOKUP(N51&P51,'Historico Vendas'!G:G,'Historico Vendas'!E:E),0) -> 0 | AF51: =IFERROR((AC51-AE51)/AE51,"") | AG51: =IFERROR(_xlfn.XLOOKUP(N51&P51,'Historico Vendas'!G:G,'Historico Vendas'!F:F),0) -> 0 | AH51: =SUM(Q51:S51) -> 0 | AI51: =AH51-AG51 -> 0 | AJ51: =IFERROR(AG51/AH51,"") | AK51: Novos | AL51: =IFERROR(INDEX('Balizador da Meta'!$D$3:$F$23,MATCH(Faturamento!$P51,'Balizador da Meta'!$C$3:$C$23,0),MATCH(Faturamento!AK51,'Balizador da Meta'!$D$2:$F$2,0)),"") -> 0
... A56: =IF(L56=1,"SIM","NÃO") -> NÃO | B56: =_xlfn.XLOOKUP($N56,'Base de Grupos'!$A:$A,'Base de Grupos'!$D:$D) -> 1000065763 | C56: =_xlfn.XLOOKUP($N56,'Base de Grupos'!$A:$A,'Base de Grupos'!$E:$E) -> CANAL VENDA INTERNA | D56: =_xlfn.XLOOKUP($N56,'Base de Grupos'!$A:$A,'Base de Grupos'!$F:$F) -> 1000065763 | E56: =_xlfn.XLOOKUP($N56,'Base de Grupos'!$A:$A,'Base de Grupos'!$G:$G) -> CANAL VENDA INTERNA | F56: =_xlfn.XLOOKUP($N56,'Base de Grupos'!$A:$A,'Base de Grupos'!$H:$H) -> 1000105900 | G56: =_xlfn.XLOOKUP($N56,'Base de Grupos'!$A:$A,'Base de Grupos'!$I:$I) -> REGIONAL VENDA DIRETA CO + NE + NO | H56: =_xlfn.XLOOKUP($N56,'Base de Grupos'!$A:$A,'Base de Grupos'!$J:$J) -> 1000105900 | I56: =_xlfn.XLOOKUP($N56,'Base de Grupos'!$A:$A,'Base de Grupos'!$K:$K) -> REGIONAL VENDA DIRETA CO + NE + NO | J56: =_xlfn.XLOOKUP($N56,'Base de Grupos'!$A:$A,'Base de Grupos'!$L:$L) -> 1000150135 | K56: =_xlfn.XLOOKUP($N56,'Base de Grupos'!$A:$A,'Base de Grupos'!$M:$M) -> HELDER DA SILVA BRUNKOW | L56: =IF(N56<>N55,1,"") | M56: =_xlfn.XLOOKUP($N56,'Base de Grupos'!$A:$A,'Base de Grupos'!$C:$C) -> CE | N56: 1326 | O56: VENDA INTERNA CE | P56: VICCIO | Q56: 0 | R56: 0 | S56: 0 | T56: =_xlfn.XLOOKUP($N56,'Calculo Leads'!$A$97:$A$134,'Calculo Leads'!G$97:G$134)*_xlfn.XLOOKUP($P56,'Base Grupo de Produtos'!$E$2:$E$18,'Base Grupo de Produtos'!$F$2:$F$18) -> 60 | U56: =_xlfn.XLOOKUP($N56,'Calculo Leads'!$A$97:$A$134,'Calculo Leads'!H$97:H$134)*_xlfn.XLOOKUP($P56,'Base Grupo de Produtos'!$E$2:$E$18,'Base Grupo de Produtos'!$F$2:$F$18) -> 90 | V56: =_xlfn.XLOOKUP($N56,'Calculo Leads'!$A$97:$A$134,'Calculo Leads'!I$97:I$134)*_xlfn.XLOOKUP($P56,'Base Grupo de Produtos'!$E$2:$E$18,'Base Grupo de Produtos'!$F$2:$F$18) -> 90 | W56: =_xlfn.XLOOKUP($N56,'Calculo Leads'!$A$97:$A$134,'Calculo Leads'!J$97:J$134)*_xlfn.XLOOKUP($P56,'Base Grupo de Produtos'!$E$2:$E$18,'Base Grupo de Produtos'!$F$2:$F$18) -> 120 | X56: =_xlfn.XLOOKUP($N56,'Calculo Leads'!$A$97:$A$134,'Calculo Leads'!K$97:K$134)*_xlfn.XLOOKUP($P56,'Base Grupo de Produtos'!$E$2:$E$18,'Base Grupo de Produtos'!$F$2:$F$18) -> 132 | Y56: =_xlfn.XLOOKUP($N56,'Calculo Leads'!$A$97:$A$134,'Calculo Leads'!L$97:L$134)*_xlfn.XLOOKUP($P56,'Base Grupo de Produtos'!$E$2:$E$18,'Base Grupo de Produtos'!$F$2:$F$18) -> 165 | Z56: =_xlfn.XLOOKUP($N56,'Calculo Leads'!$A$97:$A$134,'Calculo Leads'!M$97:M$134)*_xlfn.XLOOKUP($P56,'Base Grupo de Produtos'!$E$2:$E$18,'Base Grupo de Produtos'!$F$2:$F$18) -> 198 | AA56: =_xlfn.XLOOKUP($N56,'Calculo Leads'!$A$97:$A$134,'Calculo Leads'!N$97:N$134)*_xlfn.XLOOKUP($P56,'Base Grupo de Produtos'!$E$2:$E$18,'Base Grupo de Produtos'!$F$2:$F$18) -> 231 | AB56: =_xlfn.XLOOKUP($N56,'Calculo Leads'!$A$97:$A$134,'Calculo Leads'!O$97:O$134)*_xlfn.XLOOKUP($P56,'Base Grupo de Produtos'!$E$2:$E$18,'Base Grupo de Produtos'!$F$2:$F$18) -> 165 | AC56: =SUM(T56:AB56) -> 1251 | AD56: =IF(AC56=0,0,AC56-AG56) -> 1251 | AE56: =IFERROR(_xlfn.XLOOKUP(N56&P56,'Historico Vendas'!G:G,'Historico Vendas'!E:E),0) -> 0 | AF56: =IFERROR((AC56-AE56)/AE56,"") | AG56: =IFERROR(_xlfn.XLOOKUP(N56&P56,'Historico Vendas'!G:G,'Historico Vendas'!F:F),0) -> 0 | AH56: =SUM(Q56:S56) -> 0 | AI56: =AH56-AG56 -> 0 | AJ56: =IFERROR(AG56/AH56,"") | AK56: Novos | AL56: =IFERROR(INDEX('Balizador da Meta'!$D$3:$F$23,MATCH(Faturamento!$P56,'Balizador da Meta'!$C$3:$C$23,0),MATCH(Faturamento!AK56,'Balizador da Meta'!$D$2:$F$2,0)),"") -> 0.2
A57: =IF(L57=1,"SIM","NÃO") -> SIM | B57: =_xlfn.XLOOKUP($N57,'Base de Grupos'!$A:$A,'Base de Grupos'!$D:$D) -> 1000065763 | C57: =_xlfn.XLOOKUP($N57,'Base de Grupos'!$A:$A,'Base de Grupos'!$E:$E) -> CANAL VENDA INTERNA | D57: =_xlfn.XLOOKUP($N57,'Base de Grupos'!$A:$A,'Base de Grupos'!$F:$F) -> 1000065763 | E57: =_xlfn.XLOOKUP($N57,'Base de Grupos'!$A:$A,'Base de Grupos'!$G:$G) -> CANAL VENDA INTERNA | F57: =_xlfn.XLOOKUP($N57,'Base de Grupos'!$A:$A,'Base de Grupos'!$H:$H) -> 1000105900 | G57: =_xlfn.XLOOKUP($N57,'Base de Grupos'!$A:$A,'Base de Grupos'!$I:$I) -> REGIONAL VENDA DIRETA CO + NE + NO | H57: =_xlfn.XLOOKUP($N57,'Base de Grupos'!$A:$A,'Base de Grupos'!$J:$J) -> 1000105900 | I57: =_xlfn.XLOOKUP($N57,'Base de Grupos'!$A:$A,'Base de Grupos'!$K:$K) -> REGIONAL VENDA DIRETA CO + NE + NO | J57: =_xlfn.XLOOKUP($N57,'Base de Grupos'!$A:$A,'Base de Grupos'!$L:$L) -> 1000150135 | K57: =_xlfn.XLOOKUP($N57,'Base de Grupos'!$A:$A,'Base de Grupos'!$M:$M) -> HELDER DA SILVA BRUNKOW | L57: =IF(N57<>N56,1,"") -> 1 | M57: =_xlfn.XLOOKUP($N57,'Base de Grupos'!$A:$A,'Base de Grupos'!$C:$C) -> PI | N57: 1327 | O57: VENDA INTERNA PI | P57: 1. TOTAL - VENDA INTERNA PI | Q57: =SUM(Q58:Q74) -> 0 | R57: =SUM(R58:R74) -> 0 | S57: =SUM(S58:S74) -> 0 | T57: =SUM(T58:T74) -> 1000 | U57: =SUM(U58:U74) -> 1000 | V57: =SUM(V58:V74) -> 2000 | W57: =SUM(W58:W74) -> 2000 | X57: =SUM(X58:X74) -> 2200 | ... AE57: =SUM(AE58:AE74) -> 0 | AF57: =IFERROR((AC57-AE57)/AE57,"") | AG57: =SUM(AG58:AG74) -> 0 | AH57: =SUM(AH58:AH74) -> 0 | AI57: =SUM(AI58:AI74) -> 0 | AJ57: =IFERROR(AG57/AH57,"")
A58: =IF(L58=1,"SIM","NÃO") -> NÃO | B58: =_xlfn.XLOOKUP($N58,'Base de Grupos'!$A:$A,'Base de Grupos'!$D:$D) -> 1000065763 | C58: =_xlfn.XLOOKUP($N58,'Base de Grupos'!$A:$A,'Base de Grupos'!$E:$E) -> CANAL VENDA INTERNA | D58: =_xlfn.XLOOKUP($N58,'Base de Grupos'!$A:$A,'Base de Grupos'!$F:$F) -> 1000065763 | E58: =_xlfn.XLOOKUP($N58,'Base de Grupos'!$A:$A,'Base de Grupos'!$G:$G) -> CANAL VENDA INTERNA | F58: =_xlfn.XLOOKUP($N58,'Base de Grupos'!$A:$A,'Base de Grupos'!$H:$H) -> 1000105900 | G58: =_xlfn.XLOOKUP($N58,'Base de Grupos'!$A:$A,'Base de Grupos'!$I:$I) -> REGIONAL VENDA DIRETA CO + NE + NO | H58: =_xlfn.XLOOKUP($N58,'Base de Grupos'!$A:$A,'Base de Grupos'!$J:$J) -> 1000105900 | I58: =_xlfn.XLOOKUP($N58,'Base de Grupos'!$A:$A,'Base de Grupos'!$K:$K) -> REGIONAL VENDA DIRETA CO + NE + NO | J58: =_xlfn.XLOOKUP($N58,'Base de Grupos'!$A:$A,'Base de Grupos'!$L:$L) -> 1000150135 | K58: =_xlfn.XLOOKUP($N58,'Base de Grupos'!$A:$A,'Base de Grupos'!$M:$M) -> HELDER DA SILVA BRUNKOW | L58: =IF(N58<>N57,1,"") | M58: =_xlfn.XLOOKUP($N58,'Base de Grupos'!$A:$A,'Base de Grupos'!$C:$C) -> PI | N58: 1327 | O58: VENDA INTERNA PI | P58: BISCOITO | Q58: 0 | R58: 0 | S58: 0 | T58: =_xlfn.XLOOKUP($N58,'Calculo Leads'!$A$97:$A$134,'Calculo Leads'!G$97:G$134)*_xlfn.XLOOKUP($P58,'Base Grupo de Produtos'!$E$2:$E$18,'Base Grupo de Produtos'!$F$2:$F$18) -> 50 | U58: =_xlfn.XLOOKUP($N58,'Calculo Leads'!$A$97:$A$134,'Calculo Leads'!H$97:H$134)*_xlfn.XLOOKUP($P58,'Base Grupo de Produtos'!$E$2:$E$18,'Base Grupo de Produtos'!$F$2:$F$18) -> 50 | V58: =_xlfn.XLOOKUP($N58,'Calculo Leads'!$A$97:$A$134,'Calculo Leads'!I$97:I$134)*_xlfn.XLOOKUP($P58,'Base Grupo de Produtos'!$E$2:$E$18,'Base Grupo de Produtos'!$F$2:$F$18) -> 100 | W58: =_xlfn.XLOOKUP($N58,'Calculo Leads'!$A$97:$A$134,'Calculo Leads'!J$97:J$134)*_xlfn.XLOOKUP($P58,'Base Grupo de Produtos'!$E$2:$E$18,'Base Grupo de Produtos'!$F$2:$F$18) -> 100 | X58: =_xlfn.XLOOKUP($N58,'Calculo Leads'!$A$97:$A$134,'Calculo Leads'!K$97:K$134)*_xlfn.XLOOKUP($P58,'Base Grupo de Produtos'!$E$2:$E$18,'Base Grupo de Produtos'!$F$2:$F$18) -> 110 | Y58: =_xlfn.XLOOKUP($N58,'Calculo Leads'!$A$97:$A$134,'Calculo Leads'!L$97:L$134)*_xlfn.XLOOKUP($P58,'Base Grupo de Produtos'!$E$2:$E$18,'Base Grupo de Produtos'!$F$2:$F$18) -> 165 | Z58: =_xlfn.XLOOKUP($N58,'Calculo Leads'!$A$97:$A$134,'Calculo Leads'!M$97:M$134)*_xlfn.XLOOKUP($P58,'Base Grupo de Produtos'!$E$2:$E$18,'Base Grupo de Produtos'!$F$2:$F$18) -> 165 | AA58: =_xlfn.XLOOKUP($N58,'Calculo Leads'!$A$97:$A$134,'Calculo Leads'!N$97:N$134)*_xlfn.XLOOKUP($P58,'Base Grupo de Produtos'!$E$2:$E$18,'Base Grupo de Produtos'!$F$2:$F$18) -> 165 | AB58: =_xlfn.XLOOKUP($N58,'Calculo Leads'!$A$97:$A$134,'Calculo Leads'!O$97:O$134)*_xlfn.XLOOKUP($P58,'Base Grupo de Produtos'!$E$2:$E$18,'Base Grupo de Produtos'!$F$2:$F$18) -> 110 | AC58: =SUM(T58:AB58) -> 1015 | AD58: =IF(AC58=0,0,AC58-AG58) -> 1015 | AE58: =IFERROR(_xlfn.XLOOKUP(N58&P58,'Historico Vendas'!G:G,'Historico Vendas'!E:E),0) -> 0 | AF58: =IFERROR((AC58-AE58)/AE58,"") | AG58: =IFERROR(_xlfn.XLOOKUP(N58&P58,'Historico Vendas'!G:G,'Historico Vendas'!F:F),0) -> 0 | AH58: =SUM(Q58:S58) -> 0 | AI58: =AH58-AG58 -> 0 | AJ58: =IFERROR(AG58/AH58,"") | AK58: Novos | AL58: =IFERROR(INDEX('Balizador da Meta'!$D$3:$F$23,MATCH(Faturamento!$P58,'Balizador da Meta'!$C$3:$C$23,0),MATCH(Faturamento!AK58,'Balizador da Meta'!$D$2:$F$2,0)),"") -> 0.2
A59: =IF(L59=1,"SIM","NÃO") -> NÃO | B59: =_xlfn.XLOOKUP($N59,'Base de Grupos'!$A:$A,'Base de Grupos'!$D:$D) -> 1000065763 | C59: =_xlfn.XLOOKUP($N59,'Base de Grupos'!$A:$A,'Base de Grupos'!$E:$E) -> CANAL VENDA INTERNA | D59: =_xlfn.XLOOKUP($N59,'Base de Grupos'!$A:$A,'Base de Grupos'!$F:$F) -> 1000065763 | E59: =_xlfn.XLOOKUP($N59,'Base de Grupos'!$A:$A,'Base de Grupos'!$G:$G) -> CANAL VENDA INTERNA | F59: =_xlfn.XLOOKUP($N59,'Base de Grupos'!$A:$A,'Base de Grupos'!$H:$H) -> 1000105900 | G59: =_xlfn.XLOOKUP($N59,'Base de Grupos'!$A:$A,'Base de Grupos'!$I:$I) -> REGIONAL VENDA DIRETA CO + NE + NO | H59: =_xlfn.XLOOKUP($N59,'Base de Grupos'!$A:$A,'Base de Grupos'!$J:$J) -> 1000105900 | I59: =_xlfn.XLOOKUP($N59,'Base de Grupos'!$A:$A,'Base de Grupos'!$K:$K) -> REGIONAL VENDA DIRETA CO + NE + NO | J59: =_xlfn.XLOOKUP($N59,'Base de Grupos'!$A:$A,'Base de Grupos'!$L:$L) -> 1000150135 | K59: =_xlfn.XLOOKUP($N59,'Base de Grupos'!$A:$A,'Base de Grupos'!$M:$M) -> HELDER DA SILVA BRUNKOW | L59: =IF(N59<>N58,1,"") | M59: =_xlfn.XLOOKUP($N59,'Base de Grupos'!$A:$A,'Base de Grupos'!$C:$C) -> PI | N59: 1327 | O59: VENDA INTERNA PI | P59: CHOCOLATES | Q59: 0 | R59: 0 | S59: 0 | T59: =_xlfn.XLOOKUP($N59,'Calculo Leads'!$A$97:$A$134,'Calculo Leads'!G$97:G$134)*_xlfn.XLOOKUP($P59,'Base Grupo de Produtos'!$E$2:$E$18,'Base Grupo de Produtos'!$F$2:$F$18) -> 50 | U59: =_xlfn.XLOOKUP($N59,'Calculo Leads'!$A$97:$A$134,'Calculo Leads'!H$97:H$134)*_xlfn.XLOOKUP($P59,'Base Grupo de Produtos'!$E$2:$E$18,'Base Grupo de Produtos'!$F$2:$F$18) -> 50 | V59: =_xlfn.XLOOKUP($N59,'Calculo Leads'!$A$97:$A$134,'Calculo Leads'!I$97:I$134)*_xlfn.XLOOKUP($P59,'Base Grupo de Produtos'!$E$2:$E$18,'Base Grupo de Produtos'!$F$2:$F$18) -> 100 | W59: =_xlfn.XLOOKUP($N59,'Calculo Leads'!$A$97:$A$134,'Calculo Leads'!J$97:J$134)*_xlfn.XLOOKUP($P59,'Base Grupo de Produtos'!$E$2:$E$18,'Base Grupo de Produtos'!$F$2:$F$18) -> 100 | X59: =_xlfn.XLOOKUP($N59,'Calculo Leads'!$A$97:$A$134,'Calculo Leads'!K$97:K$134)*_xlfn.XLOOKUP($P59,'Base Grupo de Produtos'!$E$2:$E$18,'Base Grupo de Produtos'!$F$2:$F$18) -> 110 | Y59: =_xlfn.XLOOKUP($N59,'Calculo Leads'!$A$97:$A$134,'Calculo Leads'!L$97:L$134)*_xlfn.XLOOKUP($P59,'Base Grupo de Produtos'!$E$2:$E$18,'Base Grupo de Produtos'!$F$2:$F$18) -> 165 | Z59: =_xlfn.XLOOKUP($N59,'Calculo Leads'!$A$97:$A$134,'Calculo Leads'!M$97:M$134)*_xlfn.XLOOKUP($P59,'Base Grupo de Produtos'!$E$2:$E$18,'Base Grupo de Produtos'!$F$2:$F$18) -> 165 | AA59: =_xlfn.XLOOKUP($N59,'Calculo Leads'!$A$97:$A$134,'Calculo Leads'!N$97:N$134)*_xlfn.XLOOKUP($P59,'Base Grupo de Produtos'!$E$2:$E$18,'Base Grupo de Produtos'!$F$2:$F$18) -> 165 | AB59: =_xlfn.XLOOKUP($N59,'Calculo Leads'!$A$97:$A$134,'Calculo Leads'!O$97:O$134)*_xlfn.XLOOKUP($P59,'Base Grupo de Produtos'!$E$2:$E$18,'Base Grupo de Produtos'!$F$2:$F$18) -> 110 | AC59: =SUM(T59:AB59) -> 1015 | AD59: =IF(AC59=0,0,AC59-AG59) -> 1015 | AE59: =IFERROR(_xlfn.XLOOKUP(N59&P59,'Historico Vendas'!G:G,'Historico Vendas'!E:E),0) -> 0 | AF59: =IFERROR((AC59-AE59)/AE59,"") | AG59: =IFERROR(_xlfn.XLOOKUP(N59&P59,'Historico Vendas'!G:G,'Historico Vendas'!F:F),0) -> 0 | AH59: =SUM(Q59:S59) -> 0 | AI59: =AH59-AG59 -> 0 | AJ59: =IFERROR(AG59/AH59,"") | AK59: Novos | AL59: =IFERROR(INDEX('Balizador da Meta'!$D$3:$F$23,MATCH(Faturamento!$P59,'Balizador da Meta'!$C$3:$C$23,0),MATCH(Faturamento!AK59,'Balizador da Meta'!$D$2:$F$2,0)),"") -> 0.2
A60: =IF(L60=1,"SIM","NÃO") -> NÃO | B60: =_xlfn.XLOOKUP($N60,'Base de Grupos'!$A:$A,'Base de Grupos'!$D:$D) -> 1000065763 | C60: =_xlfn.XLOOKUP($N60,'Base de Grupos'!$A:$A,'Base de Grupos'!$E:$E) -> CANAL VENDA INTERNA | D60: =_xlfn.XLOOKUP($N60,'Base de Grupos'!$A:$A,'Base de Grupos'!$F:$F) -> 1000065763 | E60: =_xlfn.XLOOKUP($N60,'Base de Grupos'!$A:$A,'Base de Grupos'!$G:$G) -> CANAL VENDA INTERNA | F60: =_xlfn.XLOOKUP($N60,'Base de Grupos'!$A:$A,'Base de Grupos'!$H:$H) -> 1000105900 | G60: =_xlfn.XLOOKUP($N60,'Base de Grupos'!$A:$A,'Base de Grupos'!$I:$I) -> REGIONAL VENDA DIRETA CO + NE + NO | H60: =_xlfn.XLOOKUP($N60,'Base de Grupos'!$A:$A,'Base de Grupos'!$J:$J) -> 1000105900 | I60: =_xlfn.XLOOKUP($N60,'Base de Grupos'!$A:$A,'Base de Grupos'!$K:$K) -> REGIONAL VENDA DIRETA CO + NE + NO | J60: =_xlfn.XLOOKUP($N60,'Base de Grupos'!$A:$A,'Base de Grupos'!$L:$L) -> 1000150135 | K60: =_xlfn.XLOOKUP($N60,'Base de Grupos'!$A:$A,'Base de Grupos'!$M:$M) -> HELDER DA SILVA BRUNKOW | L60: =IF(N60<>N59,1,"") | M60: =_xlfn.XLOOKUP($N60,'Base de Grupos'!$A:$A,'Base de Grupos'!$C:$C) -> PI | N60: 1327 | O60: VENDA INTERNA PI | P60: DISNEY | Q60: 0 | R60: 0 | S60: 0 | T60: =_xlfn.XLOOKUP($N60,'Calculo Leads'!$A$97:$A$134,'Calculo Leads'!G$97:G$134)*_xlfn.XLOOKUP($P60,'Base Grupo de Produtos'!$E$2:$E$18,'Base Grupo de Produtos'!$F$2:$F$18) -> 80 | U60: =_xlfn.XLOOKUP($N60,'Calculo Leads'!$A$97:$A$134,'Calculo Leads'!H$97:H$134)*_xlfn.XLOOKUP($P60,'Base Grupo de Produtos'!$E$2:$E$18,'Base Grupo de Produtos'!$F$2:$F$18) -> 80 | V60: =_xlfn.XLOOKUP($N60,'Calculo Leads'!$A$97:$A$134,'Calculo Leads'!I$97:I$134)*_xlfn.XLOOKUP($P60,'Base Grupo de Produtos'!$E$2:$E$18,'Base Grupo de Produtos'!$F$2:$F$18) -> 160 | W60: =_xlfn.XLOOKUP($N60,'Calculo Leads'!$A$97:$A$134,'Calculo Leads'!J$97:J$134)*_xlfn.XLOOKUP($P60,'Base Grupo de Produtos'!$E$2:$E$18,'Base Grupo de Produtos'!$F$2:$F$18) -> 160 | X60: =_xlfn.XLOOKUP($N60,'Calculo Leads'!$A$97:$A$134,'Calculo Leads'!K$97:K$134)*_xlfn.XLOOKUP($P60,'Base Grupo de Produtos'!$E$2:$E$18,'Base Grupo de Produtos'!$F$2:$F$18) -> 176 | Y60: =_xlfn.XLOOKUP($N60,'Calculo Leads'!$A$97:$A$134,'Calculo Leads'!L$97:L$134)*_xlfn.XLOOKUP($P60,'Base Grupo de Produtos'!$E$2:$E$18,'Base Grupo de Produtos'!$F$2:$F$18) -> 264 | Z60: =_xlfn.XLOOKUP($N60,'Calculo Leads'!$A$97:$A$134,'Calculo Leads'!M$97:M$134)*_xlfn.XLOOKUP($P60,'Base Grupo de Produtos'!$E$2:$E$18,'Base Grupo de Produtos'!$F$2:$F$18) -> 264 | AA60: =_xlfn.XLOOKUP($N60,'Calculo Leads'!$A$97:$A$134,'Calculo Leads'!N$97:N$134)*_xlfn.XLOOKUP($P60,'Base Grupo de Produtos'!$E$2:$E$18,'Base Grupo de Produtos'!$F$2:$F$18) -> 264 | AB60: =_xlfn.XLOOKUP($N60,'Calculo Leads'!$A$97:$A$134,'Calculo Leads'!O$97:O$134)*_xlfn.XLOOKUP($P60,'Base Grupo de Produtos'!$E$2:$E$18,'Base Grupo de Produtos'!$F$2:$F$18) -> 176 | AC60: =SUM(T60:AB60) -> 1624 | AD60: =IF(AC60=0,0,AC60-AG60) -> 1624 | AE60: =IFERROR(_xlfn.XLOOKUP(N60&P60,'Historico Vendas'!G:G,'Historico Vendas'!E:E),0) -> 0 | AF60: =IFERROR((AC60-AE60)/AE60,"") | AG60: =IFERROR(_xlfn.XLOOKUP(N60&P60,'Historico Vendas'!G:G,'Historico Vendas'!F:F),0) -> 0 | AH60: =SUM(Q60:S60) -> 0 | AI60: =AH60-AG60 -> 0 | AJ60: =IFERROR(AG60/AH60,"") | AK60: Novos | AL60: =IFERROR(INDEX('Balizador da Meta'!$D$3:$F$23,MATCH(Faturamento!$P60,'Balizador da Meta'!$C$3:$C$23,0),MATCH(Faturamento!AK60,'Balizador da Meta'!$D$2:$F$2,0)),"") -> 0.15
A61: =IF(L61=1,"SIM","NÃO") -> NÃO | B61: =_xlfn.XLOOKUP($N61,'Base de Grupos'!$A:$A,'Base de Grupos'!$D:$D) -> 1000065763 | C61: =_xlfn.XLOOKUP($N61,'Base de Grupos'!$A:$A,'Base de Grupos'!$E:$E) -> CANAL VENDA INTERNA | D61: =_xlfn.XLOOKUP($N61,'Base de Grupos'!$A:$A,'Base de Grupos'!$F:$F) -> 1000065763 | E61: =_xlfn.XLOOKUP($N61,'Base de Grupos'!$A:$A,'Base de Grupos'!$G:$G) -> CANAL VENDA INTERNA | F61: =_xlfn.XLOOKUP($N61,'Base de Grupos'!$A:$A,'Base de Grupos'!$H:$H) -> 1000105900 | G61: =_xlfn.XLOOKUP($N61,'Base de Grupos'!$A:$A,'Base de Grupos'!$I:$I) -> REGIONAL VENDA DIRETA CO + NE + NO | H61: =_xlfn.XLOOKUP($N61,'Base de Grupos'!$A:$A,'Base de Grupos'!$J:$J) -> 1000105900 | I61: =_xlfn.XLOOKUP($N61,'Base de Grupos'!$A:$A,'Base de Grupos'!$K:$K) -> REGIONAL VENDA DIRETA CO + NE + NO | J61: =_xlfn.XLOOKUP($N61,'Base de Grupos'!$A:$A,'Base de Grupos'!$L:$L) -> 1000150135 | K61: =_xlfn.XLOOKUP($N61,'Base de Grupos'!$A:$A,'Base de Grupos'!$M:$M) -> HELDER DA SILVA BRUNKOW | L61: =IF(N61<>N60,1,"") | M61: =_xlfn.XLOOKUP($N61,'Base de Grupos'!$A:$A,'Base de Grupos'!$C:$C) -> PI | N61: 1327 | O61: VENDA INTERNA PI | P61: DOCES | Q61: 0 | R61: 0 | S61: 0 | T61: =_xlfn.XLOOKUP($N61,'Calculo Leads'!$A$97:$A$134,'Calculo Leads'!G$97:G$134)*_xlfn.XLOOKUP($P61,'Base Grupo de Produtos'!$E$2:$E$18,'Base Grupo de Produtos'!$F$2:$F$18) -> 100 | U61: =_xlfn.XLOOKUP($N61,'Calculo Leads'!$A$97:$A$134,'Calculo Leads'!H$97:H$134)*_xlfn.XLOOKUP($P61,'Base Grupo de Produtos'!$E$2:$E$18,'Base Grupo de Produtos'!$F$2:$F$18) -> 100 | V61: =_xlfn.XLOOKUP($N61,'Calculo Leads'!$A$97:$A$134,'Calculo Leads'!I$97:I$134)*_xlfn.XLOOKUP($P61,'Base Grupo de Produtos'!$E$2:$E$18,'Base Grupo de Produtos'!$F$2:$F$18) -> 200 | W61: =_xlfn.XLOOKUP($N61,'Calculo Leads'!$A$97:$A$134,'Calculo Leads'!J$97:J$134)*_xlfn.XLOOKUP($P61,'Base Grupo de Produtos'!$E$2:$E$18,'Base Grupo de Produtos'!$F$2:$F$18) -> 200 | X61: =_xlfn.XLOOKUP($N61,'Calculo Leads'!$A$97:$A$134,'Calculo Leads'!K$97:K$134)*_xlfn.XLOOKUP($P61,'Base Grupo de Produtos'!$E$2:$E$18,'Base Grupo de Produtos'!$F$2:$F$18) -> 220 | Y61: =_xlfn.XLOOKUP($N61,'Calculo Leads'!$A$97:$A$134,'Calculo Leads'!L$97:L$134)*_xlfn.XLOOKUP($P61,'Base Grupo de Produtos'!$E$2:$E$18,'Base Grupo de Produtos'!$F$2:$F$18) -> 330 | Z61: =_xlfn.XLOOKUP($N61,'Calculo Leads'!$A$97:$A$134,'Calculo Leads'!M$97:M$134)*_xlfn.XLOOKUP($P61,'Base Grupo de Produtos'!$E$2:$E$18,'Base Grupo de Produtos'!$F$2:$F$18) -> 330 | AA61: =_xlfn.XLOOKUP($N61,'Calculo Leads'!$A$97:$A$134,'Calculo Leads'!N$97:N$134)*_xlfn.XLOOKUP($P61,'Base Grupo de Produtos'!$E$2:$E$18,'Base Grupo de Produtos'!$F$2:$F$18) -> 330 | AB61: =_xlfn.XLOOKUP($N61,'Calculo Leads'!$A$97:$A$134,'Calculo Leads'!O$97:O$134)*_xlfn.XLOOKUP($P61,'Base Grupo de Produtos'!$E$2:$E$18,'Base Grupo de Produtos'!$F$2:$F$18) -> 220 | AC61: =SUM(T61:AB61) -> 2030 | AD61: =IF(AC61=0,0,AC61-AG61) -> 2030 | AE61: =IFERROR(_xlfn.XLOOKUP(N61&P61,'Historico Vendas'!G:G,'Historico Vendas'!E:E),0) -> 0 | AF61: =IFERROR((AC61-AE61)/AE61,"") | AG61: =IFERROR(_xlfn.XLOOKUP(N61&P61,'Historico Vendas'!G:G,'Historico Vendas'!F:F),0) -> 0 | AH61: =SUM(Q61:S61) -> 0 | AI61: =AH61-AG61 -> 0 | AJ61: =IFERROR(AG61/AH61,"") | AK61: Novos | AL61: =IFERROR(INDEX('Balizador da Meta'!$D$3:$F$23,MATCH(Faturamento!$P61,'Balizador da Meta'!$C$3:$C$23,0),MATCH(Faturamento!AK61,'Balizador da Meta'!$D$2:$F$2,0)),"") -> 0
A62: =IF(L62=1,"SIM","NÃO") -> NÃO | B62: =_xlfn.XLOOKUP($N62,'Base de Grupos'!$A:$A,'Base de Grupos'!$D:$D) -> 1000065763 | C62: =_xlfn.XLOOKUP($N62,'Base de Grupos'!$A:$A,'Base de Grupos'!$E:$E) -> CANAL VENDA INTERNA | D62: =_xlfn.XLOOKUP($N62,'Base de Grupos'!$A:$A,'Base de Grupos'!$F:$F) -> 1000065763 | E62: =_xlfn.XLOOKUP($N62,'Base de Grupos'!$A:$A,'Base de Grupos'!$G:$G) -> CANAL VENDA INTERNA | F62: =_xlfn.XLOOKUP($N62,'Base de Grupos'!$A:$A,'Base de Grupos'!$H:$H) -> 1000105900 | G62: =_xlfn.XLOOKUP($N62,'Base de Grupos'!$A:$A,'Base de Grupos'!$I:$I) -> REGIONAL VENDA DIRETA CO + NE + NO | H62: =_xlfn.XLOOKUP($N62,'Base de Grupos'!$A:$A,'Base de Grupos'!$J:$J) -> 1000105900 | I62: =_xlfn.XLOOKUP($N62,'Base de Grupos'!$A:$A,'Base de Grupos'!$K:$K) -> REGIONAL VENDA DIRETA CO + NE + NO | J62: =_xlfn.XLOOKUP($N62,'Base de Grupos'!$A:$A,'Base de Grupos'!$L:$L) -> 1000150135 | K62: =_xlfn.XLOOKUP($N62,'Base de Grupos'!$A:$A,'Base de Grupos'!$M:$M) -> HELDER DA SILVA BRUNKOW | L62: =IF(N62<>N61,1,"") | M62: =_xlfn.XLOOKUP($N62,'Base de Grupos'!$A:$A,'Base de Grupos'!$C:$C) -> PI | N62: 1327 | O62: VENDA INTERNA PI | P62: GELEIA | Q62: 0 | R62: 0 | S62: 0 | T62: =_xlfn.XLOOKUP($N62,'Calculo Leads'!$A$97:$A$134,'Calculo Leads'!G$97:G$134)*_xlfn.XLOOKUP($P62,'Base Grupo de Produtos'!$E$2:$E$18,'Base Grupo de Produtos'!$F$2:$F$18) -> 20 | U62: =_xlfn.XLOOKUP($N62,'Calculo Leads'!$A$97:$A$134,'Calculo Leads'!H$97:H$134)*_xlfn.XLOOKUP($P62,'Base Grupo de Produtos'!$E$2:$E$18,'Base Grupo de Produtos'!$F$2:$F$18) -> 20 | V62: =_xlfn.XLOOKUP($N62,'Calculo Leads'!$A$97:$A$134,'Calculo Leads'!I$97:I$134)*_xlfn.XLOOKUP($P62,'Base Grupo de Produtos'!$E$2:$E$18,'Base Grupo de Produtos'!$F$2:$F$18) -> 40 | W62: =_xlfn.XLOOKUP($N62,'Calculo Leads'!$A$97:$A$134,'Calculo Leads'!J$97:J$134)*_xlfn.XLOOKUP($P62,'Base Grupo de Produtos'!$E$2:$E$18,'Base Grupo de Produtos'!$F$2:$F$18) -> 40 | X62: =_xlfn.XLOOKUP($N62,'Calculo Leads'!$A$97:$A$134,'Calculo Leads'!K$97:K$134)*_xlfn.XLOOKUP($P62,'Base Grupo de Produtos'!$E$2:$E$18,'Base Grupo de Produtos'!$F$2:$F$18) -> 44 | Y62: =_xlfn.XLOOKUP($N62,'Calculo Leads'!$A$97:$A$134,'Calculo Leads'!L$97:L$134)*_xlfn.XLOOKUP($P62,'Base Grupo de Produtos'!$E$2:$E$18,'Base Grupo de Produtos'!$F$2:$F$18) -> 66 | Z62: =_xlfn.XLOOKUP($N62,'Calculo Leads'!$A$97:$A$134,'Calculo Leads'!M$97:M$134)*_xlfn.XLOOKUP($P62,'Base Grupo de Produtos'!$E$2:$E$18,'Base Grupo de Produtos'!$F$2:$F$18) -> 66 | AA62: =_xlfn.XLOOKUP($N62,'Calculo Leads'!$A$97:$A$134,'Calculo Leads'!N$97:N$134)*_xlfn.XLOOKUP($P62,'Base Grupo de Produtos'!$E$2:$E$18,'Base Grupo de Produtos'!$F$2:$F$18) -> 66 | AB62: =_xlfn.XLOOKUP($N62,'Calculo Leads'!$A$97:$A$134,'Calculo Leads'!O$97:O$134)*_xlfn.XLOOKUP($P62,'Base Grupo de Produtos'!$E$2:$E$18,'Base Grupo de Produtos'!$F$2:$F$18) -> 44 | AC62: =SUM(T62:AB62) -> 406 | AD62: =IF(AC62=0,0,AC62-AG62) -> 406 | AE62: =IFERROR(_xlfn.XLOOKUP(N62&P62,'Historico Vendas'!G:G,'Historico Vendas'!E:E),0) -> 0 | AF62: =IFERROR((AC62-AE62)/AE62,"") | AG62: =IFERROR(_xlfn.XLOOKUP(N62&P62,'Historico Vendas'!G:G,'Historico Vendas'!F:F),0) -> 0 | AH62: =SUM(Q62:S62) -> 0 | AI62: =AH62-AG62 -> 0 | AJ62: =IFERROR(AG62/AH62,"") | AK62: Novos | AL62: =IFERROR(INDEX('Balizador da Meta'!$D$3:$F$23,MATCH(Faturamento!$P62,'Balizador da Meta'!$C$3:$C$23,0),MATCH(Faturamento!AK62,'Balizador da Meta'!$D$2:$F$2,0)),"") -> 0
A63: =IF(L63=1,"SIM","NÃO") -> NÃO | B63: =_xlfn.XLOOKUP($N63,'Base de Grupos'!$A:$A,'Base de Grupos'!$D:$D) -> 1000065763 | C63: =_xlfn.XLOOKUP($N63,'Base de Grupos'!$A:$A,'Base de Grupos'!$E:$E) -> CANAL VENDA INTERNA | D63: =_xlfn.XLOOKUP($N63,'Base de Grupos'!$A:$A,'Base de Grupos'!$F:$F) -> 1000065763 | E63: =_xlfn.XLOOKUP($N63,'Base de Grupos'!$A:$A,'Base de Grupos'!$G:$G) -> CANAL VENDA INTERNA | F63: =_xlfn.XLOOKUP($N63,'Base de Grupos'!$A:$A,'Base de Grupos'!$H:$H) -> 1000105900 | G63: =_xlfn.XLOOKUP($N63,'Base de Grupos'!$A:$A,'Base de Grupos'!$I:$I) -> REGIONAL VENDA DIRETA CO + NE + NO | H63: =_xlfn.XLOOKUP($N63,'Base de Grupos'!$A:$A,'Base de Grupos'!$J:$J) -> 1000105900 | I63: =_xlfn.XLOOKUP($N63,'Base de Grupos'!$A:$A,'Base de Grupos'!$K:$K) -> REGIONAL VENDA DIRETA CO + NE + NO | J63: =_xlfn.XLOOKUP($N63,'Base de Grupos'!$A:$A,'Base de Grupos'!$L:$L) -> 1000150135 | K63: =_xlfn.XLOOKUP($N63,'Base de Grupos'!$A:$A,'Base de Grupos'!$M:$M) -> HELDER DA SILVA BRUNKOW | L63: =IF(N63<>N62,1,"") | M63: =_xlfn.XLOOKUP($N63,'Base de Grupos'!$A:$A,'Base de Grupos'!$C:$C) -> PI | N63: 1327 | O63: VENDA INTERNA PI | P63: GRANOLA | Q63: 0 | R63: 0 | S63: 0 | T63: =_xlfn.XLOOKUP($N63,'Calculo Leads'!$A$97:$A$134,'Calculo Leads'!G$97:G$134)*_xlfn.XLOOKUP($P63,'Base Grupo de Produtos'!$E$2:$E$18,'Base Grupo de Produtos'!$F$2:$F$18) -> 20 | U63: =_xlfn.XLOOKUP($N63,'Calculo Leads'!$A$97:$A$134,'Calculo Leads'!H$97:H$134)*_xlfn.XLOOKUP($P63,'Base Grupo de Produtos'!$E$2:$E$18,'Base Grupo de Produtos'!$F$2:$F$18) -> 20 | V63: =_xlfn.XLOOKUP($N63,'Calculo Leads'!$A$97:$A$134,'Calculo Leads'!I$97:I$134)*_xlfn.XLOOKUP($P63,'Base Grupo de Produtos'!$E$2:$E$18,'Base Grupo de Produtos'!$F$2:$F$18) -> 40 | W63: =_xlfn.XLOOKUP($N63,'Calculo Leads'!$A$97:$A$134,'Calculo Leads'!J$97:J$134)*_xlfn.XLOOKUP($P63,'Base Grupo de Produtos'!$E$2:$E$18,'Base Grupo de Produtos'!$F$2:$F$18) -> 40 | X63: =_xlfn.XLOOKUP($N63,'Calculo Leads'!$A$97:$A$134,'Calculo Leads'!K$97:K$134)*_xlfn.XLOOKUP($P63,'Base Grupo de Produtos'!$E$2:$E$18,'Base Grupo de Produtos'!$F$2:$F$18) -> 44 | Y63: =_xlfn.XLOOKUP($N63,'Calculo Leads'!$A$97:$A$134,'Calculo Leads'!L$97:L$134)*_xlfn.XLOOKUP($P63,'Base Grupo de Produtos'!$E$2:$E$18,'Base Grupo de Produtos'!$F$2:$F$18) -> 66 | Z63: =_xlfn.XLOOKUP($N63,'Calculo Leads'!$A$97:$A$134,'Calculo Leads'!M$97:M$134)*_xlfn.XLOOKUP($P63,'Base Grupo de Produtos'!$E$2:$E$18,'Base Grupo de Produtos'!$F$2:$F$18) -> 66 | AA63: =_xlfn.XLOOKUP($N63,'Calculo Leads'!$A$97:$A$134,'Calculo Leads'!N$97:N$134)*_xlfn.XLOOKUP($P63,'Base Grupo de Produtos'!$E$2:$E$18,'Base Grupo de Produtos'!$F$2:$F$18) -> 66 | AB63: =_xlfn.XLOOKUP($N63,'Calculo Leads'!$A$97:$A$134,'Calculo Leads'!O$97:O$134)*_xlfn.XLOOKUP($P63,'Base Grupo de Produtos'!$E$2:$E$18,'Base Grupo de Produtos'!$F$2:$F$18) -> 44 | AC63: =SUM(T63:AB63) -> 406 | AD63: =IF(AC63=0,0,AC63-AG63) -> 406 | AE63: =IFERROR(_xlfn.XLOOKUP(N63&P63,'Historico Vendas'!G:G,'Historico Vendas'!E:E),0) -> 0 | AF63: =IFERROR((AC63-AE63)/AE63,"") | AG63: =IFERROR(_xlfn.XLOOKUP(N63&P63,'Historico Vendas'!G:G,'Historico Vendas'!F:F),0) -> 0 | AH63: =SUM(Q63:S63) -> 0 | AI63: =AH63-AG63 -> 0 | AJ63: =IFERROR(AG63/AH63,"") | AK63: Novos | AL63: =IFERROR(INDEX('Balizador da Meta'!$D$3:$F$23,MATCH(Faturamento!$P63,'Balizador da Meta'!$C$3:$C$23,0),MATCH(Faturamento!AK63,'Balizador da Meta'!$D$2:$F$2,0)),"") -> 0
A64: =IF(L64=1,"SIM","NÃO") -> NÃO | B64: =_xlfn.XLOOKUP($N64,'Base de Grupos'!$A:$A,'Base de Grupos'!$D:$D) -> 1000065763 | C64: =_xlfn.XLOOKUP($N64,'Base de Grupos'!$A:$A,'Base de Grupos'!$E:$E) -> CANAL VENDA INTERNA | D64: =_xlfn.XLOOKUP($N64,'Base de Grupos'!$A:$A,'Base de Grupos'!$F:$F) -> 1000065763 | E64: =_xlfn.XLOOKUP($N64,'Base de Grupos'!$A:$A,'Base de Grupos'!$G:$G) -> CANAL VENDA INTERNA | F64: =_xlfn.XLOOKUP($N64,'Base de Grupos'!$A:$A,'Base de Grupos'!$H:$H) -> 1000105900 | G64: =_xlfn.XLOOKUP($N64,'Base de Grupos'!$A:$A,'Base de Grupos'!$I:$I) -> REGIONAL VENDA DIRETA CO + NE + NO | H64: =_xlfn.XLOOKUP($N64,'Base de Grupos'!$A:$A,'Base de Grupos'!$J:$J) -> 1000105900 | I64: =_xlfn.XLOOKUP($N64,'Base de Grupos'!$A:$A,'Base de Grupos'!$K:$K) -> REGIONAL VENDA DIRETA CO + NE + NO | J64: =_xlfn.XLOOKUP($N64,'Base de Grupos'!$A:$A,'Base de Grupos'!$L:$L) -> 1000150135 | K64: =_xlfn.XLOOKUP($N64,'Base de Grupos'!$A:$A,'Base de Grupos'!$M:$M) -> HELDER DA SILVA BRUNKOW | L64: =IF(N64<>N63,1,"") | M64: =_xlfn.XLOOKUP($N64,'Base de Grupos'!$A:$A,'Base de Grupos'!$C:$C) -> PI | N64: 1327 | O64: VENDA INTERNA PI | P64: KIDS | Q64: 0 | R64: 0 | S64: 0 | T64: =_xlfn.XLOOKUP($N64,'Calculo Leads'!$A$97:$A$134,'Calculo Leads'!G$97:G$134)*_xlfn.XLOOKUP($P64,'Base Grupo de Produtos'!$E$2:$E$18,'Base Grupo de Produtos'!$F$2:$F$18) -> 20 | U64: =_xlfn.XLOOKUP($N64,'Calculo Leads'!$A$97:$A$134,'Calculo Leads'!H$97:H$134)*_xlfn.XLOOKUP($P64,'Base Grupo de Produtos'!$E$2:$E$18,'Base Grupo de Produtos'!$F$2:$F$18) -> 20 | V64: =_xlfn.XLOOKUP($N64,'Calculo Leads'!$A$97:$A$134,'Calculo Leads'!I$97:I$134)*_xlfn.XLOOKUP($P64,'Base Grupo de Produtos'!$E$2:$E$18,'Base Grupo de Produtos'!$F$2:$F$18) -> 40 | W64: =_xlfn.XLOOKUP($N64,'Calculo Leads'!$A$97:$A$134,'Calculo Leads'!J$97:J$134)*_xlfn.XLOOKUP($P64,'Base Grupo de Produtos'!$E$2:$E$18,'Base Grupo de Produtos'!$F$2:$F$18) -> 40 | X64: =_xlfn.XLOOKUP($N64,'Calculo Leads'!$A$97:$A$134,'Calculo Leads'!K$97:K$134)*_xlfn.XLOOKUP($P64,'Base Grupo de Produtos'!$E$2:$E$18,'Base Grupo de Produtos'!$F$2:$F$18) -> 44 | Y64: =_xlfn.XLOOKUP($N64,'Calculo Leads'!$A$97:$A$134,'Calculo Leads'!L$97:L$134)*_xlfn.XLOOKUP($P64,'Base Grupo de Produtos'!$E$2:$E$18,'Base Grupo de Produtos'!$F$2:$F$18) -> 66 | Z64: =_xlfn.XLOOKUP($N64,'Calculo Leads'!$A$97:$A$134,'Calculo Leads'!M$97:M$134)*_xlfn.XLOOKUP($P64,'Base Grupo de Produtos'!$E$2:$E$18,'Base Grupo de Produtos'!$F$2:$F$18) -> 66 | AA64: =_xlfn.XLOOKUP($N64,'Calculo Leads'!$A$97:$A$134,'Calculo Leads'!N$97:N$134)*_xlfn.XLOOKUP($P64,'Base Grupo de Produtos'!$E$2:$E$18,'Base Grupo de Produtos'!$F$2:$F$18) -> 66 | AB64: =_xlfn.XLOOKUP($N64,'Calculo Leads'!$A$97:$A$134,'Calculo Leads'!O$97:O$134)*_xlfn.XLOOKUP($P64,'Base Grupo de Produtos'!$E$2:$E$18,'Base Grupo de Produtos'!$F$2:$F$18) -> 44 | AC64: =SUM(T64:AB64) -> 406 | AD64: =IF(AC64=0,0,AC64-AG64) -> 406 | AE64: =IFERROR(_xlfn.XLOOKUP(N64&P64,'Historico Vendas'!G:G,'Historico Vendas'!E:E),0) -> 0 | AF64: =IFERROR((AC64-AE64)/AE64,"") | AG64: =IFERROR(_xlfn.XLOOKUP(N64&P64,'Historico Vendas'!G:G,'Historico Vendas'!F:F),0) -> 0 | AH64: =SUM(Q64:S64) -> 0 | AI64: =AH64-AG64 -> 0 | AJ64: =IFERROR(AG64/AH64,"") | AK64: Novos | AL64: =IFERROR(INDEX('Balizador da Meta'!$D$3:$F$23,MATCH(Faturamento!$P64,'Balizador da Meta'!$C$3:$C$23,0),MATCH(Faturamento!AK64,'Balizador da Meta'!$D$2:$F$2,0)),"") -> 0
A65: =IF(L65=1,"SIM","NÃO") -> NÃO | B65: =_xlfn.XLOOKUP($N65,'Base de Grupos'!$A:$A,'Base de Grupos'!$D:$D) -> 1000065763 | C65: =_xlfn.XLOOKUP($N65,'Base de Grupos'!$A:$A,'Base de Grupos'!$E:$E) -> CANAL VENDA INTERNA | D65: =_xlfn.XLOOKUP($N65,'Base de Grupos'!$A:$A,'Base de Grupos'!$F:$F) -> 1000065763 | E65: =_xlfn.XLOOKUP($N65,'Base de Grupos'!$A:$A,'Base de Grupos'!$G:$G) -> CANAL VENDA INTERNA | F65: =_xlfn.XLOOKUP($N65,'Base de Grupos'!$A:$A,'Base de Grupos'!$H:$H) -> 1000105900 | G65: =_xlfn.XLOOKUP($N65,'Base de Grupos'!$A:$A,'Base de Grupos'!$I:$I) -> REGIONAL VENDA DIRETA CO + NE + NO | H65: =_xlfn.XLOOKUP($N65,'Base de Grupos'!$A:$A,'Base de Grupos'!$J:$J) -> 1000105900 | I65: =_xlfn.XLOOKUP($N65,'Base de Grupos'!$A:$A,'Base de Grupos'!$K:$K) -> REGIONAL VENDA DIRETA CO + NE + NO | J65: =_xlfn.XLOOKUP($N65,'Base de Grupos'!$A:$A,'Base de Grupos'!$L:$L) -> 1000150135 | K65: =_xlfn.XLOOKUP($N65,'Base de Grupos'!$A:$A,'Base de Grupos'!$M:$M) -> HELDER DA SILVA BRUNKOW | L65: =IF(N65<>N64,1,"") | M65: =_xlfn.XLOOKUP($N65,'Base de Grupos'!$A:$A,'Base de Grupos'!$C:$C) -> PI | N65: 1327 | O65: VENDA INTERNA PI | P65: LANCHES | Q65: 0 | R65: 0 | S65: 0 | T65: =_xlfn.XLOOKUP($N65,'Calculo Leads'!$A$97:$A$134,'Calculo Leads'!G$97:G$134)*_xlfn.XLOOKUP($P65,'Base Grupo de Produtos'!$E$2:$E$18,'Base Grupo de Produtos'!$F$2:$F$18) -> 30 | U65: =_xlfn.XLOOKUP($N65,'Calculo Leads'!$A$97:$A$134,'Calculo Leads'!H$97:H$134)*_xlfn.XLOOKUP($P65,'Base Grupo de Produtos'!$E$2:$E$18,'Base Grupo de Produtos'!$F$2:$F$18) -> 30 | V65: =_xlfn.XLOOKUP($N65,'Calculo Leads'!$A$97:$A$134,'Calculo Leads'!I$97:I$134)*_xlfn.XLOOKUP($P65,'Base Grupo de Produtos'!$E$2:$E$18,'Base Grupo de Produtos'!$F$2:$F$18) -> 60 | W65: =_xlfn.XLOOKUP($N65,'Calculo Leads'!$A$97:$A$134,'Calculo Leads'!J$97:J$134)*_xlfn.XLOOKUP($P65,'Base Grupo de Produtos'!$E$2:$E$18,'Base Grupo de Produtos'!$F$2:$F$18) -> 60 | X65: =_xlfn.XLOOKUP($N65,'Calculo Leads'!$A$97:$A$134,'Calculo Leads'!K$97:K$134)*_xlfn.XLOOKUP($P65,'Base Grupo de Produtos'!$E$2:$E$18,'Base Grupo de Produtos'!$F$2:$F$18) -> 66 | Y65: =_xlfn.XLOOKUP($N65,'Calculo Leads'!$A$97:$A$134,'Calculo Leads'!L$97:L$134)*_xlfn.XLOOKUP($P65,'Base Grupo de Produtos'!$E$2:$E$18,'Base Grupo de Produtos'!$F$2:$F$18) -> 99 | Z65: =_xlfn.XLOOKUP($N65,'Calculo Leads'!$A$97:$A$134,'Calculo Leads'!M$97:M$134)*_xlfn.XLOOKUP($P65,'Base Grupo de Produtos'!$E$2:$E$18,'Base Grupo de Produtos'!$F$2:$F$18) -> 99 | AA65: =_xlfn.XLOOKUP($N65,'Calculo Leads'!$A$97:$A$134,'Calculo Leads'!N$97:N$134)*_xlfn.XLOOKUP($P65,'Base Grupo de Produtos'!$E$2:$E$18,'Base Grupo de Produtos'!$F$2:$F$18) -> 99 | AB65: =_xlfn.XLOOKUP($N65,'Calculo Leads'!$A$97:$A$134,'Calculo Leads'!O$97:O$134)*_xlfn.XLOOKUP($P65,'Base Grupo de Produtos'!$E$2:$E$18,'Base Grupo de Produtos'!$F$2:$F$18) -> 66 | AC65: =SUM(T65:AB65) -> 609 | AD65: =IF(AC65=0,0,AC65-AG65) -> 609 | AE65: =IFERROR(_xlfn.XLOOKUP(N65&P65,'Historico Vendas'!G:G,'Historico Vendas'!E:E),0) -> 0 | AF65: =IFERROR((AC65-AE65)/AE65,"") | AG65: =IFERROR(_xlfn.XLOOKUP(N65&P65,'Historico Vendas'!G:G,'Historico Vendas'!F:F),0) -> 0 | AH65: =SUM(Q65:S65) -> 0 | AI65: =AH65-AG65 -> 0 | AJ65: =IFERROR(AG65/AH65,"") | AK65: Novos | AL65: =IFERROR(INDEX('Balizador da Meta'!$D$3:$F$23,MATCH(Faturamento!$P65,'Balizador da Meta'!$C$3:$C$23,0),MATCH(Faturamento!AK65,'Balizador da Meta'!$D$2:$F$2,0)),"") -> 0.15
A66: =IF(L66=1,"SIM","NÃO") -> NÃO | B66: =_xlfn.XLOOKUP($N66,'Base de Grupos'!$A:$A,'Base de Grupos'!$D:$D) -> 1000065763 | C66: =_xlfn.XLOOKUP($N66,'Base de Grupos'!$A:$A,'Base de Grupos'!$E:$E) -> CANAL VENDA INTERNA | D66: =_xlfn.XLOOKUP($N66,'Base de Grupos'!$A:$A,'Base de Grupos'!$F:$F) -> 1000065763 | E66: =_xlfn.XLOOKUP($N66,'Base de Grupos'!$A:$A,'Base de Grupos'!$G:$G) -> CANAL VENDA INTERNA | F66: =_xlfn.XLOOKUP($N66,'Base de Grupos'!$A:$A,'Base de Grupos'!$H:$H) -> 1000105900 | G66: =_xlfn.XLOOKUP($N66,'Base de Grupos'!$A:$A,'Base de Grupos'!$I:$I) -> REGIONAL VENDA DIRETA CO + NE + NO | H66: =_xlfn.XLOOKUP($N66,'Base de Grupos'!$A:$A,'Base de Grupos'!$J:$J) -> 1000105900 | I66: =_xlfn.XLOOKUP($N66,'Base de Grupos'!$A:$A,'Base de Grupos'!$K:$K) -> REGIONAL VENDA DIRETA CO + NE + NO | J66: =_xlfn.XLOOKUP($N66,'Base de Grupos'!$A:$A,'Base de Grupos'!$L:$L) -> 1000150135 | K66: =_xlfn.XLOOKUP($N66,'Base de Grupos'!$A:$A,'Base de Grupos'!$M:$M) -> HELDER DA SILVA BRUNKOW | L66: =IF(N66<>N65,1,"") | M66: =_xlfn.XLOOKUP($N66,'Base de Grupos'!$A:$A,'Base de Grupos'!$C:$C) -> PI | N66: 1327 | O66: VENDA INTERNA PI | P66: MAIS GRANEL | Q66: 0 | R66: 0 | S66: 0 | T66: =_xlfn.XLOOKUP($N66,'Calculo Leads'!$A$97:$A$134,'Calculo Leads'!G$97:G$134)*_xlfn.XLOOKUP($P66,'Base Grupo de Produtos'!$E$2:$E$18,'Base Grupo de Produtos'!$F$2:$F$18) -> 250 | U66: =_xlfn.XLOOKUP($N66,'Calculo Leads'!$A$97:$A$134,'Calculo Leads'!H$97:H$134)*_xlfn.XLOOKUP($P66,'Base Grupo de Produtos'!$E$2:$E$18,'Base Grupo de Produtos'!$F$2:$F$18) -> 250 | V66: =_xlfn.XLOOKUP($N66,'Calculo Leads'!$A$97:$A$134,'Calculo Leads'!I$97:I$134)*_xlfn.XLOOKUP($P66,'Base Grupo de Produtos'!$E$2:$E$18,'Base Grupo de Produtos'!$F$2:$F$18) -> 500 | W66: =_xlfn.XLOOKUP($N66,'Calculo Leads'!$A$97:$A$134,'Calculo Leads'!J$97:J$134)*_xlfn.XLOOKUP($P66,'Base Grupo de Produtos'!$E$2:$E$18,'Base Grupo de Produtos'!$F$2:$F$18) -> 500 | X66: =_xlfn.XLOOKUP($N66,'Calculo Leads'!$A$97:$A$134,'Calculo Leads'!K$97:K$134)*_xlfn.XLOOKUP($P66,'Base Grupo de Produtos'!$E$2:$E$18,'Base Grupo de Produtos'!$F$2:$F$18) -> 550 | Y66: =_xlfn.XLOOKUP($N66,'Calculo Leads'!$A$97:$A$134,'Calculo Leads'!L$97:L$134)*_xlfn.XLOOKUP($P66,'Base Grupo de Produtos'!$E$2:$E$18,'Base Grupo de Produtos'!$F$2:$F$18) -> 825 | Z66: =_xlfn.XLOOKUP($N66,'Calculo Leads'!$A$97:$A$134,'Calculo Leads'!M$97:M$134)*_xlfn.XLOOKUP($P66,'Base Grupo de Produtos'!$E$2:$E$18,'Base Grupo de Produtos'!$F$2:$F$18) -> 825 | AA66: =_xlfn.XLOOKUP($N66,'Calculo Leads'!$A$97:$A$134,'Calculo Leads'!N$97:N$134)*_xlfn.XLOOKUP($P66,'Base Grupo de Produtos'!$E$2:$E$18,'Base Grupo de Produtos'!$F$2:$F$18) -> 825 | AB66: =_xlfn.XLOOKUP($N66,'Calculo Leads'!$A$97:$A$134,'Calculo Leads'!O$97:O$134)*_xlfn.XLOOKUP($P66,'Base Grupo de Produtos'!$E$2:$E$18,'Base Grupo de Produtos'!$F$2:$F$18) -> 550 | AC66: =SUM(T66:AB66) -> 5075 | AD66: =IF(AC66=0,0,AC66-AG66) -> 5075 | AE66: =IFERROR(_xlfn.XLOOKUP(N66&P66,'Historico Vendas'!G:G,'Historico Vendas'!E:E),0) -> 0 | AF66: =IFERROR((AC66-AE66)/AE66,"") | AG66: =IFERROR(_xlfn.XLOOKUP(N66&P66,'Historico Vendas'!G:G,'Historico Vendas'!F:F),0) -> 0 | AH66: =SUM(Q66:S66) -> 0 | AI66: =AH66-AG66 -> 0 | AJ66: =IFERROR(AG66/AH66,"") | AK66: Novos | AL66: =IFERROR(INDEX('Balizador da Meta'!$D$3:$F$23,MATCH(Faturamento!$P66,'Balizador da Meta'!$C$3:$C$23,0),MATCH(Faturamento!AK66,'Balizador da Meta'!$D$2:$F$2,0)),"") -> 0
A67: =IF(L67=1,"SIM","NÃO") -> NÃO | B67: =_xlfn.XLOOKUP($N67,'Base de Grupos'!$A:$A,'Base de Grupos'!$D:$D) -> 1000065763 | C67: =_xlfn.XLOOKUP($N67,'Base de Grupos'!$A:$A,'Base de Grupos'!$E:$E) -> CANAL VENDA INTERNA | D67: =_xlfn.XLOOKUP($N67,'Base de Grupos'!$A:$A,'Base de Grupos'!$F:$F) -> 1000065763 | E67: =_xlfn.XLOOKUP($N67,'Base de Grupos'!$A:$A,'Base de Grupos'!$G:$G) -> CANAL VENDA INTERNA | F67: =_xlfn.XLOOKUP($N67,'Base de Grupos'!$A:$A,'Base de Grupos'!$H:$H) -> 1000105900 | G67: =_xlfn.XLOOKUP($N67,'Base de Grupos'!$A:$A,'Base de Grupos'!$I:$I) -> REGIONAL VENDA DIRETA CO + NE + NO | H67: =_xlfn.XLOOKUP($N67,'Base de Grupos'!$A:$A,'Base de Grupos'!$J:$J) -> 1000105900 | I67: =_xlfn.XLOOKUP($N67,'Base de Grupos'!$A:$A,'Base de Grupos'!$K:$K) -> REGIONAL VENDA DIRETA CO + NE + NO | J67: =_xlfn.XLOOKUP($N67,'Base de Grupos'!$A:$A,'Base de Grupos'!$L:$L) -> 1000150135 | K67: =_xlfn.XLOOKUP($N67,'Base de Grupos'!$A:$A,'Base de Grupos'!$M:$M) -> HELDER DA SILVA BRUNKOW | L67: =IF(N67<>N66,1,"") | M67: =_xlfn.XLOOKUP($N67,'Base de Grupos'!$A:$A,'Base de Grupos'!$C:$C) -> PI | N67: 1327 | O67: VENDA INTERNA PI | P67: NATURATTA | Q67: 0 | R67: 0 | S67: 0 | T67: =_xlfn.XLOOKUP($N67,'Calculo Leads'!$A$97:$A$134,'Calculo Leads'!G$97:G$134)*_xlfn.XLOOKUP($P67,'Base Grupo de Produtos'!$E$2:$E$18,'Base Grupo de Produtos'!$F$2:$F$18) -> 50 | U67: =_xlfn.XLOOKUP($N67,'Calculo Leads'!$A$97:$A$134,'Calculo Leads'!H$97:H$134)*_xlfn.XLOOKUP($P67,'Base Grupo de Produtos'!$E$2:$E$18,'Base Grupo de Produtos'!$F$2:$F$18) -> 50 | V67: =_xlfn.XLOOKUP($N67,'Calculo Leads'!$A$97:$A$134,'Calculo Leads'!I$97:I$134)*_xlfn.XLOOKUP($P67,'Base Grupo de Produtos'!$E$2:$E$18,'Base Grupo de Produtos'!$F$2:$F$18) -> 100 | W67: =_xlfn.XLOOKUP($N67,'Calculo Leads'!$A$97:$A$134,'Calculo Leads'!J$97:J$134)*_xlfn.XLOOKUP($P67,'Base Grupo de Produtos'!$E$2:$E$18,'Base Grupo de Produtos'!$F$2:$F$18) -> 100 | X67: =_xlfn.XLOOKUP($N67,'Calculo Leads'!$A$97:$A$134,'Calculo Leads'!K$97:K$134)*_xlfn.XLOOKUP($P67,'Base Grupo de Produtos'!$E$2:$E$18,'Base Grupo de Produtos'!$F$2:$F$18) -> 110 | Y67: =_xlfn.XLOOKUP($N67,'Calculo Leads'!$A$97:$A$134,'Calculo Leads'!L$97:L$134)*_xlfn.XLOOKUP($P67,'Base Grupo de Produtos'!$E$2:$E$18,'Base Grupo de Produtos'!$F$2:$F$18) -> 165 | Z67: =_xlfn.XLOOKUP($N67,'Calculo Leads'!$A$97:$A$134,'Calculo Leads'!M$97:M$134)*_xlfn.XLOOKUP($P67,'Base Grupo de Produtos'!$E$2:$E$18,'Base Grupo de Produtos'!$F$2:$F$18) -> 165 | AA67: =_xlfn.XLOOKUP($N67,'Calculo Leads'!$A$97:$A$134,'Calculo Leads'!N$97:N$134)*_xlfn.XLOOKUP($P67,'Base Grupo de Produtos'!$E$2:$E$18,'Base Grupo de Produtos'!$F$2:$F$18) -> 165 | AB67: =_xlfn.XLOOKUP($N67,'Calculo Leads'!$A$97:$A$134,'Calculo Leads'!O$97:O$134)*_xlfn.XLOOKUP($P67,'Base Grupo de Produtos'!$E$2:$E$18,'Base Grupo de Produtos'!$F$2:$F$18) -> 110 | AC67: =SUM(T67:AB67) -> 1015 | AD67: =IF(AC67=0,0,AC67-AG67) -> 1015 | AE67: =IFERROR(_xlfn.XLOOKUP(N67&P67,'Historico Vendas'!G:G,'Historico Vendas'!E:E),0) -> 0 | AF67: =IFERROR((AC67-AE67)/AE67,"") | AG67: =IFERROR(_xlfn.XLOOKUP(N67&P67,'Historico Vendas'!G:G,'Historico Vendas'!F:F),0) -> 0 | AH67: =SUM(Q67:S67) -> 0 | AI67: =AH67-AG67 -> 0 | AJ67: =IFERROR(AG67/AH67,"") | AK67: Novos | AL67: =IFERROR(INDEX('Balizador da Meta'!$D$3:$F$23,MATCH(Faturamento!$P67,'Balizador da Meta'!$C$3:$C$23,0),MATCH(Faturamento!AK67,'Balizador da Meta'!$D$2:$F$2,0)),"") -> 0.25
A68: =IF(L68=1,"SIM","NÃO") -> NÃO | B68: =_xlfn.XLOOKUP($N68,'Base de Grupos'!$A:$A,'Base de Grupos'!$D:$D) -> 1000065763 | C68: =_xlfn.XLOOKUP($N68,'Base de Grupos'!$A:$A,'Base de Grupos'!$E:$E) -> CANAL VENDA INTERNA | D68: =_xlfn.XLOOKUP($N68,'Base de Grupos'!$A:$A,'Base de Grupos'!$F:$F) -> 1000065763 | E68: =_xlfn.XLOOKUP($N68,'Base de Grupos'!$A:$A,'Base de Grupos'!$G:$G) -> CANAL VENDA INTERNA | F68: =_xlfn.XLOOKUP($N68,'Base de Grupos'!$A:$A,'Base de Grupos'!$H:$H) -> 1000105900 | G68: =_xlfn.XLOOKUP($N68,'Base de Grupos'!$A:$A,'Base de Grupos'!$I:$I) -> REGIONAL VENDA DIRETA CO + NE + NO | H68: =_xlfn.XLOOKUP($N68,'Base de Grupos'!$A:$A,'Base de Grupos'!$J:$J) -> 1000105900 | I68: =_xlfn.XLOOKUP($N68,'Base de Grupos'!$A:$A,'Base de Grupos'!$K:$K) -> REGIONAL VENDA DIRETA CO + NE + NO | J68: =_xlfn.XLOOKUP($N68,'Base de Grupos'!$A:$A,'Base de Grupos'!$L:$L) -> 1000150135 | K68: =_xlfn.XLOOKUP($N68,'Base de Grupos'!$A:$A,'Base de Grupos'!$M:$M) -> HELDER DA SILVA BRUNKOW | L68: =IF(N68<>N67,1,"") | M68: =_xlfn.XLOOKUP($N68,'Base de Grupos'!$A:$A,'Base de Grupos'!$C:$C) -> PI | N68: 1327 | O68: VENDA INTERNA PI | P68: REEMBALADOS | Q68: 0 | R68: 0 | S68: 0 | T68: =_xlfn.XLOOKUP($N68,'Calculo Leads'!$A$97:$A$134,'Calculo Leads'!G$97:G$134)*_xlfn.XLOOKUP($P68,'Base Grupo de Produtos'!$E$2:$E$18,'Base Grupo de Produtos'!$F$2:$F$18) -> 50 | U68: =_xlfn.XLOOKUP($N68,'Calculo Leads'!$A$97:$A$134,'Calculo Leads'!H$97:H$134)*_xlfn.XLOOKUP($P68,'Base Grupo de Produtos'!$E$2:$E$18,'Base Grupo de Produtos'!$F$2:$F$18) -> 50 | V68: =_xlfn.XLOOKUP($N68,'Calculo Leads'!$A$97:$A$134,'Calculo Leads'!I$97:I$134)*_xlfn.XLOOKUP($P68,'Base Grupo de Produtos'!$E$2:$E$18,'Base Grupo de Produtos'!$F$2:$F$18) -> 100 | W68: =_xlfn.XLOOKUP($N68,'Calculo Leads'!$A$97:$A$134,'Calculo Leads'!J$97:J$134)*_xlfn.XLOOKUP($P68,'Base Grupo de Produtos'!$E$2:$E$18,'Base Grupo de Produtos'!$F$2:$F$18) -> 100 | X68: =_xlfn.XLOOKUP($N68,'Calculo Leads'!$A$97:$A$134,'Calculo Leads'!K$97:K$134)*_xlfn.XLOOKUP($P68,'Base Grupo de Produtos'!$E$2:$E$18,'Base Grupo de Produtos'!$F$2:$F$18) -> 110 | Y68: =_xlfn.XLOOKUP($N68,'Calculo Leads'!$A$97:$A$134,'Calculo Leads'!L$97:L$134)*_xlfn.XLOOKUP($P68,'Base Grupo de Produtos'!$E$2:$E$18,'Base Grupo de Produtos'!$F$2:$F$18) -> 165 | Z68: =_xlfn.XLOOKUP($N68,'Calculo Leads'!$A$97:$A$134,'Calculo Leads'!M$97:M$134)*_xlfn.XLOOKUP($P68,'Base Grupo de Produtos'!$E$2:$E$18,'Base Grupo de Produtos'!$F$2:$F$18) -> 165 | AA68: =_xlfn.XLOOKUP($N68,'Calculo Leads'!$A$97:$A$134,'Calculo Leads'!N$97:N$134)*_xlfn.XLOOKUP($P68,'Base Grupo de Produtos'!$E$2:$E$18,'Base Grupo de Produtos'!$F$2:$F$18) -> 165 | AB68: =_xlfn.XLOOKUP($N68,'Calculo Leads'!$A$97:$A$134,'Calculo Leads'!O$97:O$134)*_xlfn.XLOOKUP($P68,'Base Grupo de Produtos'!$E$2:$E$18,'Base Grupo de Produtos'!$F$2:$F$18) -> 110 | AC68: =SUM(T68:AB68) -> 1015 | AD68: =IF(AC68=0,0,AC68-AG68) -> 1015 | AE68: =IFERROR(_xlfn.XLOOKUP(N68&P68,'Historico Vendas'!G:G,'Historico Vendas'!E:E),0) -> 0 | AF68: =IFERROR((AC68-AE68)/AE68,"") | AG68: =IFERROR(_xlfn.XLOOKUP(N68&P68,'Historico Vendas'!G:G,'Historico Vendas'!F:F),0) -> 0 | AH68: =SUM(Q68:S68) -> 0 | AI68: =AH68-AG68 -> 0 | AJ68: =IFERROR(AG68/AH68,"") | AK68: Novos | AL68: =IFERROR(INDEX('Balizador da Meta'!$D$3:$F$23,MATCH(Faturamento!$P68,'Balizador da Meta'!$C$3:$C$23,0),MATCH(Faturamento!AK68,'Balizador da Meta'!$D$2:$F$2,0)),"") -> 0
A69: =IF(L69=1,"SIM","NÃO") -> NÃO | B69: =_xlfn.XLOOKUP($N69,'Base de Grupos'!$A:$A,'Base de Grupos'!$D:$D) -> 1000065763 | C69: =_xlfn.XLOOKUP($N69,'Base de Grupos'!$A:$A,'Base de Grupos'!$E:$E) -> CANAL VENDA INTERNA | D69: =_xlfn.XLOOKUP($N69,'Base de Grupos'!$A:$A,'Base de Grupos'!$F:$F) -> 1000065763 | E69: =_xlfn.XLOOKUP($N69,'Base de Grupos'!$A:$A,'Base de Grupos'!$G:$G) -> CANAL VENDA INTERNA | F69: =_xlfn.XLOOKUP($N69,'Base de Grupos'!$A:$A,'Base de Grupos'!$H:$H) -> 1000105900 | G69: =_xlfn.XLOOKUP($N69,'Base de Grupos'!$A:$A,'Base de Grupos'!$I:$I) -> REGIONAL VENDA DIRETA CO + NE + NO | H69: =_xlfn.XLOOKUP($N69,'Base de Grupos'!$A:$A,'Base de Grupos'!$J:$J) -> 1000105900 | I69: =_xlfn.XLOOKUP($N69,'Base de Grupos'!$A:$A,'Base de Grupos'!$K:$K) -> REGIONAL VENDA DIRETA CO + NE + NO | J69: =_xlfn.XLOOKUP($N69,'Base de Grupos'!$A:$A,'Base de Grupos'!$L:$L) -> 1000150135 | K69: =_xlfn.XLOOKUP($N69,'Base de Grupos'!$A:$A,'Base de Grupos'!$M:$M) -> HELDER DA SILVA BRUNKOW | L69: =IF(N69<>N68,1,"") | M69: =_xlfn.XLOOKUP($N69,'Base de Grupos'!$A:$A,'Base de Grupos'!$C:$C) -> PI | N69: 1327 | O69: VENDA INTERNA PI | P69: S GLUTEN | Q69: 0 | R69: 0 | S69: 0 | T69: =_xlfn.XLOOKUP($N69,'Calculo Leads'!$A$97:$A$134,'Calculo Leads'!G$97:G$134)*_xlfn.XLOOKUP($P69,'Base Grupo de Produtos'!$E$2:$E$18,'Base Grupo de Produtos'!$F$2:$F$18) -> 50 | U69: =_xlfn.XLOOKUP($N69,'Calculo Leads'!$A$97:$A$134,'Calculo Leads'!H$97:H$134)*_xlfn.XLOOKUP($P69,'Base Grupo de Produtos'!$E$2:$E$18,'Base Grupo de Produtos'!$F$2:$F$18) -> 50 | V69: =_xlfn.XLOOKUP($N69,'Calculo Leads'!$A$97:$A$134,'Calculo Leads'!I$97:I$134)*_xlfn.XLOOKUP($P69,'Base Grupo de Produtos'!$E$2:$E$18,'Base Grupo de Produtos'!$F$2:$F$18) -> 100 | W69: =_xlfn.XLOOKUP($N69,'Calculo Leads'!$A$97:$A$134,'Calculo Leads'!J$97:J$134)*_xlfn.XLOOKUP($P69,'Base Grupo de Produtos'!$E$2:$E$18,'Base Grupo de Produtos'!$F$2:$F$18) -> 100 | X69: =_xlfn.XLOOKUP($N69,'Calculo Leads'!$A$97:$A$134,'Calculo Leads'!K$97:K$134)*_xlfn.XLOOKUP($P69,'Base Grupo de Produtos'!$E$2:$E$18,'Base Grupo de Produtos'!$F$2:$F$18) -> 110 | Y69: =_xlfn.XLOOKUP($N69,'Calculo Leads'!$A$97:$A$134,'Calculo Leads'!L$97:L$134)*_xlfn.XLOOKUP($P69,'Base Grupo de Produtos'!$E$2:$E$18,'Base Grupo de Produtos'!$F$2:$F$18) -> 165 | Z69: =_xlfn.XLOOKUP($N69,'Calculo Leads'!$A$97:$A$134,'Calculo Leads'!M$97:M$134)*_xlfn.XLOOKUP($P69,'Base Grupo de Produtos'!$E$2:$E$18,'Base Grupo de Produtos'!$F$2:$F$18) -> 165 | AA69: =_xlfn.XLOOKUP($N69,'Calculo Leads'!$A$97:$A$134,'Calculo Leads'!N$97:N$134)*_xlfn.XLOOKUP($P69,'Base Grupo de Produtos'!$E$2:$E$18,'Base Grupo de Produtos'!$F$2:$F$18) -> 165 | AB69: =_xlfn.XLOOKUP($N69,'Calculo Leads'!$A$97:$A$134,'Calculo Leads'!O$97:O$134)*_xlfn.XLOOKUP($P69,'Base Grupo de Produtos'!$E$2:$E$18,'Base Grupo de Produtos'!$F$2:$F$18) -> 110 | AC69: =SUM(T69:AB69) -> 1015 | AD69: =IF(AC69=0,0,AC69-AG69) -> 1015 | AE69: =IFERROR(_xlfn.XLOOKUP(N69&P69,'Historico Vendas'!G:G,'Historico Vendas'!E:E),0) -> 0 | AF69: =IFERROR((AC69-AE69)/AE69,"") | AG69: =IFERROR(_xlfn.XLOOKUP(N69&P69,'Historico Vendas'!G:G,'Historico Vendas'!F:F),0) -> 0 | AH69: =SUM(Q69:S69) -> 0 | AI69: =AH69-AG69 -> 0 | AJ69: =IFERROR(AG69/AH69,"") | AK69: Novos | AL69: =IFERROR(INDEX('Balizador da Meta'!$D$3:$F$23,MATCH(Faturamento!$P69,'Balizador da Meta'!$C$3:$C$23,0),MATCH(Faturamento!AK69,'Balizador da Meta'!$D$2:$F$2,0)),"") -> 0
... A74: =IF(L74=1,"SIM","NÃO") -> NÃO | B74: =_xlfn.XLOOKUP($N74,'Base de Grupos'!$A:$A,'Base de Grupos'!$D:$D) -> 1000065763 | C74: =_xlfn.XLOOKUP($N74,'Base de Grupos'!$A:$A,'Base de Grupos'!$E:$E) -> CANAL VENDA INTERNA | D74: =_xlfn.XLOOKUP($N74,'Base de Grupos'!$A:$A,'Base de Grupos'!$F:$F) -> 1000065763 | E74: =_xlfn.XLOOKUP($N74,'Base de Grupos'!$A:$A,'Base de Grupos'!$G:$G) -> CANAL VENDA INTERNA | F74: =_xlfn.XLOOKUP($N74,'Base de Grupos'!$A:$A,'Base de Grupos'!$H:$H) -> 1000105900 | G74: =_xlfn.XLOOKUP($N74,'Base de Grupos'!$A:$A,'Base de Grupos'!$I:$I) -> REGIONAL VENDA DIRETA CO + NE + NO | H74: =_xlfn.XLOOKUP($N74,'Base de Grupos'!$A:$A,'Base de Grupos'!$J:$J) -> 1000105900 | I74: =_xlfn.XLOOKUP($N74,'Base de Grupos'!$A:$A,'Base de Grupos'!$K:$K) -> REGIONAL VENDA DIRETA CO + NE + NO | J74: =_xlfn.XLOOKUP($N74,'Base de Grupos'!$A:$A,'Base de Grupos'!$L:$L) -> 1000150135 | K74: =_xlfn.XLOOKUP($N74,'Base de Grupos'!$A:$A,'Base de Grupos'!$M:$M) -> HELDER DA SILVA BRUNKOW | L74: =IF(N74<>N73,1,"") | M74: =_xlfn.XLOOKUP($N74,'Base de Grupos'!$A:$A,'Base de Grupos'!$C:$C) -> PI | N74: 1327 | O74: VENDA INTERNA PI | P74: VICCIO | Q74: 0 | R74: 0 | S74: 0 | T74: =_xlfn.XLOOKUP($N74,'Calculo Leads'!$A$97:$A$134,'Calculo Leads'!G$97:G$134)*_xlfn.XLOOKUP($P74,'Base Grupo de Produtos'!$E$2:$E$18,'Base Grupo de Produtos'!$F$2:$F$18) -> 30 | U74: =_xlfn.XLOOKUP($N74,'Calculo Leads'!$A$97:$A$134,'Calculo Leads'!H$97:H$134)*_xlfn.XLOOKUP($P74,'Base Grupo de Produtos'!$E$2:$E$18,'Base Grupo de Produtos'!$F$2:$F$18) -> 30 | V74: =_xlfn.XLOOKUP($N74,'Calculo Leads'!$A$97:$A$134,'Calculo Leads'!I$97:I$134)*_xlfn.XLOOKUP($P74,'Base Grupo de Produtos'!$E$2:$E$18,'Base Grupo de Produtos'!$F$2:$F$18) -> 60 | W74: =_xlfn.XLOOKUP($N74,'Calculo Leads'!$A$97:$A$134,'Calculo Leads'!J$97:J$134)*_xlfn.XLOOKUP($P74,'Base Grupo de Produtos'!$E$2:$E$18,'Base Grupo de Produtos'!$F$2:$F$18) -> 60 | X74: =_xlfn.XLOOKUP($N74,'Calculo Leads'!$A$97:$A$134,'Calculo Leads'!K$97:K$134)*_xlfn.XLOOKUP($P74,'Base Grupo de Produtos'!$E$2:$E$18,'Base Grupo de Produtos'!$F$2:$F$18) -> 66 | Y74: =_xlfn.XLOOKUP($N74,'Calculo Leads'!$A$97:$A$134,'Calculo Leads'!L$97:L$134)*_xlfn.XLOOKUP($P74,'Base Grupo de Produtos'!$E$2:$E$18,'Base Grupo de Produtos'!$F$2:$F$18) -> 99 | Z74: =_xlfn.XLOOKUP($N74,'Calculo Leads'!$A$97:$A$134,'Calculo Leads'!M$97:M$134)*_xlfn.XLOOKUP($P74,'Base Grupo de Produtos'!$E$2:$E$18,'Base Grupo de Produtos'!$F$2:$F$18) -> 99 | AA74: =_xlfn.XLOOKUP($N74,'Calculo Leads'!$A$97:$A$134,'Calculo Leads'!N$97:N$134)*_xlfn.XLOOKUP($P74,'Base Grupo de Produtos'!$E$2:$E$18,'Base Grupo de Produtos'!$F$2:$F$18) -> 99 | AB74: =_xlfn.XLOOKUP($N74,'Calculo Leads'!$A$97:$A$134,'Calculo Leads'!O$97:O$134)*_xlfn.XLOOKUP($P74,'Base Grupo de Produtos'!$E$2:$E$18,'Base Grupo de Produtos'!$F$2:$F$18) -> 66 | AC74: =SUM(T74:AB74) -> 609 | AD74: =IF(AC74=0,0,AC74-AG74) -> 609 | AE74: =IFERROR(_xlfn.XLOOKUP(N74&P74,'Historico Vendas'!G:G,'Historico Vendas'!E:E),0) -> 0 | AF74: =IFERROR((AC74-AE74)/AE74,"") | AG74: =IFERROR(_xlfn.XLOOKUP(N74&P74,'Historico Vendas'!G:G,'Historico Vendas'!F:F),0) -> 0 | AH74: =SUM(Q74:S74) -> 0 | AI74: =AH74-AG74 -> 0 | AJ74: =IFERROR(AG74/AH74,"") | AK74: Novos | AL74: =IFERROR(INDEX('Balizador da Meta'!$D$3:$F$23,MATCH(Faturamento!$P74,'Balizador da Meta'!$C$3:$C$23,0),MATCH(Faturamento!AK74,'Balizador da Meta'!$D$2:$F$2,0)),"") -> 0.2
A75: =IF(L75=1,"SIM","NÃO") -> SIM | B75: =_xlfn.XLOOKUP($N75,'Base de Grupos'!$A:$A,'Base de Grupos'!$D:$D) -> 1000065763 | C75: =_xlfn.XLOOKUP($N75,'Base de Grupos'!$A:$A,'Base de Grupos'!$E:$E) -> CANAL VENDA INTERNA | D75: =_xlfn.XLOOKUP($N75,'Base de Grupos'!$A:$A,'Base de Grupos'!$F:$F) -> 1000065763 | E75: =_xlfn.XLOOKUP($N75,'Base de Grupos'!$A:$A,'Base de Grupos'!$G:$G) -> CANAL VENDA INTERNA | F75: =_xlfn.XLOOKUP($N75,'Base de Grupos'!$A:$A,'Base de Grupos'!$H:$H) -> 1000105900 | G75: =_xlfn.XLOOKUP($N75,'Base de Grupos'!$A:$A,'Base de Grupos'!$I:$I) -> REGIONAL VENDA DIRETA CO + NE + NO | H75: =_xlfn.XLOOKUP($N75,'Base de Grupos'!$A:$A,'Base de Grupos'!$J:$J) -> 1000105900 | I75: =_xlfn.XLOOKUP($N75,'Base de Grupos'!$A:$A,'Base de Grupos'!$K:$K) -> REGIONAL VENDA DIRETA CO + NE + NO | J75: =_xlfn.XLOOKUP($N75,'Base de Grupos'!$A:$A,'Base de Grupos'!$L:$L) -> 1000150135 | K75: =_xlfn.XLOOKUP($N75,'Base de Grupos'!$A:$A,'Base de Grupos'!$M:$M) -> HELDER DA SILVA BRUNKOW | L75: =IF(N75<>N74,1,"") -> 1 | M75: =_xlfn.XLOOKUP($N75,'Base de Grupos'!$A:$A,'Base de Grupos'!$C:$C) -> PE | N75: 1328 | O75: VENDA INTERNA PE | P75: 1. TOTAL - VENDA INTERNA PE | Q75: =SUM(Q76:Q92) -> 0 | R75: =SUM(R76:R92) -> 0 | S75: =SUM(S76:S92) -> 0 | T75: =SUM(T76:T92) -> 2000 | U75: =SUM(U76:U92) -> 2000 | V75: =SUM(V76:V92) -> 2000 | W75: =SUM(W76:W92) -> 3000 | X75: =SUM(X76:X92) -> 3300 | ... AE75: =SUM(AE76:AE92) -> 0 | AF75: =IFERROR((AC75-AE75)/AE75,"") | AG75: =SUM(AG76:AG92) -> 0 | AH75: =SUM(AH76:AH92) -> 0 | AI75: =SUM(AI76:AI92) -> 0 | AJ75: =IFERROR(AG75/AH75,"")
A76: =IF(L76=1,"SIM","NÃO") -> NÃO | B76: =_xlfn.XLOOKUP($N76,'Base de Grupos'!$A:$A,'Base de Grupos'!$D:$D) -> 1000065763 | C76: =_xlfn.XLOOKUP($N76,'Base de Grupos'!$A:$A,'Base de Grupos'!$E:$E) -> CANAL VENDA INTERNA | D76: =_xlfn.XLOOKUP($N76,'Base de Grupos'!$A:$A,'Base de Grupos'!$F:$F) -> 1000065763 | E76: =_xlfn.XLOOKUP($N76,'Base de Grupos'!$A:$A,'Base de Grupos'!$G:$G) -> CANAL VENDA INTERNA | F76: =_xlfn.XLOOKUP($N76,'Base de Grupos'!$A:$A,'Base de Grupos'!$H:$H) -> 1000105900 | G76: =_xlfn.XLOOKUP($N76,'Base de Grupos'!$A:$A,'Base de Grupos'!$I:$I) -> REGIONAL VENDA DIRETA CO + NE + NO | H76: =_xlfn.XLOOKUP($N76,'Base de Grupos'!$A:$A,'Base de Grupos'!$J:$J) -> 1000105900 | I76: =_xlfn.XLOOKUP($N76,'Base de Grupos'!$A:$A,'Base de Grupos'!$K:$K) -> REGIONAL VENDA DIRETA CO + NE + NO | J76: =_xlfn.XLOOKUP($N76,'Base de Grupos'!$A:$A,'Base de Grupos'!$L:$L) -> 1000150135 | K76: =_xlfn.XLOOKUP($N76,'Base de Grupos'!$A:$A,'Base de Grupos'!$M:$M) -> HELDER DA SILVA BRUNKOW | L76: =IF(N76<>N75,1,"") | M76: =_xlfn.XLOOKUP($N76,'Base de Grupos'!$A:$A,'Base de Grupos'!$C:$C) -> PE | N76: 1328 | O76: VENDA INTERNA PE | P76: BISCOITO | Q76: 0 | R76: 0 | S76: 0 | T76: =_xlfn.XLOOKUP($N76,'Calculo Leads'!$A$97:$A$134,'Calculo Leads'!G$97:G$134)*_xlfn.XLOOKUP($P76,'Base Grupo de Produtos'!$E$2:$E$18,'Base Grupo de Produtos'!$F$2:$F$18) -> 100 | U76: =_xlfn.XLOOKUP($N76,'Calculo Leads'!$A$97:$A$134,'Calculo Leads'!H$97:H$134)*_xlfn.XLOOKUP($P76,'Base Grupo de Produtos'!$E$2:$E$18,'Base Grupo de Produtos'!$F$2:$F$18) -> 100 | V76: =_xlfn.XLOOKUP($N76,'Calculo Leads'!$A$97:$A$134,'Calculo Leads'!I$97:I$134)*_xlfn.XLOOKUP($P76,'Base Grupo de Produtos'!$E$2:$E$18,'Base Grupo de Produtos'!$F$2:$F$18) -> 100 | W76: =_xlfn.XLOOKUP($N76,'Calculo Leads'!$A$97:$A$134,'Calculo Leads'!J$97:J$134)*_xlfn.XLOOKUP($P76,'Base Grupo de Produtos'!$E$2:$E$18,'Base Grupo de Produtos'!$F$2:$F$18) -> 150 | X76: =_xlfn.XLOOKUP($N76,'Calculo Leads'!$A$97:$A$134,'Calculo Leads'!K$97:K$134)*_xlfn.XLOOKUP($P76,'Base Grupo de Produtos'!$E$2:$E$18,'Base Grupo de Produtos'!$F$2:$F$18) -> 165 | Y76: =_xlfn.XLOOKUP($N76,'Calculo Leads'!$A$97:$A$134,'Calculo Leads'!L$97:L$134)*_xlfn.XLOOKUP($P76,'Base Grupo de Produtos'!$E$2:$E$18,'Base Grupo de Produtos'!$F$2:$F$18) -> 165 | Z76: =_xlfn.XLOOKUP($N76,'Calculo Leads'!$A$97:$A$134,'Calculo Leads'!M$97:M$134)*_xlfn.XLOOKUP($P76,'Base Grupo de Produtos'!$E$2:$E$18,'Base Grupo de Produtos'!$F$2:$F$18) -> 220 | AA76: =_xlfn.XLOOKUP($N76,'Calculo Leads'!$A$97:$A$134,'Calculo Leads'!N$97:N$134)*_xlfn.XLOOKUP($P76,'Base Grupo de Produtos'!$E$2:$E$18,'Base Grupo de Produtos'!$F$2:$F$18) -> 220 | AB76: =_xlfn.XLOOKUP($N76,'Calculo Leads'!$A$97:$A$134,'Calculo Leads'!O$97:O$134)*_xlfn.XLOOKUP($P76,'Base Grupo de Produtos'!$E$2:$E$18,'Base Grupo de Produtos'!$F$2:$F$18) -> 165 | AC76: =SUM(T76:AB76) -> 1385 | AD76: =IF(AC76=0,0,AC76-AG76) -> 1385 | AE76: =IFERROR(_xlfn.XLOOKUP(N76&P76,'Historico Vendas'!G:G,'Historico Vendas'!E:E),0) -> 0 | AF76: =IFERROR((AC76-AE76)/AE76,"") | AG76: =IFERROR(_xlfn.XLOOKUP(N76&P76,'Historico Vendas'!G:G,'Historico Vendas'!F:F),0) -> 0 | AH76: =SUM(Q76:S76) -> 0 | AI76: =AH76-AG76 -> 0 | AJ76: =IFERROR(AG76/AH76,"") | AK76: Novos | AL76: =IFERROR(INDEX('Balizador da Meta'!$D$3:$F$23,MATCH(Faturamento!$P76,'Balizador da Meta'!$C$3:$C$23,0),MATCH(Faturamento!AK76,'Balizador da Meta'!$D$2:$F$2,0)),"") -> 0.2
A77: =IF(L77=1,"SIM","NÃO") -> NÃO | B77: =_xlfn.XLOOKUP($N77,'Base de Grupos'!$A:$A,'Base de Grupos'!$D:$D) -> 1000065763 | C77: =_xlfn.XLOOKUP($N77,'Base de Grupos'!$A:$A,'Base de Grupos'!$E:$E) -> CANAL VENDA INTERNA | D77: =_xlfn.XLOOKUP($N77,'Base de Grupos'!$A:$A,'Base de Grupos'!$F:$F) -> 1000065763 | E77: =_xlfn.XLOOKUP($N77,'Base de Grupos'!$A:$A,'Base de Grupos'!$G:$G) -> CANAL VENDA INTERNA | F77: =_xlfn.XLOOKUP($N77,'Base de Grupos'!$A:$A,'Base de Grupos'!$H:$H) -> 1000105900 | G77: =_xlfn.XLOOKUP($N77,'Base de Grupos'!$A:$A,'Base de Grupos'!$I:$I) -> REGIONAL VENDA DIRETA CO + NE + NO | H77: =_xlfn.XLOOKUP($N77,'Base de Grupos'!$A:$A,'Base de Grupos'!$J:$J) -> 1000105900 | I77: =_xlfn.XLOOKUP($N77,'Base de Grupos'!$A:$A,'Base de Grupos'!$K:$K) -> REGIONAL VENDA DIRETA CO + NE + NO | J77: =_xlfn.XLOOKUP($N77,'Base de Grupos'!$A:$A,'Base de Grupos'!$L:$L) -> 1000150135 | K77: =_xlfn.XLOOKUP($N77,'Base de Grupos'!$A:$A,'Base de Grupos'!$M:$M) -> HELDER DA SILVA BRUNKOW | L77: =IF(N77<>N76,1,"") | M77: =_xlfn.XLOOKUP($N77,'Base de Grupos'!$A:$A,'Base de Grupos'!$C:$C) -> PE | N77: 1328 | O77: VENDA INTERNA PE | P77: CHOCOLATES | Q77: 0 | R77: 0 | S77: 0 | T77: =_xlfn.XLOOKUP($N77,'Calculo Leads'!$A$97:$A$134,'Calculo Leads'!G$97:G$134)*_xlfn.XLOOKUP($P77,'Base Grupo de Produtos'!$E$2:$E$18,'Base Grupo de Produtos'!$F$2:$F$18) -> 100 | U77: =_xlfn.XLOOKUP($N77,'Calculo Leads'!$A$97:$A$134,'Calculo Leads'!H$97:H$134)*_xlfn.XLOOKUP($P77,'Base Grupo de Produtos'!$E$2:$E$18,'Base Grupo de Produtos'!$F$2:$F$18) -> 100 | V77: =_xlfn.XLOOKUP($N77,'Calculo Leads'!$A$97:$A$134,'Calculo Leads'!I$97:I$134)*_xlfn.XLOOKUP($P77,'Base Grupo de Produtos'!$E$2:$E$18,'Base Grupo de Produtos'!$F$2:$F$18) -> 100 | W77: =_xlfn.XLOOKUP($N77,'Calculo Leads'!$A$97:$A$134,'Calculo Leads'!J$97:J$134)*_xlfn.XLOOKUP($P77,'Base Grupo de Produtos'!$E$2:$E$18,'Base Grupo de Produtos'!$F$2:$F$18) -> 150 | X77: =_xlfn.XLOOKUP($N77,'Calculo Leads'!$A$97:$A$134,'Calculo Leads'!K$97:K$134)*_xlfn.XLOOKUP($P77,'Base Grupo de Produtos'!$E$2:$E$18,'Base Grupo de Produtos'!$F$2:$F$18) -> 165 | Y77: =_xlfn.XLOOKUP($N77,'Calculo Leads'!$A$97:$A$134,'Calculo Leads'!L$97:L$134)*_xlfn.XLOOKUP($P77,'Base Grupo de Produtos'!$E$2:$E$18,'Base Grupo de Produtos'!$F$2:$F$18) -> 165 | Z77: =_xlfn.XLOOKUP($N77,'Calculo Leads'!$A$97:$A$134,'Calculo Leads'!M$97:M$134)*_xlfn.XLOOKUP($P77,'Base Grupo de Produtos'!$E$2:$E$18,'Base Grupo de Produtos'!$F$2:$F$18) -> 220 | AA77: =_xlfn.XLOOKUP($N77,'Calculo Leads'!$A$97:$A$134,'Calculo Leads'!N$97:N$134)*_xlfn.XLOOKUP($P77,'Base Grupo de Produtos'!$E$2:$E$18,'Base Grupo de Produtos'!$F$2:$F$18) -> 220 | AB77: =_xlfn.XLOOKUP($N77,'Calculo Leads'!$A$97:$A$134,'Calculo Leads'!O$97:O$134)*_xlfn.XLOOKUP($P77,'Base Grupo de Produtos'!$E$2:$E$18,'Base Grupo de Produtos'!$F$2:$F$18) -> 165 | AC77: =SUM(T77:AB77) -> 1385 | AD77: =IF(AC77=0,0,AC77-AG77) -> 1385 | AE77: =IFERROR(_xlfn.XLOOKUP(N77&P77,'Historico Vendas'!G:G,'Historico Vendas'!E:E),0) -> 0 | AF77: =IFERROR((AC77-AE77)/AE77,"") | AG77: =IFERROR(_xlfn.XLOOKUP(N77&P77,'Historico Vendas'!G:G,'Historico Vendas'!F:F),0) -> 0 | AH77: =SUM(Q77:S77) -> 0 | AI77: =AH77-AG77 -> 0 | AJ77: =IFERROR(AG77/AH77,"") | AK77: Novos | AL77: =IFERROR(INDEX('Balizador da Meta'!$D$3:$F$23,MATCH(Faturamento!$P77,'Balizador da Meta'!$C$3:$C$23,0),MATCH(Faturamento!AK77,'Balizador da Meta'!$D$2:$F$2,0)),"") -> 0.2
A78: =IF(L78=1,"SIM","NÃO") -> NÃO | B78: =_xlfn.XLOOKUP($N78,'Base de Grupos'!$A:$A,'Base de Grupos'!$D:$D) -> 1000065763 | C78: =_xlfn.XLOOKUP($N78,'Base de Grupos'!$A:$A,'Base de Grupos'!$E:$E) -> CANAL VENDA INTERNA | D78: =_xlfn.XLOOKUP($N78,'Base de Grupos'!$A:$A,'Base de Grupos'!$F:$F) -> 1000065763 | E78: =_xlfn.XLOOKUP($N78,'Base de Grupos'!$A:$A,'Base de Grupos'!$G:$G) -> CANAL VENDA INTERNA | F78: =_xlfn.XLOOKUP($N78,'Base de Grupos'!$A:$A,'Base de Grupos'!$H:$H) -> 1000105900 | G78: =_xlfn.XLOOKUP($N78,'Base de Grupos'!$A:$A,'Base de Grupos'!$I:$I) -> REGIONAL VENDA DIRETA CO + NE + NO | H78: =_xlfn.XLOOKUP($N78,'Base de Grupos'!$A:$A,'Base de Grupos'!$J:$J) -> 1000105900 | I78: =_xlfn.XLOOKUP($N78,'Base de Grupos'!$A:$A,'Base de Grupos'!$K:$K) -> REGIONAL VENDA DIRETA CO + NE + NO | J78: =_xlfn.XLOOKUP($N78,'Base de Grupos'!$A:$A,'Base de Grupos'!$L:$L) -> 1000150135 | K78: =_xlfn.XLOOKUP($N78,'Base de Grupos'!$A:$A,'Base de Grupos'!$M:$M) -> HELDER DA SILVA BRUNKOW | L78: =IF(N78<>N77,1,"") | M78: =_xlfn.XLOOKUP($N78,'Base de Grupos'!$A:$A,'Base de Grupos'!$C:$C) -> PE | N78: 1328 | O78: VENDA INTERNA PE | P78: DISNEY | Q78: 0 | R78: 0 | S78: 0 | T78: =_xlfn.XLOOKUP($N78,'Calculo Leads'!$A$97:$A$134,'Calculo Leads'!G$97:G$134)*_xlfn.XLOOKUP($P78,'Base Grupo de Produtos'!$E$2:$E$18,'Base Grupo de Produtos'!$F$2:$F$18) -> 160 | U78: =_xlfn.XLOOKUP($N78,'Calculo Leads'!$A$97:$A$134,'Calculo Leads'!H$97:H$134)*_xlfn.XLOOKUP($P78,'Base Grupo de Produtos'!$E$2:$E$18,'Base Grupo de Produtos'!$F$2:$F$18) -> 160 | V78: =_xlfn.XLOOKUP($N78,'Calculo Leads'!$A$97:$A$134,'Calculo Leads'!I$97:I$134)*_xlfn.XLOOKUP($P78,'Base Grupo de Produtos'!$E$2:$E$18,'Base Grupo de Produtos'!$F$2:$F$18) -> 160 | W78: =_xlfn.XLOOKUP($N78,'Calculo Leads'!$A$97:$A$134,'Calculo Leads'!J$97:J$134)*_xlfn.XLOOKUP($P78,'Base Grupo de Produtos'!$E$2:$E$18,'Base Grupo de Produtos'!$F$2:$F$18) -> 240 | X78: =_xlfn.XLOOKUP($N78,'Calculo Leads'!$A$97:$A$134,'Calculo Leads'!K$97:K$134)*_xlfn.XLOOKUP($P78,'Base Grupo de Produtos'!$E$2:$E$18,'Base Grupo de Produtos'!$F$2:$F$18) -> 264 | Y78: =_xlfn.XLOOKUP($N78,'Calculo Leads'!$A$97:$A$134,'Calculo Leads'!L$97:L$134)*_xlfn.XLOOKUP($P78,'Base Grupo de Produtos'!$E$2:$E$18,'Base Grupo de Produtos'!$F$2:$F$18) -> 264 | Z78: =_xlfn.XLOOKUP($N78,'Calculo Leads'!$A$97:$A$134,'Calculo Leads'!M$97:M$134)*_xlfn.XLOOKUP($P78,'Base Grupo de Produtos'!$E$2:$E$18,'Base Grupo de Produtos'!$F$2:$F$18) -> 352 | AA78: =_xlfn.XLOOKUP($N78,'Calculo Leads'!$A$97:$A$134,'Calculo Leads'!N$97:N$134)*_xlfn.XLOOKUP($P78,'Base Grupo de Produtos'!$E$2:$E$18,'Base Grupo de Produtos'!$F$2:$F$18) -> 352 | AB78: =_xlfn.XLOOKUP($N78,'Calculo Leads'!$A$97:$A$134,'Calculo Leads'!O$97:O$134)*_xlfn.XLOOKUP($P78,'Base Grupo de Produtos'!$E$2:$E$18,'Base Grupo de Produtos'!$F$2:$F$18) -> 264 | AC78: =SUM(T78:AB78) -> 2216 | AD78: =IF(AC78=0,0,AC78-AG78) -> 2216 | AE78: =IFERROR(_xlfn.XLOOKUP(N78&P78,'Historico Vendas'!G:G,'Historico Vendas'!E:E),0) -> 0 | AF78: =IFERROR((AC78-AE78)/AE78,"") | AG78: =IFERROR(_xlfn.XLOOKUP(N78&P78,'Historico Vendas'!G:G,'Historico Vendas'!F:F),0) -> 0 | AH78: =SUM(Q78:S78) -> 0 | AI78: =AH78-AG78 -> 0 | AJ78: =IFERROR(AG78/AH78,"") | AK78: Novos | AL78: =IFERROR(INDEX('Balizador da Meta'!$D$3:$F$23,MATCH(Faturamento!$P78,'Balizador da Meta'!$C$3:$C$23,0),MATCH(Faturamento!AK78,'Balizador da Meta'!$D$2:$F$2,0)),"") -> 0.15
