Workbook

Sheet SEMANA 1
B1: MAISGRANEL: SEMANA 1
B2: Metricas
B3: Nome: | C3: Umit Vigato
B4: Instragram: | C4: Maisgranel.com.br
B5: Facebook: | C5: Maisgranel.com.br
B7: Métricas do dia | G7: Curtidas | H7: Comentários | I7: Compartilhamentos | J7: Salvos | K7: Views stories | L7: Seguidores | M7: Alcance da conta
C8: Stories/dia | D8: Cards/dia | E8: Reels/dia | F8: Vídeos/dia
A9: SEG | B9: Post Antigo | C9: // // // // // // // // // // // // // // // // // // // // // // //
A10: TER | B10: 44747 | C10: 15 | D10: 10 | E10: 0 | F10: 0 | G10: 45 | H10: 0 | I10: 5 | J10: 4 | K10: 926 | L10: 5032 | M10: 583
A11: QUA | B11: 44748 | C11: 10 | D11: 5 | E11: 0 | F11: 0 | G11: 47 | H11: 0 | I11: 4 | J11: 1 | K11: 595 | L11: 5039 | M11: 760
A12: QUI | B12: 44749 | C12: 11 | D12: 6 | E12: 0 | F12: 0 | G12: 37 | H12: 0 | I12: 6 | J12: 2 | K12: 587 | L12: 5047 | M12: 704
A13: SEX | B13: 44750 | C13: 0 | D13: 0 | E13: 0 | F13: 0 | G13: 0 | H13: 0 | I13: 0 | J13: 0 | K13: 0 | L13: 0 | M13: 0
A14: SAB | B14: 44751 | C14: 0 | D14: 0 | E14: 0 | F14: 0 | G14: 0 | H14: 0 | I14: 0 | J14: 0 | K14: 0 | L14: 0 | M14: 0
A15: DOM | B15: 44752 | C15: 0 | D15: 0 | E15: 0 | F15: 0 | G15: 0 | H15: 0 | I15: 0 | J15: 0 | K15: 0 | M15: 0
B16: TOTAL | C16: =SUM(C10:C15) -> 36 | D16: =SUM(D10:D15) -> 21 | E16: =SUM(E10:E15) -> 0 | F16: =SUM(F10:F15) -> 0 | G16: =SUM(G10:G15) -> 129 | H16: =SUM(H10:H15) -> 0 | I16: =SUM(I10:I15) -> 15 | J16: =SUM(J10:J15) -> 7 | K16: =SUM(K10:K15) -> 2108 | L16: =SUM(L15) -> 0 | M16: =SUM(M10:M15) -> 2047
B18: Insights da conta Antes
B19: Contas Alcançadas (%) | D19: 699
B20: Contas com engajamento (%) | D20: 68
B21: Total de seguidores (%) | D21: 5027
B23: Insights da conta dia 10/07
B24: Contas Alcançadas (%) | D24: 44
B25: Contas com engajamento (%) | D25: 70.8
B26: Total de seguidores (%) | D26: 0.2

Sheet SEMANA 2
B1: MAISGRANEL: SEMANA 2
B2: Metricas
B3: Nome:
B4: Instragram:
B5: Turma:
B7: Métricas do dia | G7: Curtidas | H7: Comentários | I7: Compartilhamentos | J7: Salvos | K7: Views stories | L7: Seguidores | M7: Alcance da conta
C8: Stories/dia | D8: Cards/dia | E8: Reels/dia | F8: Vídeos/dia
B9: SEMANA ANTERIOR | C9: ='SEMANA 1'!C16 -> 36 | D9: ='SEMANA 1'!D16 -> 21 | E9: ='SEMANA 1'!E16 -> 0 | F9: ='SEMANA 1'!F16 -> 0 | G9: ='SEMANA 1'!G16 -> 129 | H9: ='SEMANA 1'!H16 -> 0 | I9: ='SEMANA 1'!I16 -> 15 | J9: ='SEMANA 1'!J16 -> 7 | ... M9: ='SEMANA 1'!M16 -> 2047
A10: SEG | B10: 44753 | C10: 12 | D10: 5 | E10: 0 | F10: 0 | G10: 23 | H10: 0 | I10: 0 | J10: 0 | K10: 824 | L10: 5048 | M10: 614
A11: TER | B11: 44754 | C11: 23 | D11: 8 | E11: 0 | F11: 0 | G11: 48 | H11: 4 | I11: 7 | J11: 2 | K11: 1851 | L11: 5070 | M11: 887
A12: QUA | B12: 44755 | C12: 14 | D12: 4 | E12: 0 | F12: 0 | G12: 29 | H12: 0 | I12: 0 | J12: 0 | K12: 831 | L12: 5091 | M12: 428
A13: QUI | B13: 44756 | C13: 2 | D13: 4 | E13: 0 | F13: 0 | G13: 11 | H13: 1 | I13: 0 | J13: 0 | K13: 95 | L13: 5101 | M13: 253
A14: SEX | B14: 44757 | C14: 12 | D14: 4 | E14: 0 | F14: 0 | G14: 18 | H14: 0 | I14: 1 | J14: 0 | K14: 365 | L14: 5106 | M14: 303
A15: SAB | B15: 44758 | C15: 0 | D15: 0 | E15: 0 | F15: 0 | G15: 0 | H15: 0 | I15: 0 | J15: 0 | K15: 136 | L15: 5113 | M15: 266
A16: DOM | B16: 44759 | C16: 0 | D16: 0 | E16: 0 | F16: 0 | G16: 0 | H16: 0 | I16: 0 | J16: 0 | K16: 0 | L16: 5116 | M16: 0
B17: TOTAL DA SEMANA | C17: =SUM(C10:C16) -> 63 | D17: =SUM(D10:D16) -> 25 | E17: =SUM(E10:E16) -> 0 | F17: =SUM(F10:F16) -> 0 | G17: =SUM(G10:G16) -> 129 | H17: =SUM(H10:H16) -> 5 | I17: =SUM(I10:I16) -> 8 | J17: =SUM(J10:J16) -> 2 | K17: =SUM(K10:K16) -> 4102 | L17: =L16 -> 5116 | M17: =SUM(M10:M16) -> 2751
B18: TOTAL DA CONTA | C18: =SUM(C17,C9) -> 99 | D18: =SUM(D17,D9) -> 46 | E18: =SUM(E17,E9) -> 0 | F18: =SUM(F17,F9) -> 0 | G18: =SUM(G17,G9) -> 258 | H18: =SUM(H17,H9) -> 5 | I18: =SUM(I17,I9) -> 23 | J18: =SUM(J17,J9) -> 9 | K18: =SUM(K17,K9) -> 6210 | L18: 5116 | M18: =SUM(M17,M9) -> 4798
B20: Insights da conta dia 17/07
B21: Contas Alcançadas (%) | D21: 776
B22: Contas com engajamento (%) | D22: 261
B23: Total de seguidores (%) | D23: 2.7

Sheet SEMANA 3
B1: OPERAÇÃO BOOTCAMP: SEMANA 3
B2: Metricas
B3: Nome:
B4: Instragram:
B5: Turma:
B7: Métricas do dia | G7: Curtidas | H7: Comentários | I7: Compartilhamentos | J7: Salvos | K7: Views stories | L7: Seguidores | M7: Alcance da conta
C8: Stories/dia | D8: Cards/dia | E8: Reels/dia | F8: Vídeos/dia
B9: SEMANA ANTERIOR | C9: ='SEMANA 2'!C17 -> 63 | D9: ='SEMANA 2'!D17 -> 25 | E9: ='SEMANA 2'!E17 -> 0 | F9: ='SEMANA 2'!F17 -> 0 | G9: ='SEMANA 2'!G17 -> 129 | H9: ='SEMANA 2'!H17 -> 5 | I9: ='SEMANA 2'!I17 -> 8 | J9: ='SEMANA 2'!J17 -> 2 | ... M9: ='SEMANA 2'!M17 -> 2751
A10: SEG | B10: 44767
A11: TER | B11: 44768
A12: QUA | B12: 44769
A13: QUI | B13: 44770
A14: SEX | B14: 44771
A15: SAB | B15: 44772
A16: DOM | B16: 44773
B17: TOTAL DA SEMANA | C17: =SUM(C10:C16) -> 0 | D17: =SUM(D10:D16) -> 0 | E17: =SUM(E10:E16) -> 0 | F17: =SUM(F10:F16) -> 0 | G17: =SUM(G10:G16) -> 0 | H17: =SUM(H10:H16) -> 0 | I17: =SUM(I10:I16) -> 0 | J17: =SUM(J10:J16) -> 0 | K17: =SUM(K10:K16) -> 0 | L17: =L16 | M17: =SUM(M10:M16) -> 0
B18: TOTAL DA CONTA | C18: =SUM(C17,C9) -> 63 | D18: =SUM(D17,D9) -> 25 | E18: =SUM(E17,E9) -> 0 | F18: =SUM(F17,F9) -> 0 | G18: =SUM(G17,G9) -> 129 | H18: =SUM(H17,H9) -> 5 | I18: =SUM(I17,I9) -> 8 | J18: =SUM(J17,J9) -> 2 | K18: =SUM(K17,K9) -> 4102 | L18: =L17 | M18: =SUM(M17,M9) -> 2751
B20: Insights da conta dia 17/07
B21: Contas Alcançadas (%)
B22: Contas com engajamento (%)
B23: Total de seguidores (%)

Sheet SEMANA 4
B1: OPERAÇÃO BOOTCAMP: SEMANA 4
B2: Metricas
B3: Nome:
B4: Instragram:
B5: Turma:
B7: Métricas do dia | G7: Curtidas | H7: Comentários | I7: Compartilhamentos | J7: Salvos | K7: Views stories | L7: Seguidores | M7: Alcance da conta
C8: Stories/dia | D8: Cards/dia | E8: Reels/dia | F8: Vídeos/dia
B9: SEMANA ANTERIOR | C9: ='SEMANA 3'!C17 -> 0 | D9: ='SEMANA 3'!D17 -> 0 | E9: ='SEMANA 3'!E17 -> 0 | F9: ='SEMANA 3'!F17 -> 0 | G9: ='SEMANA 3'!G17 -> 0 | H9: ='SEMANA 3'!H17 -> 0 | I9: ='SEMANA 3'!I17 -> 0 | J9: ='SEMANA 3'!J17 -> 0 | ... M9: ='SEMANA 3'!M17 -> 0
A10: QUA | B10: 44760
A11: QUI | B11: 44761
A12: SEX | B12: 44762
A13: SAB | B13: 44763
A14: DOM | B14: 44764
A15: SEG | B15: 44765
A16: TER | B16: 44766
A17: QUA | B17: 44767
B18: TOTAL DA SEMANA | C18: =SUM(C10:C17) -> 0 | D18: =SUM(D10:D17) -> 0 | E18: =SUM(E10:E17) -> 0 | F18: =SUM(F10:F17) -> 0 | G18: =SUM(G10:G17) -> 0 | H18: =SUM(H10:H17) -> 0 | I18: =SUM(I10:I17) -> 0 | J18: =SUM(J10:J17) -> 0 | K18: =SUM(K10:K17) -> 0 | L18: =L17 | M18: =SUM(M10:M17) -> 0
B19: TOTAL DA CONTA | C19: =SUM(C18,C9) -> 0 | D19: =SUM(D18,D9) -> 0 | E19: =SUM(E18,E9) -> 0 | F19: =SUM(F18,F9) -> 0 | G19: =SUM(G18,G9) -> 0 | H19: =SUM(H18,H9) -> 0 | I19: =SUM(I18,I9) -> 0 | J19: =SUM(J18,J9) -> 0 | K19: =SUM(K18,K9) -> 0 | L19: =L18 | M19: =SUM(M18,M9) -> 0
B21: Insights da conta dia 25/07
B22: Contas Alcançadas (%)
B23: Contas com engajamento (%)
B24: Total de seguidores (%)
