Workbook

Sheet Carteira
A1: CÓD. GRUPO CHAVE | B1: 06 NOME GRUPO CHAVE | C1: CÓD. 01 | D1: 01 CANAL | E1: CÓD. 02 | F1: 02 TIPO DE CLIENTE | G1: CÓD. 03 | H1: 03 MACRORREGIÃO DO CLIENTE | I1: CÓD. 04 | J1: 04 MICRORREGIÃO DO CLIENTE | K1: CÓD. 07 | L1: 07 STATUS CLIENTE | M1: CÓD. ZP | N1: ZP - GERENTE NACIONAL | O1: CÓD. ZS | P1: ZS - SUPERVISOR | Q1: CÓD. ZR | R1: ZR - REPRESENTANTE | S1: CÓD. ZX | T1: ZX - VENDEDOR EXTERNO | U1: CÓD. ZV | V1: ZV - VENDEDOR INTERNO
A2: 1000189750 | B2: 06 - INTERNA - BIO MUNDO | C2: 1000184670 | D2: 01 - CANAL VENDA INTERNA | E2: 1000186197 | F2: 02 - INTERNA - CANAL VERDE | G2: 1000198600 | H2: 03 - NACIONAL | I2: 1000198601 | J2: 04 - NACIONAL | M2: 1000136585 | N2: DAIANE STAVICKI | O2: 1000186511 | P2: ZS - NAO APLICAVEL | Q2: 1000186510 | R2: ZR - NAO APLICAVEL | S2: 1000186514 | T2: ZX - NAO APLICAVEL | U2: 1000186513 | V2: ZV - NAO APLICAVEL
A3: 1000189751 | B3: 06 - INTERNA - CIA DA SAUDE | C3: 1000184670 | D3: 01 - CANAL VENDA INTERNA | E3: 1000186197 | F3: 02 - INTERNA - CANAL VERDE | G3: 1000198600 | H3: 03 - NACIONAL | I3: 1000198601 | J3: 04 - NACIONAL | M3: 1000136585 | N3: DAIANE STAVICKI | O3: 1000186511 | P3: ZS - NAO APLICAVEL | Q3: 1000196454 | R3: LG REPRESENTACOES LTDA - EPP | S3: 1000186514 | T3: ZX - NAO APLICAVEL | U3: 1000186513 | V3: ZV - NAO APLICAVEL
A4: 1000189753 | B4: 06 - INTERNA - DIVINA TERRA | C4: 1000184670 | D4: 01 - CANAL VENDA INTERNA | E4: 1000186197 | F4: 02 - INTERNA - CANAL VERDE | G4: 1000198600 | H4: 03 - NACIONAL | I4: 1000198601 | J4: 04 - NACIONAL | M4: 1000136585 | N4: DAIANE STAVICKI | O4: 1000186511 | P4: ZS - NAO APLICAVEL | Q4: 1000186510 | R4: ZR - NAO APLICAVEL | S4: 1000186514 | T4: ZX - NAO APLICAVEL | U4: 1000186513 | V4: ZV - NAO APLICAVEL
A5: 1000189756 | B5: 06 - INTERNA - FITLAND | C5: 1000184670 | D5: 01 - CANAL VENDA INTERNA | E5: 1000186197 | F5: 02 - INTERNA - CANAL VERDE | G5: 1000198600 | H5: 03 - NACIONAL | I5: 1000198601 | J5: 04 - NACIONAL | M5: 1000136585 | N5: DAIANE STAVICKI | O5: 1000186511 | P5: ZS - NAO APLICAVEL | Q5: 1000196454 | R5: LG REPRESENTACOES LTDA - EPP | S5: 1000186514 | T5: ZX - NAO APLICAVEL | U5: 1000186513 | V5: ZV - NAO APLICAVEL
A6: 1000190599 | B6: 06 - INTERNA - JARDIM DAS ERVAS | C6: 1000184670 | D6: 01 - CANAL VENDA INTERNA | E6: 1000186197 | F6: 02 - INTERNA - CANAL VERDE | G6: 1000198600 | H6: 03 - NACIONAL | I6: 1000198601 | J6: 04 - NACIONAL | M6: 1000136585 | N6: DAIANE STAVICKI | O6: 1000186511 | P6: ZS - NAO APLICAVEL | Q6: 1000186510 | R6: ZR - NAO APLICAVEL | S6: 1000186514 | T6: ZX - NAO APLICAVEL | U6: 1000186513 | V6: ZV - NAO APLICAVEL
A7: 1000189757 | B7: 06 - INTERNA - LIGEIRINHO | C7: 1000184670 | D7: 01 - CANAL VENDA INTERNA | E7: 1000186197 | F7: 02 - INTERNA - CANAL VERDE | G7: 1000198600 | H7: 03 - NACIONAL | I7: 1000198601 | J7: 04 - NACIONAL | M7: 1000136585 | N7: DAIANE STAVICKI | O7: 1000186511 | P7: ZS - NAO APLICAVEL | Q7: 1000161699 | R7: 42.149.466 LARISSA DA SILVA PADILHA - ME | S7: 1000186514 | T7: ZX - NAO APLICAVEL | U7: 1000186513 | V7: ZV - NAO APLICAVEL
A8: 1000190613 | B8: 06 - INTERNA - MAIS NATURAL | C8: 1000184670 | D8: 01 - CANAL VENDA INTERNA | E8: 1000186197 | F8: 02 - INTERNA - CANAL VERDE | G8: 1000198600 | H8: 03 - NACIONAL | I8: 1000198601 | J8: 04 - NACIONAL | M8: 1000136585 | N8: DAIANE STAVICKI | O8: 1000186511 | P8: ZS - NAO APLICAVEL | Q8: 1000186510 | R8: ZR - NAO APLICAVEL | S8: 1000186514 | T8: ZX - NAO APLICAVEL | U8: 1000186513 | V8: ZV - NAO APLICAVEL
A9: 1000189760 | B9: 06 - INTERNA - MUNDO VERDE | C9: 1000184670 | D9: 01 - CANAL VENDA INTERNA | E9: 1000186197 | F9: 02 - INTERNA - CANAL VERDE | G9: 1000198600 | H9: 03 - NACIONAL | I9: 1000198601 | J9: 04 - NACIONAL | M9: 1000136585 | N9: DAIANE STAVICKI | O9: 1000186511 | P9: ZS - NAO APLICAVEL | Q9: 1000186510 | R9: ZR - NAO APLICAVEL | S9: 1000186514 | T9: ZX - NAO APLICAVEL | U9: 1000186513 | V9: ZV - NAO APLICAVEL
A10: 1000189761 | B10: 06 - INTERNA - NATURVIDA | C10: 1000184670 | D10: 01 - CANAL VENDA INTERNA | E10: 1000186197 | F10: 02 - INTERNA - CANAL VERDE | G10: 1000198600 | H10: 03 - NACIONAL | I10: 1000198601 | J10: 04 - NACIONAL | M10: 1000136585 | N10: DAIANE STAVICKI | O10: 1000186511 | P10: ZS - NAO APLICAVEL | Q10: 1000186510 | R10: ZR - NAO APLICAVEL | S10: 1000186514 | T10: ZX - NAO APLICAVEL | U10: 1000176426 | V10: HEMANUELE ROSA DITZEL
A11: 1000190614 | B11: 06 - INTERNA - TUDO EM GRAOS / VGA | C11: 1000184670 | D11: 01 - CANAL VENDA INTERNA | E11: 1000186197 | F11: 02 - INTERNA - CANAL VERDE | G11: 1000198600 | H11: 03 - NACIONAL | I11: 1000198601 | J11: 04 - NACIONAL | M11: 1000136585 | N11: DAIANE STAVICKI | O11: 1000186511 | P11: ZS - NAO APLICAVEL | Q11: 1000186510 | R11: ZR - NAO APLICAVEL | S11: 1000186514 | T11: ZX - NAO APLICAVEL | U11: 1000186513 | V11: ZV - NAO APLICAVEL
A12: 1000190600 | B12: 06 - INTERNA - VIDA LEVE | C12: 1000184670 | D12: 01 - CANAL VENDA INTERNA | E12: 1000186197 | F12: 02 - INTERNA - CANAL VERDE | G12: 1000198600 | H12: 03 - NACIONAL | I12: 1000198601 | J12: 04 - NACIONAL | M12: 1000136585 | N12: DAIANE STAVICKI | O12: 1000186511 | P12: ZS - NAO APLICAVEL | Q12: 1000186510 | R12: ZR - NAO APLICAVEL | S12: 1000186514 | T12: ZX - NAO APLICAVEL | U12: 1000186513 | V12: ZV - NAO APLICAVEL
A13: 1000189749 | B13: 06 - INTERNA - ARMAZEM FIT STORE | C13: 1000184670 | D13: 01 - CANAL VENDA INTERNA | E13: 1000186197 | F13: 02 - INTERNA - CANAL VERDE | G13: 1000185288 | H13: 03 - SUL | I13: 1000189807 | J13: 04 - SC LITORAL | M13: 1000136585 | N13: DAIANE STAVICKI | O13: 1000186511 | P13: ZS - NAO APLICAVEL | Q13: 1000186510 | R13: ZR - NAO APLICAVEL | S13: 1000186514 | T13: ZX - NAO APLICAVEL | U13: 1000186513 | V13: ZV - NAO APLICAVEL
... A20: 1000195872 | B20: 06 - INTERNA - PROSAUDE | C20: 1000184670 | D20: 01 - CANAL VENDA INTERNA | E20: 1000186197 | F20: 02 - INTERNA - CANAL VERDE | G20: 1000184758 | H20: 03 - NORTE + MA | I20: 1000189786 | J20: 04 - PA INTERIOR | M20: 1000136585 | N20: DAIANE STAVICKI | O20: 1000186511 | P20: ZS - NAO APLICAVEL | Q20: 1000186510 | R20: ZR - NAO APLICAVEL | S20: 1000186514 | T20: ZX - NAO APLICAVEL | U20: 1000186513 | V20: ZV - NAO APLICAVEL
A21: 1000189270 | B21: 06 - SEM GRUPO | C21: 1000184670 | D21: 01 - CANAL VENDA INTERNA | E21: 1000186197 | F21: 02 - INTERNA - CANAL VERDE | G21: 1000184756 | H21: 03 - CENTRO OESTE | I21: 1000189773 | J21: 04 - DF GERAL | M21: 1000136585 | N21: DAIANE STAVICKI | O21: 1000186511 | P21: ZS - NAO APLICAVEL | Q21: 1000186510 | R21: ZR - NAO APLICAVEL | S21: 1000186514 | T21: ZX - NAO APLICAVEL | U21: 1000176426 | V21: HEMANUELE ROSA DITZEL
A22: 1000189270 | B22: 06 - SEM GRUPO | C22: 1000184670 | D22: 01 - CANAL VENDA INTERNA | E22: 1000186197 | F22: 02 - INTERNA - CANAL VERDE | G22: 1000184756 | H22: 03 - CENTRO OESTE | I22: 1000189775 | J22: 04 - GO GERAL | M22: 1000136585 | N22: DAIANE STAVICKI | O22: 1000186511 | P22: ZS - NAO APLICAVEL | Q22: 1000186510 | R22: ZR - NAO APLICAVEL | S22: 1000186514 | T22: ZX - NAO APLICAVEL | U22: 1000176426 | V22: HEMANUELE ROSA DITZEL
A23: 1000189270 | B23: 06 - SEM GRUPO | C23: 1000184670 | D23: 01 - CANAL VENDA INTERNA | E23: 1000186197 | F23: 02 - INTERNA - CANAL VERDE | G23: 1000184756 | H23: 03 - CENTRO OESTE | I23: 1000189783 | J23: 04 - MS GERAL | M23: 1000136585 | N23: DAIANE STAVICKI | O23: 1000186511 | P23: ZS - NAO APLICAVEL | Q23: 1000186510 | R23: ZR - NAO APLICAVEL | S23: 1000186514 | T23: ZX - NAO APLICAVEL | U23: 1000176426 | V23: HEMANUELE ROSA DITZEL
A24: 1000189270 | B24: 06 - SEM GRUPO | C24: 1000184670 | D24: 01 - CANAL VENDA INTERNA | E24: 1000186197 | F24: 02 - INTERNA - CANAL VERDE | G24: 1000184756 | H24: 03 - CENTRO OESTE | I24: 1000189784 | J24: 04 - MT GERAL | M24: 1000136585 | N24: DAIANE STAVICKI | O24: 1000186511 | P24: ZS - NAO APLICAVEL | Q24: 1000186510 | R24: ZR - NAO APLICAVEL | S24: 1000186514 | T24: ZX - NAO APLICAVEL | U24: 1000176426 | V24: HEMANUELE ROSA DITZEL
A25: 1000189270 | B25: 06 - SEM GRUPO | C25: 1000184670 | D25: 01 - CANAL VENDA INTERNA | E25: 1000186197 | F25: 02 - INTERNA - CANAL VERDE | G25: 1000184756 | H25: 03 - CENTRO OESTE | I25: 1000189824 | J25: 04 - TO GERAL | M25: 1000136585 | N25: DAIANE STAVICKI | O25: 1000186511 | P25: ZS - NAO APLICAVEL | Q25: 1000186510 | R25: ZR - NAO APLICAVEL | S25: 1000186514 | T25: ZX - NAO APLICAVEL | U25: 1000176426 | V25: HEMANUELE ROSA DITZEL
A26: 1000189270 | B26: 06 - SEM GRUPO | C26: 1000184670 | D26: 01 - CANAL VENDA INTERNA | E26: 1000186197 | F26: 02 - INTERNA - CANAL VERDE | G26: 1000184757 | H26: 03 - NORDESTE (SEM MA) | I26: 1000189765 | J26: 04 - AL GERAL | M26: 1000136585 | N26: DAIANE STAVICKI | O26: 1000186511 | P26: ZS - NAO APLICAVEL | Q26: 1000186510 | R26: ZR - NAO APLICAVEL | S26: 1000186514 | T26: ZX - NAO APLICAVEL | U26: 1000176426 | V26: HEMANUELE ROSA DITZEL
A27: 1000189270 | B27: 06 - SEM GRUPO | C27: 1000184670 | D27: 01 - CANAL VENDA INTERNA | E27: 1000186197 | F27: 02 - INTERNA - CANAL VERDE | G27: 1000184757 | H27: 03 - NORDESTE (SEM MA) | I27: 1000189768 | J27: 04 - BA CAPITAL | M27: 1000136585 | N27: DAIANE STAVICKI | O27: 1000186511 | P27: ZS - NAO APLICAVEL | Q27: 1000186510 | R27: ZR - NAO APLICAVEL | S27: 1000186514 | T27: ZX - NAO APLICAVEL | U27: 1000176426 | V27: HEMANUELE ROSA DITZEL
A28: 1000189270 | B28: 06 - SEM GRUPO | C28: 1000184670 | D28: 01 - CANAL VENDA INTERNA | E28: 1000186197 | F28: 02 - INTERNA - CANAL VERDE | G28: 1000184757 | H28: 03 - NORDESTE (SEM MA) | I28: 1000189769 | J28: 04 - BA OESTE | M28: 1000136585 | N28: DAIANE STAVICKI | O28: 1000186511 | P28: ZS - NAO APLICAVEL | Q28: 1000186510 | R28: ZR - NAO APLICAVEL | S28: 1000186514 | T28: ZX - NAO APLICAVEL | U28: 1000176426 | V28: HEMANUELE ROSA DITZEL
A29: 1000189270 | B29: 06 - SEM GRUPO | C29: 1000184670 | D29: 01 - CANAL VENDA INTERNA | E29: 1000186197 | F29: 02 - INTERNA - CANAL VERDE | G29: 1000184757 | H29: 03 - NORDESTE (SEM MA) | I29: 1000189770 | J29: 04 - BA SUL | M29: 1000136585 | N29: DAIANE STAVICKI | O29: 1000186511 | P29: ZS - NAO APLICAVEL | Q29: 1000186510 | R29: ZR - NAO APLICAVEL | S29: 1000186514 | T29: ZX - NAO APLICAVEL | U29: 1000176426 | V29: HEMANUELE ROSA DITZEL
A30: 1000189270 | B30: 06 - SEM GRUPO | C30: 1000184670 | D30: 01 - CANAL VENDA INTERNA | E30: 1000186197 | F30: 02 - INTERNA - CANAL VERDE | G30: 1000184757 | H30: 03 - NORDESTE (SEM MA) | I30: 1000189771 | J30: 04 - BA VALE DO SAO FRANCISCO/NORTE | M30: 1000136585 | N30: DAIANE STAVICKI | O30: 1000186511 | P30: ZS - NAO APLICAVEL | Q30: 1000186510 | R30: ZR - NAO APLICAVEL | S30: 1000186514 | T30: ZX - NAO APLICAVEL | U30: 1000176426 | V30: HEMANUELE ROSA DITZEL
A31: 1000189270 | B31: 06 - SEM GRUPO | C31: 1000184670 | D31: 01 - CANAL VENDA INTERNA | E31: 1000186197 | F31: 02 - INTERNA - CANAL VERDE | G31: 1000184757 | H31: 03 - NORDESTE (SEM MA) | I31: 1000189772 | J31: 04 - CE GERAL | M31: 1000136585 | N31: DAIANE STAVICKI | O31: 1000186511 | P31: ZS - NAO APLICAVEL | Q31: 1000186510 | R31: ZR - NAO APLICAVEL | S31: 1000186514 | T31: ZX - NAO APLICAVEL | U31: 1000176426 | V31: HEMANUELE ROSA DITZEL
A32: 1000189270 | B32: 06 - SEM GRUPO | C32: 1000184670 | D32: 01 - CANAL VENDA INTERNA | E32: 1000186197 | F32: 02 - INTERNA - CANAL VERDE | G32: 1000184757 | H32: 03 - NORDESTE (SEM MA) | I32: 1000189787 | J32: 04 - PB CAPITAL | M32: 1000136585 | N32: DAIANE STAVICKI | O32: 1000186511 | P32: ZS - NAO APLICAVEL | Q32: 1000186510 | R32: ZR - NAO APLICAVEL | S32: 1000186514 | T32: ZX - NAO APLICAVEL | U32: 1000176426 | V32: HEMANUELE ROSA DITZEL
... A81: 1000189270 | B81: 06 - SEM GRUPO | C81: 1000184670 | D81: 01 - CANAL VENDA INTERNA | E81: 1000186197 | F81: 02 - INTERNA - CANAL VERDE | G81: 1000185288 | H81: 03 - SUL | I81: 1000189810 | J81: 04 - SC SUL | M81: 1000136585 | N81: DAIANE STAVICKI | O81: 1000186511 | P81: ZS - NAO APLICAVEL | Q81: 1000186510 | R81: ZR - NAO APLICAVEL | S81: 1000186514 | T81: ZX - NAO APLICAVEL | U81: 1000176426 | V81: HEMANUELE ROSA DITZEL

Sheet Historico - FAT
A1: CÓD. 01 | B1: 01 CANAL | C1: CÓD. 02 | D1: 02 TIPO DE CLIENTE | E1: CÓD. 03 | F1: 03 MACRORREGIÃO DO CLIENTE | G1: CÓD. 04 | H1: 04 MICRORREGIÃO DO CLIENTE | I1: CÓD. GRUPO CHAVE | J1: 06 NOME GRUPO CHAVE | K1: GRUPO DE PRODUTO | L1: 45292 | M1: 45323 | N1: 45352 | O1: 45383 | P1: 45413 | Q1: 45444 | R1: 45474 | S1: 45505 | T1: 45536 | U1: 45566 | V1: 45597 | W1: 45627 | X1: 45658 | Y1: 45689 | Z1: 45717 | AA1: 45748 | AB1: 45778 | AC1: 45809 | AD1: 45839 | AE1: 45870 | AF1: 45901 | AG1: 45931 | AH1: 45962 | AI1: 45992 | AK1: MÉDIA VENDA 2024 | AL1: MÉDIA VENDA 12 MESES | AM1: MÉDIA 6 MESES | AN1: MÉDIA YTD | AO1: TOTAL YTD
A2: 1000184670 | B2: 01 - CANAL VENDA INTERNA | C2: 1000186197 | D2: 02 - INTERNA - CANAL VERDE | E2: 1000185288 | F2: 03 - SUL | G2: 1000189807 | H2: 04 - SC LITORAL | I2: 1000189749 | J2: 06 - INTERNA - ARMAZEM FIT STORE | K2: 01. TOTAL | L2: 0 | M2: 0 | N2: 0 | O2: 0 | P2: 0 | Q2: 0 | R2: 0 | S2: 0 | T2: 0 | U2: 0 | V2: 0 | W2: 0 | X2: 0 | Y2: 0 | Z2: 0 | AA2: 0 | AB2: 0 | AC2: 0 | AD2: 0 | AE2: 0 | AF2: 0 | AG2: 0 | AK2: =AVERAGE(L2:W2) -> 0 | AL2: =AVERAGE(V2:AG2) -> 0 | AM2: =AVERAGE(AB2:AG2) -> 0 | AN2: =AVERAGE(X2:AI2) -> 0 | AO2: =SUM(X2:AI2) -> 0
A3: 1000184670 | B3: 01 - CANAL VENDA INTERNA | C3: 1000186197 | D3: 02 - INTERNA - CANAL VERDE | E3: 1000185288 | F3: 03 - SUL | G3: 1000189807 | H3: 04 - SC LITORAL | I3: 1000189749 | J3: 06 - INTERNA - ARMAZEM FIT STORE | K3: BISCOITO | L3: 0 | M3: 0 | N3: 0 | O3: 0 | P3: 0 | Q3: 0 | R3: 0 | S3: 0 | T3: 0 | U3: 0 | V3: 0 | W3: 0 | X3: 0 | Y3: 0 | Z3: 0 | AA3: 0 | AB3: 0 | AC3: 0 | AD3: 0 | AE3: 0 | AF3: 0 | AG3: 0 | AK3: =AVERAGE(L3:W3) -> 0 | AL3: =AVERAGE(V3:AG3) -> 0 | AM3: =AVERAGE(AB3:AG3) -> 0 | AN3: =AVERAGE(X3:AI3) -> 0 | AO3: =SUM(X3:AI3) -> 0
A4: 1000184670 | B4: 01 - CANAL VENDA INTERNA | C4: 1000186197 | D4: 02 - INTERNA - CANAL VERDE | E4: 1000185288 | F4: 03 - SUL | G4: 1000189807 | H4: 04 - SC LITORAL | I4: 1000189749 | J4: 06 - INTERNA - ARMAZEM FIT STORE | K4: CHOCOLATES | L4: 0 | M4: 0 | N4: 0 | O4: 0 | P4: 0 | Q4: 0 | R4: 0 | S4: 0 | T4: 0 | U4: 0 | V4: 0 | W4: 0 | X4: 0 | Y4: 0 | Z4: 0 | AA4: 0 | AB4: 0 | AC4: 0 | AD4: 0 | AE4: 0 | AF4: 0 | AG4: 0 | AK4: =AVERAGE(L4:W4) -> 0 | AL4: =AVERAGE(V4:AG4) -> 0 | AM4: =AVERAGE(AB4:AG4) -> 0 | AN4: =AVERAGE(X4:AI4) -> 0 | AO4: =SUM(X4:AI4) -> 0
A5: 1000184670 | B5: 01 - CANAL VENDA INTERNA | C5: 1000186197 | D5: 02 - INTERNA - CANAL VERDE | E5: 1000185288 | F5: 03 - SUL | G5: 1000189807 | H5: 04 - SC LITORAL | I5: 1000189749 | J5: 06 - INTERNA - ARMAZEM FIT STORE | K5: DISNEY | L5: 0 | M5: 0 | N5: 0 | O5: 0 | P5: 0 | Q5: 0 | R5: 0 | S5: 0 | T5: 0 | U5: 0 | V5: 0 | W5: 0 | X5: 0 | Y5: 0 | Z5: 0 | AA5: 0 | AB5: 0 | AC5: 0 | AD5: 0 | AE5: 0 | AF5: 0 | AG5: 0 | AK5: =AVERAGE(L5:W5) -> 0 | AL5: =AVERAGE(V5:AG5) -> 0 | AM5: =AVERAGE(AB5:AG5) -> 0 | AN5: =AVERAGE(X5:AI5) -> 0 | AO5: =SUM(X5:AI5) -> 0
A6: 1000184670 | B6: 01 - CANAL VENDA INTERNA | C6: 1000186197 | D6: 02 - INTERNA - CANAL VERDE | E6: 1000185288 | F6: 03 - SUL | G6: 1000189807 | H6: 04 - SC LITORAL | I6: 1000189749 | J6: 06 - INTERNA - ARMAZEM FIT STORE | K6: DOCES | L6: 0 | M6: 0 | N6: 0 | O6: 0 | P6: 0 | Q6: 0 | R6: 0 | S6: 0 | T6: 0 | U6: 0 | V6: 0 | W6: 0 | X6: 0 | Y6: 0 | Z6: 0 | AA6: 0 | AB6: 0 | AC6: 0 | AD6: 0 | AE6: 0 | AF6: 0 | AG6: 0 | AK6: =AVERAGE(L6:W6) -> 0 | AL6: =AVERAGE(V6:AG6) -> 0 | AM6: =AVERAGE(AB6:AG6) -> 0 | AN6: =AVERAGE(X6:AI6) -> 0 | AO6: =SUM(X6:AI6) -> 0
A7: 1000184670 | B7: 01 - CANAL VENDA INTERNA | C7: 1000186197 | D7: 02 - INTERNA - CANAL VERDE | E7: 1000185288 | F7: 03 - SUL | G7: 1000189807 | H7: 04 - SC LITORAL | I7: 1000189749 | J7: 06 - INTERNA - ARMAZEM FIT STORE | K7: FOOD SERVICE | L7: 0 | M7: 0 | N7: 0 | O7: 0 | P7: 0 | Q7: 0 | R7: 0 | S7: 0 | T7: 0 | U7: 0 | V7: 0 | W7: 0 | X7: 0 | Y7: 0 | Z7: 0 | AA7: 0 | AB7: 0 | AC7: 0 | AD7: 0 | AE7: 0 | AF7: 0 | AG7: 0 | AK7: =AVERAGE(L7:W7) -> 0 | AL7: =AVERAGE(V7:AG7) -> 0 | AM7: =AVERAGE(AB7:AG7) -> 0 | AN7: =AVERAGE(X7:AI7) -> 0 | AO7: =SUM(X7:AI7) -> 0
A8: 1000184670 | B8: 01 - CANAL VENDA INTERNA | C8: 1000186197 | D8: 02 - INTERNA - CANAL VERDE | E8: 1000185288 | F8: 03 - SUL | G8: 1000189807 | H8: 04 - SC LITORAL | I8: 1000189749 | J8: 06 - INTERNA - ARMAZEM FIT STORE | K8: GELEIA | L8: 0 | M8: 0 | N8: 0 | O8: 0 | P8: 0 | Q8: 0 | R8: 0 | S8: 0 | T8: 0 | U8: 0 | V8: 0 | W8: 0 | X8: 0 | Y8: 0 | Z8: 0 | AA8: 0 | AB8: 0 | AC8: 0 | AD8: 0 | AE8: 0 | AF8: 0 | AG8: 0 | AK8: =AVERAGE(L8:W8) -> 0 | AL8: =AVERAGE(V8:AG8) -> 0 | AM8: =AVERAGE(AB8:AG8) -> 0 | AN8: =AVERAGE(X8:AI8) -> 0 | AO8: =SUM(X8:AI8) -> 0
A9: 1000184670 | B9: 01 - CANAL VENDA INTERNA | C9: 1000186197 | D9: 02 - INTERNA - CANAL VERDE | E9: 1000185288 | F9: 03 - SUL | G9: 1000189807 | H9: 04 - SC LITORAL | I9: 1000189749 | J9: 06 - INTERNA - ARMAZEM FIT STORE | K9: GRANOLA | L9: 0 | M9: 0 | N9: 0 | O9: 0 | P9: 0 | Q9: 0 | R9: 0 | S9: 0 | T9: 0 | U9: 0 | V9: 0 | W9: 0 | X9: 0 | Y9: 0 | Z9: 0 | AA9: 0 | AB9: 0 | AC9: 0 | AD9: 0 | AE9: 0 | AF9: 0 | AG9: 0 | AK9: =AVERAGE(L9:W9) -> 0 | AL9: =AVERAGE(V9:AG9) -> 0 | AM9: =AVERAGE(AB9:AG9) -> 0 | AN9: =AVERAGE(X9:AI9) -> 0 | AO9: =SUM(X9:AI9) -> 0
A10: 1000184670 | B10: 01 - CANAL VENDA INTERNA | C10: 1000186197 | D10: 02 - INTERNA - CANAL VERDE | E10: 1000185288 | F10: 03 - SUL | G10: 1000189807 | H10: 04 - SC LITORAL | I10: 1000189749 | J10: 06 - INTERNA - ARMAZEM FIT STORE | K10: KIDS | L10: 0 | M10: 0 | N10: 0 | O10: 0 | P10: 0 | Q10: 0 | R10: 0 | S10: 0 | T10: 0 | U10: 0 | V10: 0 | W10: 0 | X10: 0 | Y10: 0 | Z10: 0 | AA10: 0 | AB10: 0 | AC10: 0 | AD10: 0 | AE10: 0 | AF10: 0 | AG10: 0 | AK10: =AVERAGE(L10:W10) -> 0 | AL10: =AVERAGE(V10:AG10) -> 0 | AM10: =AVERAGE(AB10:AG10) -> 0 | AN10: =AVERAGE(X10:AI10) -> 0 | AO10: =SUM(X10:AI10) -> 0
A11: 1000184670 | B11: 01 - CANAL VENDA INTERNA | C11: 1000186197 | D11: 02 - INTERNA - CANAL VERDE | E11: 1000185288 | F11: 03 - SUL | G11: 1000189807 | H11: 04 - SC LITORAL | I11: 1000189749 | J11: 06 - INTERNA - ARMAZEM FIT STORE | K11: LANCHES | L11: 0 | M11: 0 | N11: 0 | O11: 0 | P11: 0 | Q11: 0 | R11: 0 | S11: 0 | T11: 0 | U11: 0 | V11: 0 | W11: 0 | X11: 0 | Y11: 0 | Z11: 0 | AA11: 0 | AB11: 0 | AC11: 0 | AD11: 0 | AE11: 0 | AF11: 0 | AG11: 0 | AK11: =AVERAGE(L11:W11) -> 0 | AL11: =AVERAGE(V11:AG11) -> 0 | AM11: =AVERAGE(AB11:AG11) -> 0 | AN11: =AVERAGE(X11:AI11) -> 0 | AO11: =SUM(X11:AI11) -> 0
A12: 1000184670 | B12: 01 - CANAL VENDA INTERNA | C12: 1000186197 | D12: 02 - INTERNA - CANAL VERDE | E12: 1000185288 | F12: 03 - SUL | G12: 1000189807 | H12: 04 - SC LITORAL | I12: 1000189749 | J12: 06 - INTERNA - ARMAZEM FIT STORE | K12: MAIS GRANEL | L12: 0 | M12: 0 | N12: 0 | O12: 0 | P12: 0 | Q12: 0 | R12: 0 | S12: 0 | T12: 0 | U12: 0 | V12: 0 | W12: 0 | X12: 0 | Y12: 0 | Z12: 0 | AA12: 0 | AB12: 0 | AC12: 0 | AD12: 0 | AE12: 0 | AF12: 0 | AG12: 0 | AK12: =AVERAGE(L12:W12) -> 0 | AL12: =AVERAGE(V12:AG12) -> 0 | AM12: =AVERAGE(AB12:AG12) -> 0 | AN12: =AVERAGE(X12:AI12) -> 0 | AO12: =SUM(X12:AI12) -> 0
A13: 1000184670 | B13: 01 - CANAL VENDA INTERNA | C13: 1000186197 | D13: 02 - INTERNA - CANAL VERDE | E13: 1000185288 | F13: 03 - SUL | G13: 1000189807 | H13: 04 - SC LITORAL | I13: 1000189749 | J13: 06 - INTERNA - ARMAZEM FIT STORE | K13: NATURATTA | L13: 0 | M13: 0 | N13: 0 | O13: 0 | P13: 0 | Q13: 0 | R13: 0 | S13: 0 | T13: 0 | U13: 0 | V13: 0 | W13: 0 | X13: 0 | Y13: 0 | Z13: 0 | AA13: 0 | AB13: 0 | AC13: 0 | AD13: 0 | AE13: 0 | AF13: 0 | AG13: 0 | AK13: =AVERAGE(L13:W13) -> 0 | AL13: =AVERAGE(V13:AG13) -> 0 | AM13: =AVERAGE(AB13:AG13) -> 0 | AN13: =AVERAGE(X13:AI13) -> 0 | AO13: =SUM(X13:AI13) -> 0
... A362: 1000184670 | B362: 01 - CANAL VENDA INTERNA | C362: 1000186197 | D362: 02 - INTERNA - CANAL VERDE | E362: 1000198600 | F362: 03 - NACIONAL | G362: 1000198601 | H362: 04 - NACIONAL | I362: 1000190600 | J362: 06 - INTERNA - VIDA LEVE | K362: VICCIO | L362: 0 | M362: 0 | N362: 0 | O362: 0 | P362: 0 | Q362: 0 | R362: 0 | S362: 0 | T362: 0 | U362: 0 | V362: 0 | W362: 0 | X362: 0 | Y362: 0 | Z362: 0 | AA362: 0 | AB362: 0 | AC362: 0 | AD362: 0 | AE362: 0 | AF362: 252.42 | AG362: 306.87 | AK362: =AVERAGE(L362:W362) -> 0 | AL362: =AVERAGE(V362:AG362) -> 46.6075 | AM362: =AVERAGE(AB362:AG362) -> 93.215 | AN362: =AVERAGE(X362:AI362) -> 55.929 | AO362: =SUM(X362:AI362) -> 559.29
A363: 1000184670 | B363: 01 - CANAL VENDA INTERNA | E363: 1000184758 | F363: 03 - NORTE + MA | G363: 1000189764 | H363: 04 - AC GERAL | I363: 1000189270 | J363: 06 - SEM GRUPO | K363: 01. TOTAL | L363: 0 | M363: 0 | N363: 0 | O363: 0 | P363: 0 | Q363: 0 | R363: 0 | S363: 0 | T363: 0 | U363: 0 | V363: 0 | W363: 0 | X363: 0 | Y363: 0 | Z363: 0 | AA363: 0 | AB363: 0 | AC363: 0 | AD363: 0 | AE363: 0 | AF363: 0 | AG363: 0 | AK363: =AVERAGE(L363:W363) -> 0 | AL363: =AVERAGE(V363:AG363) -> 0 | AM363: =AVERAGE(AB363:AG363) -> 0 | AN363: =AVERAGE(X363:AI363) -> 0 | AO363: =SUM(X363:AI363) -> 0
A364: 1000184670 | B364: 01 - CANAL VENDA INTERNA | E364: 1000184758 | F364: 03 - NORTE + MA | G364: 1000189764 | H364: 04 - AC GERAL | I364: 1000189270 | J364: 06 - SEM GRUPO | K364: BISCOITO | L364: 0 | M364: 0 | N364: 0 | O364: 0 | P364: 0 | Q364: 0 | R364: 0 | S364: 0 | T364: 0 | U364: 0 | V364: 0 | W364: 0 | X364: 0 | Y364: 0 | Z364: 0 | AA364: 0 | AB364: 0 | AC364: 0 | AD364: 0 | AE364: 0 | AF364: 0 | AG364: 0 | AK364: =AVERAGE(L364:W364) -> 0 | AL364: =AVERAGE(V364:AG364) -> 0 | AM364: =AVERAGE(AB364:AG364) -> 0 | AN364: =AVERAGE(X364:AI364) -> 0 | AO364: =SUM(X364:AI364) -> 0
A365: 1000184670 | B365: 01 - CANAL VENDA INTERNA | E365: 1000184758 | F365: 03 - NORTE + MA | G365: 1000189764 | H365: 04 - AC GERAL | I365: 1000189270 | J365: 06 - SEM GRUPO | K365: CHOCOLATES | L365: 0 | M365: 0 | N365: 0 | O365: 0 | P365: 0 | Q365: 0 | R365: 0 | S365: 0 | T365: 0 | U365: 0 | V365: 0 | W365: 0 | X365: 0 | Y365: 0 | Z365: 0 | AA365: 0 | AB365: 0 | AC365: 0 | AD365: 0 | AE365: 0 | AF365: 0 | AG365: 0 | AK365: =AVERAGE(L365:W365) -> 0 | AL365: =AVERAGE(V365:AG365) -> 0 | AM365: =AVERAGE(AB365:AG365) -> 0 | AN365: =AVERAGE(X365:AI365) -> 0 | AO365: =SUM(X365:AI365) -> 0
A366: 1000184670 | B366: 01 - CANAL VENDA INTERNA | E366: 1000184758 | F366: 03 - NORTE + MA | G366: 1000189764 | H366: 04 - AC GERAL | I366: 1000189270 | J366: 06 - SEM GRUPO | K366: DISNEY | L366: 0 | M366: 0 | N366: 0 | O366: 0 | P366: 0 | Q366: 0 | R366: 0 | S366: 0 | T366: 0 | U366: 0 | V366: 0 | W366: 0 | X366: 0 | Y366: 0 | Z366: 0 | AA366: 0 | AB366: 0 | AC366: 0 | AD366: 0 | AE366: 0 | AF366: 0 | AG366: 0 | AK366: =AVERAGE(L366:W366) -> 0 | AL366: =AVERAGE(V366:AG366) -> 0 | AM366: =AVERAGE(AB366:AG366) -> 0 | AN366: =AVERAGE(X366:AI366) -> 0 | AO366: =SUM(X366:AI366) -> 0
A367: 1000184670 | B367: 01 - CANAL VENDA INTERNA | E367: 1000184758 | F367: 03 - NORTE + MA | G367: 1000189764 | H367: 04 - AC GERAL | I367: 1000189270 | J367: 06 - SEM GRUPO | K367: DOCES | L367: 0 | M367: 0 | N367: 0 | O367: 0 | P367: 0 | Q367: 0 | R367: 0 | S367: 0 | T367: 0 | U367: 0 | V367: 0 | W367: 0 | X367: 0 | Y367: 0 | Z367: 0 | AA367: 0 | AB367: 0 | AC367: 0 | AD367: 0 | AE367: 0 | AF367: 0 | AG367: 0 | AK367: =AVERAGE(L367:W367) -> 0 | AL367: =AVERAGE(V367:AG367) -> 0 | AM367: =AVERAGE(AB367:AG367) -> 0 | AN367: =AVERAGE(X367:AI367) -> 0 | AO367: =SUM(X367:AI367) -> 0
A368: 1000184670 | B368: 01 - CANAL VENDA INTERNA | E368: 1000184758 | F368: 03 - NORTE + MA | G368: 1000189764 | H368: 04 - AC GERAL | I368: 1000189270 | J368: 06 - SEM GRUPO | K368: FOOD SERVICE | L368: 0 | M368: 0 | N368: 0 | O368: 0 | P368: 0 | Q368: 0 | R368: 0 | S368: 0 | T368: 0 | U368: 0 | V368: 0 | W368: 0 | X368: 0 | Y368: 0 | Z368: 0 | AA368: 0 | AB368: 0 | AC368: 0 | AD368: 0 | AE368: 0 | AF368: 0 | AG368: 0 | AK368: =AVERAGE(L368:W368) -> 0 | AL368: =AVERAGE(V368:AG368) -> 0 | AM368: =AVERAGE(AB368:AG368) -> 0 | AN368: =AVERAGE(X368:AI368) -> 0 | AO368: =SUM(X368:AI368) -> 0
A369: 1000184670 | B369: 01 - CANAL VENDA INTERNA | E369: 1000184758 | F369: 03 - NORTE + MA | G369: 1000189764 | H369: 04 - AC GERAL | I369: 1000189270 | J369: 06 - SEM GRUPO | K369: GELEIA | L369: 0 | M369: 0 | N369: 0 | O369: 0 | P369: 0 | Q369: 0 | R369: 0 | S369: 0 | T369: 0 | U369: 0 | V369: 0 | W369: 0 | X369: 0 | Y369: 0 | Z369: 0 | AA369: 0 | AB369: 0 | AC369: 0 | AD369: 0 | AE369: 0 | AF369: 0 | AG369: 0 | AK369: =AVERAGE(L369:W369) -> 0 | AL369: =AVERAGE(V369:AG369) -> 0 | AM369: =AVERAGE(AB369:AG369) -> 0 | AN369: =AVERAGE(X369:AI369) -> 0 | AO369: =SUM(X369:AI369) -> 0
A370: 1000184670 | B370: 01 - CANAL VENDA INTERNA | E370: 1000184758 | F370: 03 - NORTE + MA | G370: 1000189764 | H370: 04 - AC GERAL | I370: 1000189270 | J370: 06 - SEM GRUPO | K370: GRANOLA | L370: 0 | M370: 0 | N370: 0 | O370: 0 | P370: 0 | Q370: 0 | R370: 0 | S370: 0 | T370: 0 | U370: 0 | V370: 0 | W370: 0 | X370: 0 | Y370: 0 | Z370: 0 | AA370: 0 | AB370: 0 | AC370: 0 | AD370: 0 | AE370: 0 | AF370: 0 | AG370: 0 | AK370: =AVERAGE(L370:W370) -> 0 | AL370: =AVERAGE(V370:AG370) -> 0 | AM370: =AVERAGE(AB370:AG370) -> 0 | AN370: =AVERAGE(X370:AI370) -> 0 | AO370: =SUM(X370:AI370) -> 0
A371: 1000184670 | B371: 01 - CANAL VENDA INTERNA | E371: 1000184758 | F371: 03 - NORTE + MA | G371: 1000189764 | H371: 04 - AC GERAL | I371: 1000189270 | J371: 06 - SEM GRUPO | K371: KIDS | L371: 0 | M371: 0 | N371: 0 | O371: 0 | P371: 0 | Q371: 0 | R371: 0 | S371: 0 | T371: 0 | U371: 0 | V371: 0 | W371: 0 | X371: 0 | Y371: 0 | Z371: 0 | AA371: 0 | AB371: 0 | AC371: 0 | AD371: 0 | AE371: 0 | AF371: 0 | AG371: 0 | AK371: =AVERAGE(L371:W371) -> 0 | AL371: =AVERAGE(V371:AG371) -> 0 | AM371: =AVERAGE(AB371:AG371) -> 0 | AN371: =AVERAGE(X371:AI371) -> 0 | AO371: =SUM(X371:AI371) -> 0
A372: 1000184670 | B372: 01 - CANAL VENDA INTERNA | E372: 1000184758 | F372: 03 - NORTE + MA | G372: 1000189764 | H372: 04 - AC GERAL | I372: 1000189270 | J372: 06 - SEM GRUPO | K372: LANCHES | L372: 0 | M372: 0 | N372: 0 | O372: 0 | P372: 0 | Q372: 0 | R372: 0 | S372: 0 | T372: 0 | U372: 0 | V372: 0 | W372: 0 | X372: 0 | Y372: 0 | Z372: 0 | AA372: 0 | AB372: 0 | AC372: 0 | AD372: 0 | AE372: 0 | AF372: 0 | AG372: 0 | AK372: =AVERAGE(L372:W372) -> 0 | AL372: =AVERAGE(V372:AG372) -> 0 | AM372: =AVERAGE(AB372:AG372) -> 0 | AN372: =AVERAGE(X372:AI372) -> 0 | AO372: =SUM(X372:AI372) -> 0
A373: 1000184670 | B373: 01 - CANAL VENDA INTERNA | E373: 1000184758 | F373: 03 - NORTE + MA | G373: 1000189764 | H373: 04 - AC GERAL | I373: 1000189270 | J373: 06 - SEM GRUPO | K373: MAIS GRANEL | L373: 0 | M373: 0 | N373: 0 | O373: 0 | P373: 0 | Q373: 0 | R373: 0 | S373: 0 | T373: 0 | U373: 0 | V373: 0 | W373: 0 | X373: 0 | Y373: 0 | Z373: 0 | AA373: 0 | AB373: 0 | AC373: 0 | AD373: 0 | AE373: 0 | AF373: 0 | AG373: 0 | AK373: =AVERAGE(L373:W373) -> 0 | AL373: =AVERAGE(V373:AG373) -> 0 | AM373: =AVERAGE(AB373:AG373) -> 0 | AN373: =AVERAGE(X373:AI373) -> 0 | AO373: =SUM(X373:AI373) -> 0
A374: 1000184670 | B374: 01 - CANAL VENDA INTERNA | E374: 1000184758 | F374: 03 - NORTE + MA | G374: 1000189764 | H374: 04 - AC GERAL | I374: 1000189270 | J374: 06 - SEM GRUPO | K374: NATURATTA | L374: 0 | M374: 0 | N374: 0 | O374: 0 | P374: 0 | Q374: 0 | R374: 0 | S374: 0 | T374: 0 | U374: 0 | V374: 0 | W374: 0 | X374: 0 | Y374: 0 | Z374: 0 | AA374: 0 | AB374: 0 | AC374: 0 | AD374: 0 | AE374: 0 | AF374: 0 | AG374: 0 | AK374: =AVERAGE(L374:W374) -> 0 | AL374: =AVERAGE(V374:AG374) -> 0 | AM374: =AVERAGE(AB374:AG374) -> 0 | AN374: =AVERAGE(X374:AI374) -> 0 | AO374: =SUM(X374:AI374) -> 0
... A1521: 1000184670 | B1521: 01 - CANAL VENDA INTERNA | E1521: 1000184756 | F1521: 03 - CENTRO OESTE | G1521: 1000189824 | H1521: 04 - TO GERAL | I1521: 1000189270 | J1521: 06 - SEM GRUPO | K1521: VICCIO | L1521: 0 | M1521: 0 | N1521: 158.4 | O1521: 979.2 | P1521: 0 | Q1521: 0 | R1521: 0 | S1521: 0 | T1521: 0 | U1521: 0 | V1521: 0 | W1521: 0 | X1521: 0 | Y1521: 0 | Z1521: 108 | AA1521: 0 | AB1521: 0 | AC1521: 0 | AD1521: 0 | AE1521: 0 | AF1521: 0 | AG1521: 0 | AK1521: =AVERAGE(L1521:W1521) -> 94.8 | AL1521: =AVERAGE(V1521:AG1521) -> 9 | AM1521: =AVERAGE(AB1521:AG1521) -> 0 | AN1521: =AVERAGE(X1521:AI1521) -> 10.8 | AO1521: =SUM(X1521:AI1521) -> 108

Sheet Leads
L1: =L2-K2 -> 41 | M1: =M2-L2 -> 40 | N1: =N2-M2 -> 39 | O1: =O2-N2 -> 40 | P1: =P2-O2 -> 39 | Q1: =Q2-P2 -> 39 | R1: =R2-Q2 -> 39 | S1: =S2-R2 -> 39 | ... V1: =V2-U2 -> 39
K2: =SUBTOTAL(9,K4:K674) -> 1634 | L2: =SUBTOTAL(9,L4:L674) -> 1675 | M2: =SUBTOTAL(9,M4:M674) -> 1715 | N2: =SUBTOTAL(9,N4:N674) -> 1754 | O2: =SUBTOTAL(9,O4:O674) -> 1794 | P2: =SUBTOTAL(9,P4:P674) -> 1833 | Q2: =SUBTOTAL(9,Q4:Q674) -> 1872 | R2: =SUBTOTAL(9,R4:R674) -> 1911 | ... V2: =SUBTOTAL(9,V4:V674) -> 2067 | X2: =SUBTOTAL(9,X4:X674) -> 1634
A3: CÓD. 01 | B3: 01 CANAL | C3: CÓD. 02 | D3: 02 TIPO DE CLIENTE | E3: CÓD. 03 | F3: 03 MACRORREGIÃO DO CLIENTE | G3: CÓD. 04 | H3: 04 MICRORREGIÃO DO CLIENTE | I3: CÓD. GRUPO CHAVE | J3: 06 NOME GRUPO CHAVE | K3: JAN | L3: FEV | M3: MAR | N3: ABR | O3: MAI | P3: JUN | Q3: JUL | R3: AGO | S3: SET | T3: OUT | U3: NOV | V3: DEZ | X3: CARTEIRA TOTAL | Y3: TOTAL LOJAS | Z3: CRESCIMENTO MENSAL
A4: 1000184670 | B4: 01 - CANAL VENDA INTERNA | C4: 1000186197 | D4: 02 - INTERNA - CANAL VERDE | E4: 1000198600 | F4: 03 - NACIONAL | G4: 1000198601 | H4: 04 - NACIONAL | I4: 1000189750 | J4: 06 - INTERNA - BIO MUNDO | K4: =X4 -> 13 | L4: =IF(ROUNDUP(K4*(1+$Z4),0)>$Y4,$Y4,ROUNDUP(K4*(1+$Z4),0)) -> 14 | M4: =IF(ROUNDUP(L4*(1+$Z4),0)>$Y4,$Y4,ROUNDUP(L4*(1+$Z4),0)) -> 15 | N4: =IF(ROUNDUP(M4*(1+$Z4),0)>$Y4,$Y4,ROUNDUP(M4*(1+$Z4),0)) -> 16 | O4: =IF(ROUNDUP(N4*(1+$Z4),0)>$Y4,$Y4,ROUNDUP(N4*(1+$Z4),0)) -> 17 | P4: =IF(ROUNDUP(O4*(1+$Z4),0)>$Y4,$Y4,ROUNDUP(O4*(1+$Z4),0)) -> 18 | Q4: =IF(ROUNDUP(P4*(1+$Z4),0)>$Y4,$Y4,ROUNDUP(P4*(1+$Z4),0)) -> 19 | R4: =IF(ROUNDUP(Q4*(1+$Z4),0)>$Y4,$Y4,ROUNDUP(Q4*(1+$Z4),0)) -> 20 | S4: =IF(ROUNDUP(R4*(1+$Z4),0)>$Y4,$Y4,ROUNDUP(R4*(1+$Z4),0)) -> 21 | ... V4: =IF(ROUNDUP(U4*(1+$Z4),0)>$Y4,$Y4,ROUNDUP(U4*(1+$Z4),0)) -> 24 | X4: 13 | Y4: 136 | Z4: 0.03
A5: 1000184670 | B5: 01 - CANAL VENDA INTERNA | C5: 1000186197 | D5: 02 - INTERNA - CANAL VERDE | E5: 1000198600 | F5: 03 - NACIONAL | G5: 1000198601 | H5: 04 - NACIONAL | I5: 1000189751 | J5: 06 - INTERNA - CIA DA SAUDE | K5: =X5 -> 70 | L5: =IF(ROUNDUP(K5*(1+$Z5),0)>$Y5,$Y5,ROUNDUP(K5*(1+$Z5),0)) -> 73 | M5: =IF(ROUNDUP(L5*(1+$Z5),0)>$Y5,$Y5,ROUNDUP(L5*(1+$Z5),0)) -> 76 | N5: =IF(ROUNDUP(M5*(1+$Z5),0)>$Y5,$Y5,ROUNDUP(M5*(1+$Z5),0)) -> 79 | O5: =IF(ROUNDUP(N5*(1+$Z5),0)>$Y5,$Y5,ROUNDUP(N5*(1+$Z5),0)) -> 82 | P5: =IF(ROUNDUP(O5*(1+$Z5),0)>$Y5,$Y5,ROUNDUP(O5*(1+$Z5),0)) -> 85 | Q5: =IF(ROUNDUP(P5*(1+$Z5),0)>$Y5,$Y5,ROUNDUP(P5*(1+$Z5),0)) -> 88 | R5: =IF(ROUNDUP(Q5*(1+$Z5),0)>$Y5,$Y5,ROUNDUP(Q5*(1+$Z5),0)) -> 91 | S5: =IF(ROUNDUP(R5*(1+$Z5),0)>$Y5,$Y5,ROUNDUP(R5*(1+$Z5),0)) -> 94 | ... V5: =IF(ROUNDUP(U5*(1+$Z5),0)>$Y5,$Y5,ROUNDUP(U5*(1+$Z5),0)) -> 103 | X5: 70 | Y5: 150 | Z5: 0.03
A6: 1000184670 | B6: 01 - CANAL VENDA INTERNA | C6: 1000186197 | D6: 02 - INTERNA - CANAL VERDE | E6: 1000198600 | F6: 03 - NACIONAL | G6: 1000198601 | H6: 04 - NACIONAL | I6: 1000189753 | J6: 06 - INTERNA - DIVINA TERRA | K6: =X6 -> 53 | L6: =IF(ROUNDUP(K6*(1+$Z6),0)>$Y6,$Y6,ROUNDUP(K6*(1+$Z6),0)) -> 55 | M6: =IF(ROUNDUP(L6*(1+$Z6),0)>$Y6,$Y6,ROUNDUP(L6*(1+$Z6),0)) -> 57 | N6: =IF(ROUNDUP(M6*(1+$Z6),0)>$Y6,$Y6,ROUNDUP(M6*(1+$Z6),0)) -> 59 | O6: =IF(ROUNDUP(N6*(1+$Z6),0)>$Y6,$Y6,ROUNDUP(N6*(1+$Z6),0)) -> 61 | P6: =IF(ROUNDUP(O6*(1+$Z6),0)>$Y6,$Y6,ROUNDUP(O6*(1+$Z6),0)) -> 63 | Q6: =IF(ROUNDUP(P6*(1+$Z6),0)>$Y6,$Y6,ROUNDUP(P6*(1+$Z6),0)) -> 65 | R6: =IF(ROUNDUP(Q6*(1+$Z6),0)>$Y6,$Y6,ROUNDUP(Q6*(1+$Z6),0)) -> 67 | S6: =IF(ROUNDUP(R6*(1+$Z6),0)>$Y6,$Y6,ROUNDUP(R6*(1+$Z6),0)) -> 69 | ... V6: =IF(ROUNDUP(U6*(1+$Z6),0)>$Y6,$Y6,ROUNDUP(U6*(1+$Z6),0)) -> 75 | X6: 53 | Y6: 76 | Z6: 0.02
A7: 1000184670 | B7: 01 - CANAL VENDA INTERNA | C7: 1000186197 | D7: 02 - INTERNA - CANAL VERDE | E7: 1000198600 | F7: 03 - NACIONAL | G7: 1000198601 | H7: 04 - NACIONAL | I7: 1000189756 | J7: 06 - INTERNA - FITLAND | K7: =X7 -> 58 | L7: =IF(ROUNDUP(K7*(1+$Z7),0)>$Y7,$Y7,ROUNDUP(K7*(1+$Z7),0)) -> 60 | M7: =IF(ROUNDUP(L7*(1+$Z7),0)>$Y7,$Y7,ROUNDUP(L7*(1+$Z7),0)) -> 62 | N7: =IF(ROUNDUP(M7*(1+$Z7),0)>$Y7,$Y7,ROUNDUP(M7*(1+$Z7),0)) -> 64 | O7: =IF(ROUNDUP(N7*(1+$Z7),0)>$Y7,$Y7,ROUNDUP(N7*(1+$Z7),0)) -> 66 | P7: =IF(ROUNDUP(O7*(1+$Z7),0)>$Y7,$Y7,ROUNDUP(O7*(1+$Z7),0)) -> 68 | Q7: =IF(ROUNDUP(P7*(1+$Z7),0)>$Y7,$Y7,ROUNDUP(P7*(1+$Z7),0)) -> 70 | R7: =IF(ROUNDUP(Q7*(1+$Z7),0)>$Y7,$Y7,ROUNDUP(Q7*(1+$Z7),0)) -> 72 | S7: =IF(ROUNDUP(R7*(1+$Z7),0)>$Y7,$Y7,ROUNDUP(R7*(1+$Z7),0)) -> 74 | ... V7: =IF(ROUNDUP(U7*(1+$Z7),0)>$Y7,$Y7,ROUNDUP(U7*(1+$Z7),0)) -> 80 | X7: 58 | Y7: 80 | Z7: 0.02
A8: 1000184670 | B8: 01 - CANAL VENDA INTERNA | C8: 1000186197 | D8: 02 - INTERNA - CANAL VERDE | E8: 1000198600 | F8: 03 - NACIONAL | G8: 1000198601 | H8: 04 - NACIONAL | I8: 1000190599 | J8: 06 - INTERNA - JARDIM DAS ERVAS | K8: =X8 -> 1 | L8: =IF(ROUNDUP(K8*(1+$Z8),0)>$Y8,$Y8,ROUNDUP(K8*(1+$Z8),0)) -> 2 | M8: =IF(ROUNDUP(L8*(1+$Z8),0)>$Y8,$Y8,ROUNDUP(L8*(1+$Z8),0)) -> 3 | N8: =IF(ROUNDUP(M8*(1+$Z8),0)>$Y8,$Y8,ROUNDUP(M8*(1+$Z8),0)) -> 4 | O8: =IF(ROUNDUP(N8*(1+$Z8),0)>$Y8,$Y8,ROUNDUP(N8*(1+$Z8),0)) -> 5 | P8: =IF(ROUNDUP(O8*(1+$Z8),0)>$Y8,$Y8,ROUNDUP(O8*(1+$Z8),0)) -> 6 | Q8: =IF(ROUNDUP(P8*(1+$Z8),0)>$Y8,$Y8,ROUNDUP(P8*(1+$Z8),0)) -> 7 | R8: =IF(ROUNDUP(Q8*(1+$Z8),0)>$Y8,$Y8,ROUNDUP(Q8*(1+$Z8),0)) -> 8 | S8: =IF(ROUNDUP(R8*(1+$Z8),0)>$Y8,$Y8,ROUNDUP(R8*(1+$Z8),0)) -> 9 | ... V8: =IF(ROUNDUP(U8*(1+$Z8),0)>$Y8,$Y8,ROUNDUP(U8*(1+$Z8),0)) -> 12 | X8: 1 | Y8: 22 | Z8: 0.03
A9: 1000184670 | B9: 01 - CANAL VENDA INTERNA | C9: 1000186197 | D9: 02 - INTERNA - CANAL VERDE | E9: 1000198600 | F9: 03 - NACIONAL | G9: 1000198601 | H9: 04 - NACIONAL | I9: 1000189757 | J9: 06 - INTERNA - LIGEIRINHO | K9: =X9 -> 3 | L9: =IF(ROUNDUP(K9*(1+$Z9),0)>$Y9,$Y9,ROUNDUP(K9*(1+$Z9),0)) -> 4 | M9: =IF(ROUNDUP(L9*(1+$Z9),0)>$Y9,$Y9,ROUNDUP(L9*(1+$Z9),0)) -> 4 | N9: =IF(ROUNDUP(M9*(1+$Z9),0)>$Y9,$Y9,ROUNDUP(M9*(1+$Z9),0)) -> 4 | O9: =IF(ROUNDUP(N9*(1+$Z9),0)>$Y9,$Y9,ROUNDUP(N9*(1+$Z9),0)) -> 4 | P9: =IF(ROUNDUP(O9*(1+$Z9),0)>$Y9,$Y9,ROUNDUP(O9*(1+$Z9),0)) -> 4 | Q9: =IF(ROUNDUP(P9*(1+$Z9),0)>$Y9,$Y9,ROUNDUP(P9*(1+$Z9),0)) -> 4 | R9: =IF(ROUNDUP(Q9*(1+$Z9),0)>$Y9,$Y9,ROUNDUP(Q9*(1+$Z9),0)) -> 4 | S9: =IF(ROUNDUP(R9*(1+$Z9),0)>$Y9,$Y9,ROUNDUP(R9*(1+$Z9),0)) -> 4 | ... V9: =IF(ROUNDUP(U9*(1+$Z9),0)>$Y9,$Y9,ROUNDUP(U9*(1+$Z9),0)) -> 4 | X9: 3 | Y9: 4 | Z9: 0.03
A10: 1000184670 | B10: 01 - CANAL VENDA INTERNA | C10: 1000186197 | D10: 02 - INTERNA - CANAL VERDE | E10: 1000198600 | F10: 03 - NACIONAL | G10: 1000198601 | H10: 04 - NACIONAL | I10: 1000190613 | J10: 06 - INTERNA - MAIS NATURAL | K10: =X10 -> 1 | L10: =IF(ROUNDUP(K10*(1+$Z10),0)>$Y10,$Y10,ROUNDUP(K10*(1+$Z10),0)) -> 2 | M10: =IF(ROUNDUP(L10*(1+$Z10),0)>$Y10,$Y10,ROUNDUP(L10*(1+$Z10),0)) -> 3 | N10: =IF(ROUNDUP(M10*(1+$Z10),0)>$Y10,$Y10,ROUNDUP(M10*(1+$Z10),0)) -> 4 | O10: =IF(ROUNDUP(N10*(1+$Z10),0)>$Y10,$Y10,ROUNDUP(N10*(1+$Z10),0)) -> 5 | P10: =IF(ROUNDUP(O10*(1+$Z10),0)>$Y10,$Y10,ROUNDUP(O10*(1+$Z10),0)) -> 5 | Q10: =IF(ROUNDUP(P10*(1+$Z10),0)>$Y10,$Y10,ROUNDUP(P10*(1+$Z10),0)) -> 5 | R10: =IF(ROUNDUP(Q10*(1+$Z10),0)>$Y10,$Y10,ROUNDUP(Q10*(1+$Z10),0)) -> 5 | S10: =IF(ROUNDUP(R10*(1+$Z10),0)>$Y10,$Y10,ROUNDUP(R10*(1+$Z10),0)) -> 5 | ... V10: =IF(ROUNDUP(U10*(1+$Z10),0)>$Y10,$Y10,ROUNDUP(U10*(1+$Z10),0)) -> 5 | X10: 1 | Y10: 5 | Z10: 0.03
A11: 1000184670 | B11: 01 - CANAL VENDA INTERNA | C11: 1000186197 | D11: 02 - INTERNA - CANAL VERDE | E11: 1000198600 | F11: 03 - NACIONAL | G11: 1000198601 | H11: 04 - NACIONAL | I11: 1000189760 | J11: 06 - INTERNA - MUNDO VERDE | K11: =X11 -> 5 | L11: =IF(ROUNDUP(K11*(1+$Z11),0)>$Y11,$Y11,ROUNDUP(K11*(1+$Z11),0)) -> 6 | M11: =IF(ROUNDUP(L11*(1+$Z11),0)>$Y11,$Y11,ROUNDUP(L11*(1+$Z11),0)) -> 7 | N11: =IF(ROUNDUP(M11*(1+$Z11),0)>$Y11,$Y11,ROUNDUP(M11*(1+$Z11),0)) -> 8 | O11: =IF(ROUNDUP(N11*(1+$Z11),0)>$Y11,$Y11,ROUNDUP(N11*(1+$Z11),0)) -> 9 | P11: =IF(ROUNDUP(O11*(1+$Z11),0)>$Y11,$Y11,ROUNDUP(O11*(1+$Z11),0)) -> 10 | Q11: =IF(ROUNDUP(P11*(1+$Z11),0)>$Y11,$Y11,ROUNDUP(P11*(1+$Z11),0)) -> 11 | R11: =IF(ROUNDUP(Q11*(1+$Z11),0)>$Y11,$Y11,ROUNDUP(Q11*(1+$Z11),0)) -> 12 | S11: =IF(ROUNDUP(R11*(1+$Z11),0)>$Y11,$Y11,ROUNDUP(R11*(1+$Z11),0)) -> 13 | ... V11: =IF(ROUNDUP(U11*(1+$Z11),0)>$Y11,$Y11,ROUNDUP(U11*(1+$Z11),0)) -> 16 | X11: 5 | Y11: 171 | Z11: 0.03
A12: 1000184670 | B12: 01 - CANAL VENDA INTERNA | C12: 1000186197 | D12: 02 - INTERNA - CANAL VERDE | E12: 1000198600 | F12: 03 - NACIONAL | G12: 1000198601 | H12: 04 - NACIONAL | I12: 1000189761 | J12: 06 - INTERNA - NATURVIDA | K12: =X12 -> 3 | L12: =IF(ROUNDUP(K12*(1+$Z12),0)>$Y12,$Y12,ROUNDUP(K12*(1+$Z12),0)) -> 3 | M12: =IF(ROUNDUP(L12*(1+$Z12),0)>$Y12,$Y12,ROUNDUP(L12*(1+$Z12),0)) -> 3 | N12: =IF(ROUNDUP(M12*(1+$Z12),0)>$Y12,$Y12,ROUNDUP(M12*(1+$Z12),0)) -> 3 | O12: =IF(ROUNDUP(N12*(1+$Z12),0)>$Y12,$Y12,ROUNDUP(N12*(1+$Z12),0)) -> 3 | P12: =IF(ROUNDUP(O12*(1+$Z12),0)>$Y12,$Y12,ROUNDUP(O12*(1+$Z12),0)) -> 3 | Q12: =IF(ROUNDUP(P12*(1+$Z12),0)>$Y12,$Y12,ROUNDUP(P12*(1+$Z12),0)) -> 3 | R12: =IF(ROUNDUP(Q12*(1+$Z12),0)>$Y12,$Y12,ROUNDUP(Q12*(1+$Z12),0)) -> 3 | S12: =IF(ROUNDUP(R12*(1+$Z12),0)>$Y12,$Y12,ROUNDUP(R12*(1+$Z12),0)) -> 3 | ... V12: =IF(ROUNDUP(U12*(1+$Z12),0)>$Y12,$Y12,ROUNDUP(U12*(1+$Z12),0)) -> 3 | X12: 3 | Y12: 3 | Z12: 0.03
A13: 1000184670 | B13: 01 - CANAL VENDA INTERNA | C13: 1000186197 | D13: 02 - INTERNA - CANAL VERDE | E13: 1000198600 | F13: 03 - NACIONAL | G13: 1000198601 | H13: 04 - NACIONAL | I13: 1000190614 | J13: 06 - INTERNA - TUDO EM GRAOS / VGA | K13: =X13 -> 9 | L13: =IF(ROUNDUP(K13*(1+$Z13),0)>$Y13,$Y13,ROUNDUP(K13*(1+$Z13),0)) -> 10 | M13: =IF(ROUNDUP(L13*(1+$Z13),0)>$Y13,$Y13,ROUNDUP(L13*(1+$Z13),0)) -> 11 | N13: =IF(ROUNDUP(M13*(1+$Z13),0)>$Y13,$Y13,ROUNDUP(M13*(1+$Z13),0)) -> 12 | O13: =IF(ROUNDUP(N13*(1+$Z13),0)>$Y13,$Y13,ROUNDUP(N13*(1+$Z13),0)) -> 13 | P13: =IF(ROUNDUP(O13*(1+$Z13),0)>$Y13,$Y13,ROUNDUP(O13*(1+$Z13),0)) -> 14 | Q13: =IF(ROUNDUP(P13*(1+$Z13),0)>$Y13,$Y13,ROUNDUP(P13*(1+$Z13),0)) -> 15 | R13: =IF(ROUNDUP(Q13*(1+$Z13),0)>$Y13,$Y13,ROUNDUP(Q13*(1+$Z13),0)) -> 16 | S13: =IF(ROUNDUP(R13*(1+$Z13),0)>$Y13,$Y13,ROUNDUP(R13*(1+$Z13),0)) -> 17 | ... V13: =IF(ROUNDUP(U13*(1+$Z13),0)>$Y13,$Y13,ROUNDUP(U13*(1+$Z13),0)) -> 20 | X13: 9 | Y13: 27 | Z13: 0.03
A14: 1000184670 | B14: 01 - CANAL VENDA INTERNA | C14: 1000186197 | D14: 02 - INTERNA - CANAL VERDE | E14: 1000198600 | F14: 03 - NACIONAL | G14: 1000198601 | H14: 04 - NACIONAL | I14: 1000190600 | J14: 06 - INTERNA - VIDA LEVE | K14: =X14 -> 31 | L14: =IF(ROUNDUP(K14*(1+$Z14),0)>$Y14,$Y14,ROUNDUP(K14*(1+$Z14),0)) -> 32 | M14: =IF(ROUNDUP(L14*(1+$Z14),0)>$Y14,$Y14,ROUNDUP(L14*(1+$Z14),0)) -> 33 | N14: =IF(ROUNDUP(M14*(1+$Z14),0)>$Y14,$Y14,ROUNDUP(M14*(1+$Z14),0)) -> 34 | O14: =IF(ROUNDUP(N14*(1+$Z14),0)>$Y14,$Y14,ROUNDUP(N14*(1+$Z14),0)) -> 36 | P14: =IF(ROUNDUP(O14*(1+$Z14),0)>$Y14,$Y14,ROUNDUP(O14*(1+$Z14),0)) -> 38 | Q14: =IF(ROUNDUP(P14*(1+$Z14),0)>$Y14,$Y14,ROUNDUP(P14*(1+$Z14),0)) -> 40 | R14: =IF(ROUNDUP(Q14*(1+$Z14),0)>$Y14,$Y14,ROUNDUP(Q14*(1+$Z14),0)) -> 42 | S14: =IF(ROUNDUP(R14*(1+$Z14),0)>$Y14,$Y14,ROUNDUP(R14*(1+$Z14),0)) -> 44 | ... V14: =IF(ROUNDUP(U14*(1+$Z14),0)>$Y14,$Y14,ROUNDUP(U14*(1+$Z14),0)) -> 50 | X14: 31 | Y14: 77 | Z14: 0.03
A15: 1000184670 | B15: 01 - CANAL VENDA INTERNA | C15: 1000186197 | D15: 02 - INTERNA - CANAL VERDE | E15: 1000185288 | F15: 03 - SUL | G15: 1000189807 | H15: 04 - SC LITORAL | I15: 1000189749 | J15: 06 - INTERNA - ARMAZEM FIT STORE | K15: =X15 -> 5 | L15: =IF(ROUNDUP(K15*(1+$Z15),0)>$Y15,$Y15,ROUNDUP(K15*(1+$Z15),0)) -> 5 | M15: =IF(ROUNDUP(L15*(1+$Z15),0)>$Y15,$Y15,ROUNDUP(L15*(1+$Z15),0)) -> 5 | N15: =IF(ROUNDUP(M15*(1+$Z15),0)>$Y15,$Y15,ROUNDUP(M15*(1+$Z15),0)) -> 5 | O15: =IF(ROUNDUP(N15*(1+$Z15),0)>$Y15,$Y15,ROUNDUP(N15*(1+$Z15),0)) -> 5 | P15: =IF(ROUNDUP(O15*(1+$Z15),0)>$Y15,$Y15,ROUNDUP(O15*(1+$Z15),0)) -> 5 | Q15: =IF(ROUNDUP(P15*(1+$Z15),0)>$Y15,$Y15,ROUNDUP(P15*(1+$Z15),0)) -> 5 | R15: =IF(ROUNDUP(Q15*(1+$Z15),0)>$Y15,$Y15,ROUNDUP(Q15*(1+$Z15),0)) -> 5 | S15: =IF(ROUNDUP(R15*(1+$Z15),0)>$Y15,$Y15,ROUNDUP(R15*(1+$Z15),0)) -> 5 | ... V15: =IF(ROUNDUP(U15*(1+$Z15),0)>$Y15,$Y15,ROUNDUP(U15*(1+$Z15),0)) -> 5 | X15: 5 | Y15: 5 | Z15: 0.03
... A22: 1000184670 | B22: 01 - CANAL VENDA INTERNA | C22: 1000186197 | D22: 02 - INTERNA - CANAL VERDE | E22: 1000184758 | F22: 03 - NORTE + MA | G22: 1000189786 | H22: 04 - PA INTERIOR | I22: 1000195872 | J22: 06 - INTERNA - PROSAUDE | K22: =X22 -> 1 | L22: =IF(ROUNDUP(K22*(1+$Z22),0)>$Y22,$Y22,ROUNDUP(K22*(1+$Z22),0)) -> 1 | M22: =IF(ROUNDUP(L22*(1+$Z22),0)>$Y22,$Y22,ROUNDUP(L22*(1+$Z22),0)) -> 1 | N22: =IF(ROUNDUP(M22*(1+$Z22),0)>$Y22,$Y22,ROUNDUP(M22*(1+$Z22),0)) -> 1 | O22: =IF(ROUNDUP(N22*(1+$Z22),0)>$Y22,$Y22,ROUNDUP(N22*(1+$Z22),0)) -> 1 | P22: =IF(ROUNDUP(O22*(1+$Z22),0)>$Y22,$Y22,ROUNDUP(O22*(1+$Z22),0)) -> 1 | Q22: =IF(ROUNDUP(P22*(1+$Z22),0)>$Y22,$Y22,ROUNDUP(P22*(1+$Z22),0)) -> 1 | R22: =IF(ROUNDUP(Q22*(1+$Z22),0)>$Y22,$Y22,ROUNDUP(Q22*(1+$Z22),0)) -> 1 | S22: =IF(ROUNDUP(R22*(1+$Z22),0)>$Y22,$Y22,ROUNDUP(R22*(1+$Z22),0)) -> 1 | ... V22: =IF(ROUNDUP(U22*(1+$Z22),0)>$Y22,$Y22,ROUNDUP(U22*(1+$Z22),0)) -> 1 | X22: 1 | Y22: 1 | Z22: 0.03
A23: 1000184670 | B23: 01 - CANAL VENDA INTERNA | E23: 1000184756 | F23: 03 - CENTRO OESTE | G23: 1000189773 | H23: 04 - DF GERAL | I23: 1000189270 | J23: 06 - SEM GRUPO | K23: =X23 -> 12 | L23: =ROUNDUP(K23*(1+$Z23),0) -> 12 | M23: =ROUNDUP(L23*(1+$Z23),0) -> 12 | N23: =ROUNDUP(M23*(1+$Z23),0) -> 12 | O23: =ROUNDUP(N23*(1+$Z23),0) -> 12 | P23: =ROUNDUP(O23*(1+$Z23),0) -> 12 | Q23: =ROUNDUP(P23*(1+$Z23),0) -> 12 | R23: =ROUNDUP(Q23*(1+$Z23),0) -> 12 | S23: =ROUNDUP(R23*(1+$Z23),0) -> 12 | ... V23: =ROUNDUP(U23*(1+$Z23),0) -> 12 | X23: 12 | Z23: 0
A24: 1000184670 | B24: 01 - CANAL VENDA INTERNA | E24: 1000184756 | F24: 03 - CENTRO OESTE | G24: 1000189775 | H24: 04 - GO GERAL | I24: 1000189270 | J24: 06 - SEM GRUPO | K24: =X24 -> 53 | L24: =ROUNDUP(K24*(1+$Z24),0) -> 53 | M24: =ROUNDUP(L24*(1+$Z24),0) -> 53 | N24: =ROUNDUP(M24*(1+$Z24),0) -> 53 | O24: =ROUNDUP(N24*(1+$Z24),0) -> 53 | P24: =ROUNDUP(O24*(1+$Z24),0) -> 53 | Q24: =ROUNDUP(P24*(1+$Z24),0) -> 53 | R24: =ROUNDUP(Q24*(1+$Z24),0) -> 53 | S24: =ROUNDUP(R24*(1+$Z24),0) -> 53 | ... V24: =ROUNDUP(U24*(1+$Z24),0) -> 53 | X24: 53 | Z24: 0
A25: 1000184670 | B25: 01 - CANAL VENDA INTERNA | E25: 1000184756 | F25: 03 - CENTRO OESTE | G25: 1000189783 | H25: 04 - MS GERAL | I25: 1000189270 | J25: 06 - SEM GRUPO | K25: =X25 -> 14 | L25: =ROUNDUP(K25*(1+$Z25),0) -> 14 | M25: =ROUNDUP(L25*(1+$Z25),0) -> 14 | N25: =ROUNDUP(M25*(1+$Z25),0) -> 14 | O25: =ROUNDUP(N25*(1+$Z25),0) -> 14 | P25: =ROUNDUP(O25*(1+$Z25),0) -> 14 | Q25: =ROUNDUP(P25*(1+$Z25),0) -> 14 | R25: =ROUNDUP(Q25*(1+$Z25),0) -> 14 | S25: =ROUNDUP(R25*(1+$Z25),0) -> 14 | ... V25: =ROUNDUP(U25*(1+$Z25),0) -> 14 | X25: 14 | Z25: 0
A26: 1000184670 | B26: 01 - CANAL VENDA INTERNA | E26: 1000184756 | F26: 03 - CENTRO OESTE | G26: 1000189784 | H26: 04 - MT GERAL | I26: 1000189270 | J26: 06 - SEM GRUPO | K26: =X26 -> 28 | L26: =ROUNDUP(K26*(1+$Z26),0) -> 28 | M26: =ROUNDUP(L26*(1+$Z26),0) -> 28 | N26: =ROUNDUP(M26*(1+$Z26),0) -> 28 | O26: =ROUNDUP(N26*(1+$Z26),0) -> 28 | P26: =ROUNDUP(O26*(1+$Z26),0) -> 28 | Q26: =ROUNDUP(P26*(1+$Z26),0) -> 28 | R26: =ROUNDUP(Q26*(1+$Z26),0) -> 28 | S26: =ROUNDUP(R26*(1+$Z26),0) -> 28 | ... V26: =ROUNDUP(U26*(1+$Z26),0) -> 28 | X26: 28 | Z26: 0
A27: 1000184670 | B27: 01 - CANAL VENDA INTERNA | E27: 1000184756 | F27: 03 - CENTRO OESTE | G27: 1000189824 | H27: 04 - TO GERAL | I27: 1000189270 | J27: 06 - SEM GRUPO | K27: =X27 -> 10 | L27: =ROUNDUP(K27*(1+$Z27),0) -> 10 | M27: =ROUNDUP(L27*(1+$Z27),0) -> 10 | N27: =ROUNDUP(M27*(1+$Z27),0) -> 10 | O27: =ROUNDUP(N27*(1+$Z27),0) -> 10 | P27: =ROUNDUP(O27*(1+$Z27),0) -> 10 | Q27: =ROUNDUP(P27*(1+$Z27),0) -> 10 | R27: =ROUNDUP(Q27*(1+$Z27),0) -> 10 | S27: =ROUNDUP(R27*(1+$Z27),0) -> 10 | ... V27: =ROUNDUP(U27*(1+$Z27),0) -> 10 | X27: 10 | Z27: 0
A28: 1000184670 | B28: 01 - CANAL VENDA INTERNA | E28: 1000184757 | F28: 03 - NORDESTE (SEM MA) | G28: 1000189765 | H28: 04 - AL GERAL | I28: 1000189270 | J28: 06 - SEM GRUPO | K28: =X28 -> 9 | L28: =ROUNDUP(K28*(1+$Z28),0) -> 9 | M28: =ROUNDUP(L28*(1+$Z28),0) -> 9 | N28: =ROUNDUP(M28*(1+$Z28),0) -> 9 | O28: =ROUNDUP(N28*(1+$Z28),0) -> 9 | P28: =ROUNDUP(O28*(1+$Z28),0) -> 9 | Q28: =ROUNDUP(P28*(1+$Z28),0) -> 9 | R28: =ROUNDUP(Q28*(1+$Z28),0) -> 9 | S28: =ROUNDUP(R28*(1+$Z28),0) -> 9 | ... V28: =ROUNDUP(U28*(1+$Z28),0) -> 9 | X28: 9 | Z28: 0
A29: 1000184670 | B29: 01 - CANAL VENDA INTERNA | E29: 1000184757 | F29: 03 - NORDESTE (SEM MA) | G29: 1000189768 | H29: 04 - BA CAPITAL | I29: 1000189270 | J29: 06 - SEM GRUPO | K29: =X29 -> 12 | L29: =ROUNDUP(K29*(1+$Z29),0) -> 12 | M29: =ROUNDUP(L29*(1+$Z29),0) -> 12 | N29: =ROUNDUP(M29*(1+$Z29),0) -> 12 | O29: =ROUNDUP(N29*(1+$Z29),0) -> 12 | P29: =ROUNDUP(O29*(1+$Z29),0) -> 12 | Q29: =ROUNDUP(P29*(1+$Z29),0) -> 12 | R29: =ROUNDUP(Q29*(1+$Z29),0) -> 12 | S29: =ROUNDUP(R29*(1+$Z29),0) -> 12 | ... V29: =ROUNDUP(U29*(1+$Z29),0) -> 12 | X29: 12 | Z29: 0
A30: 1000184670 | B30: 01 - CANAL VENDA INTERNA | E30: 1000184757 | F30: 03 - NORDESTE (SEM MA) | G30: 1000189769 | H30: 04 - BA OESTE | I30: 1000189270 | J30: 06 - SEM GRUPO | K30: =X30 -> 20 | L30: =ROUNDUP(K30*(1+$Z30),0) -> 20 | M30: =ROUNDUP(L30*(1+$Z30),0) -> 20 | N30: =ROUNDUP(M30*(1+$Z30),0) -> 20 | O30: =ROUNDUP(N30*(1+$Z30),0) -> 20 | P30: =ROUNDUP(O30*(1+$Z30),0) -> 20 | Q30: =ROUNDUP(P30*(1+$Z30),0) -> 20 | R30: =ROUNDUP(Q30*(1+$Z30),0) -> 20 | S30: =ROUNDUP(R30*(1+$Z30),0) -> 20 | ... V30: =ROUNDUP(U30*(1+$Z30),0) -> 20 | X30: 20 | Z30: 0
A31: 1000184670 | B31: 01 - CANAL VENDA INTERNA | E31: 1000184757 | F31: 03 - NORDESTE (SEM MA) | G31: 1000189770 | H31: 04 - BA SUL | I31: 1000189270 | J31: 06 - SEM GRUPO | K31: =X31 -> 21 | L31: =ROUNDUP(K31*(1+$Z31),0) -> 21 | M31: =ROUNDUP(L31*(1+$Z31),0) -> 21 | N31: =ROUNDUP(M31*(1+$Z31),0) -> 21 | O31: =ROUNDUP(N31*(1+$Z31),0) -> 21 | P31: =ROUNDUP(O31*(1+$Z31),0) -> 21 | Q31: =ROUNDUP(P31*(1+$Z31),0) -> 21 | R31: =ROUNDUP(Q31*(1+$Z31),0) -> 21 | S31: =ROUNDUP(R31*(1+$Z31),0) -> 21 | ... V31: =ROUNDUP(U31*(1+$Z31),0) -> 21 | X31: 21 | Z31: 0
A32: 1000184670 | B32: 01 - CANAL VENDA INTERNA | E32: 1000184757 | F32: 03 - NORDESTE (SEM MA) | G32: 1000189771 | H32: 04 - BA VALE DO SAO FRANCISCO/NORTE | I32: 1000189270 | J32: 06 - SEM GRUPO | K32: =X32 -> 9 | L32: =ROUNDUP(K32*(1+$Z32),0) -> 9 | M32: =ROUNDUP(L32*(1+$Z32),0) -> 9 | N32: =ROUNDUP(M32*(1+$Z32),0) -> 9 | O32: =ROUNDUP(N32*(1+$Z32),0) -> 9 | P32: =ROUNDUP(O32*(1+$Z32),0) -> 9 | Q32: =ROUNDUP(P32*(1+$Z32),0) -> 9 | R32: =ROUNDUP(Q32*(1+$Z32),0) -> 9 | S32: =ROUNDUP(R32*(1+$Z32),0) -> 9 | ... V32: =ROUNDUP(U32*(1+$Z32),0) -> 9 | X32: 9 | Z32: 0
A33: 1000184670 | B33: 01 - CANAL VENDA INTERNA | E33: 1000184757 | F33: 03 - NORDESTE (SEM MA) | G33: 1000189772 | H33: 04 - CE GERAL | I33: 1000189270 | J33: 06 - SEM GRUPO | K33: =X33 -> 17 | L33: =ROUNDUP(K33*(1+$Z33),0) -> 17 | M33: =ROUNDUP(L33*(1+$Z33),0) -> 17 | N33: =ROUNDUP(M33*(1+$Z33),0) -> 17 | O33: =ROUNDUP(N33*(1+$Z33),0) -> 17 | P33: =ROUNDUP(O33*(1+$Z33),0) -> 17 | Q33: =ROUNDUP(P33*(1+$Z33),0) -> 17 | R33: =ROUNDUP(Q33*(1+$Z33),0) -> 17 | S33: =ROUNDUP(R33*(1+$Z33),0) -> 17 | ... V33: =ROUNDUP(U33*(1+$Z33),0) -> 17 | X33: 17 | Z33: 0
A34: 1000184670 | B34: 01 - CANAL VENDA INTERNA | E34: 1000184757 | F34: 03 - NORDESTE (SEM MA) | G34: 1000189787 | H34: 04 - PB CAPITAL | I34: 1000189270 | J34: 06 - SEM GRUPO | K34: =X34 -> 5 | L34: =ROUNDUP(K34*(1+$Z34),0) -> 5 | M34: =ROUNDUP(L34*(1+$Z34),0) -> 5 | N34: =ROUNDUP(M34*(1+$Z34),0) -> 5 | O34: =ROUNDUP(N34*(1+$Z34),0) -> 5 | P34: =ROUNDUP(O34*(1+$Z34),0) -> 5 | Q34: =ROUNDUP(P34*(1+$Z34),0) -> 5 | R34: =ROUNDUP(Q34*(1+$Z34),0) -> 5 | S34: =ROUNDUP(R34*(1+$Z34),0) -> 5 | ... V34: =ROUNDUP(U34*(1+$Z34),0) -> 5 | X34: 5 | Z34: 0
... A83: 1000184670 | B83: 01 - CANAL VENDA INTERNA | E83: 1000185288 | F83: 03 - SUL | G83: 1000189810 | H83: 04 - SC SUL | I83: 1000189270 | J83: 06 - SEM GRUPO | K83: =X83 -> 46 | L83: =ROUNDUP(K83*(1+$Z83),0) -> 47 | M83: =ROUNDUP(L83*(1+$Z83),0) -> 48 | N83: =ROUNDUP(M83*(1+$Z83),0) -> 49 | O83: =ROUNDUP(N83*(1+$Z83),0) -> 50 | P83: =ROUNDUP(O83*(1+$Z83),0) -> 51 | Q83: =ROUNDUP(P83*(1+$Z83),0) -> 52 | R83: =ROUNDUP(Q83*(1+$Z83),0) -> 53 | S83: =ROUNDUP(R83*(1+$Z83),0) -> 54 | ... V83: =ROUNDUP(U83*(1+$Z83),0) -> 57 | X83: 46 | Z83: 0.01

Sheet Positivação
L2: =SUBTOTAL(9,L4:L674) -> 385 | M2: =SUBTOTAL(9,M4:M674) -> 401 | N2: =SUBTOTAL(9,N4:N674) -> 409 | O2: =SUBTOTAL(9,O4:O674) -> 417 | P2: =SUBTOTAL(9,P4:P674) -> 428 | Q2: =SUBTOTAL(9,Q4:Q674) -> 437 | R2: =SUBTOTAL(9,R4:R674) -> 453 | S2: =SUBTOTAL(9,S4:S674) -> 462 | ... W2: =SUBTOTAL(9,W4:W674) -> 506 | Y2: =AVERAGEIFS(Y4:Y83,Y4:Y83,">"&0) -> 540.40242 | AD2: =SUM(AD4:AD674) -> 1590
A3: CÓD. 01 | B3: 01 CANAL | C3: CÓD. 02 | D3: 02 TIPO DE CLIENTE | E3: CÓD. 03 | F3: 03 MACRORREGIÃO DO CLIENTE | G3: CÓD. 04 | H3: 04 MICRORREGIÃO DO CLIENTE | I3: CÓD. GRUPO CHAVE | J3: 06 NOME GRUPO CHAVE | L3: JAN | M3: FEV | N3: MAR | O3: ABR | P3: MAI | Q3: JUN | R3: JUL | S3: AGO | T3: SET | U3: OUT | V3: NOV | W3: DEZ | Y3: TICKET MÉDIO REALIZADO | Z3: TICKET MEDIO ESPERADO | AB3: CLASSIFICAÇÃO | AD3: CARTEIRA TOTAL | AE3: TOTAL LOJAS
A4: 1000184670 | B4: 01 - CANAL VENDA INTERNA | C4: 1000186197 | D4: 02 - INTERNA - CANAL VERDE | E4: 1000198600 | F4: 03 - NACIONAL | G4: 1000198601 | H4: 04 - NACIONAL | I4: 1000189750 | J4: 06 - INTERNA - BIO MUNDO | K4: =_xlfn.CONCAT(A4,C4,G4,I4) -> 1000184670100018619710001986011000189750 | L4: =ROUND(SUMIFS(Leads!K:K,Leads!$I:$I,Positivação!$I4,Leads!$G:$G,Positivação!$G4)*_xlfn.XLOOKUP($AB4,'Balizador da Meta'!$F$4:$F$9,'Balizador da Meta'!G$4:G$9),0) -> 4 | M4: =ROUND(SUMIFS(Leads!L:L,Leads!$I:$I,Positivação!$I4,Leads!$G:$G,Positivação!$G4)*_xlfn.XLOOKUP($AB4,'Balizador da Meta'!$F$4:$F$9,'Balizador da Meta'!H$4:H$9),0) -> 4 | N4: =ROUND(SUMIFS(Leads!M:M,Leads!$I:$I,Positivação!$I4,Leads!$G:$G,Positivação!$G4)*_xlfn.XLOOKUP($AB4,'Balizador da Meta'!$F$4:$F$9,'Balizador da Meta'!I$4:I$9),0) -> 5 | O4: =ROUND(SUMIFS(Leads!N:N,Leads!$I:$I,Positivação!$I4,Leads!$G:$G,Positivação!$G4)*_xlfn.XLOOKUP($AB4,'Balizador da Meta'!$F$4:$F$9,'Balizador da Meta'!J$4:J$9),0) -> 5 | P4: =ROUND(SUMIFS(Leads!O:O,Leads!$I:$I,Positivação!$I4,Leads!$G:$G,Positivação!$G4)*_xlfn.XLOOKUP($AB4,'Balizador da Meta'!$F$4:$F$9,'Balizador da Meta'!K$4:K$9),0) -> 5 | Q4: =ROUND(SUMIFS(Leads!P:P,Leads!$I:$I,Positivação!$I4,Leads!$G:$G,Positivação!$G4)*_xlfn.XLOOKUP($AB4,'Balizador da Meta'!$F$4:$F$9,'Balizador da Meta'!L$4:L$9),0) -> 5 | R4: =ROUND(SUMIFS(Leads!Q:Q,Leads!$I:$I,Positivação!$I4,Leads!$G:$G,Positivação!$G4)*_xlfn.XLOOKUP($AB4,'Balizador da Meta'!$F$4:$F$9,'Balizador da Meta'!M$4:M$9),0) -> 6 | S4: =ROUND(SUMIFS(Leads!R:R,Leads!$I:$I,Positivação!$I4,Leads!$G:$G,Positivação!$G4)*_xlfn.XLOOKUP($AB4,'Balizador da Meta'!$F$4:$F$9,'Balizador da Meta'!N$4:N$9),0) -> 6 | T4: =ROUND(SUMIFS(Leads!S:S,Leads!$I:$I,Positivação!$I4,Leads!$G:$G,Positivação!$G4)*_xlfn.XLOOKUP($AB4,'Balizador da Meta'!$F$4:$F$9,'Balizador da Meta'!O$4:O$9),0) -> 6 | U4: =ROUND(SUMIFS(Leads!T:T,Leads!$I:$I,Positivação!$I4,Leads!$G:$G,Positivação!$G4)*_xlfn.XLOOKUP($AB4,'Balizador da Meta'!$F$4:$F$9,'Balizador da Meta'!P$4:P$9),0) -> 7 | V4: =ROUND(SUMIFS(Leads!U:U,Leads!$I:$I,Positivação!$I4,Leads!$G:$G,Positivação!$G4)*_xlfn.XLOOKUP($AB4,'Balizador da Meta'!$F$4:$F$9,'Balizador da Meta'!Q$4:Q$9),0) -> 7 | W4: =ROUND(SUMIFS(Leads!V:V,Leads!$I:$I,Positivação!$I4,Leads!$G:$G,Positivação!$G4)*_xlfn.XLOOKUP($AB4,'Balizador da Meta'!$F$4:$F$9,'Balizador da Meta'!R$4:R$9),0) -> 7 | Y4: =IFERROR(SUMIFS('Historico - FAT'!AO:AO,'Historico - FAT'!I:I,Positivação!I4,'Historico - FAT'!G:G,Positivação!G4)/SUM(L4:T4),0) -> 71.012174 | Z4: 1500 | AB4: EM CRESCIMENTO | AD4: 13 | AE4: 136
A5: 1000184670 | B5: 01 - CANAL VENDA INTERNA | C5: 1000186197 | D5: 02 - INTERNA - CANAL VERDE | E5: 1000198600 | F5: 03 - NACIONAL | G5: 1000198601 | H5: 04 - NACIONAL | I5: 1000189751 | J5: 06 - INTERNA - CIA DA SAUDE | K5: =_xlfn.CONCAT(A5,C5,G5,I5) -> 1000184670100018619710001986011000189751 | L5: =ROUND(SUMIFS(Leads!K:K,Leads!$I:$I,Positivação!$I5,Leads!$G:$G,Positivação!$G5)*_xlfn.XLOOKUP($AB5,'Balizador da Meta'!$F$4:$F$9,'Balizador da Meta'!G$4:G$9),0) -> 35 | M5: =ROUND(SUMIFS(Leads!L:L,Leads!$I:$I,Positivação!$I5,Leads!$G:$G,Positivação!$G5)*_xlfn.XLOOKUP($AB5,'Balizador da Meta'!$F$4:$F$9,'Balizador da Meta'!H$4:H$9),0) -> 37 | N5: =ROUND(SUMIFS(Leads!M:M,Leads!$I:$I,Positivação!$I5,Leads!$G:$G,Positivação!$G5)*_xlfn.XLOOKUP($AB5,'Balizador da Meta'!$F$4:$F$9,'Balizador da Meta'!I$4:I$9),0) -> 38 | O5: =ROUND(SUMIFS(Leads!N:N,Leads!$I:$I,Positivação!$I5,Leads!$G:$G,Positivação!$G5)*_xlfn.XLOOKUP($AB5,'Balizador da Meta'!$F$4:$F$9,'Balizador da Meta'!J$4:J$9),0) -> 40 | P5: =ROUND(SUMIFS(Leads!O:O,Leads!$I:$I,Positivação!$I5,Leads!$G:$G,Positivação!$G5)*_xlfn.XLOOKUP($AB5,'Balizador da Meta'!$F$4:$F$9,'Balizador da Meta'!K$4:K$9),0) -> 41 | Q5: =ROUND(SUMIFS(Leads!P:P,Leads!$I:$I,Positivação!$I5,Leads!$G:$G,Positivação!$G5)*_xlfn.XLOOKUP($AB5,'Balizador da Meta'!$F$4:$F$9,'Balizador da Meta'!L$4:L$9),0) -> 43 | R5: =ROUND(SUMIFS(Leads!Q:Q,Leads!$I:$I,Positivação!$I5,Leads!$G:$G,Positivação!$G5)*_xlfn.XLOOKUP($AB5,'Balizador da Meta'!$F$4:$F$9,'Balizador da Meta'!M$4:M$9),0) -> 44 | S5: =ROUND(SUMIFS(Leads!R:R,Leads!$I:$I,Positivação!$I5,Leads!$G:$G,Positivação!$G5)*_xlfn.XLOOKUP($AB5,'Balizador da Meta'!$F$4:$F$9,'Balizador da Meta'!N$4:N$9),0) -> 46 | T5: =ROUND(SUMIFS(Leads!S:S,Leads!$I:$I,Positivação!$I5,Leads!$G:$G,Positivação!$G5)*_xlfn.XLOOKUP($AB5,'Balizador da Meta'!$F$4:$F$9,'Balizador da Meta'!O$4:O$9),0) -> 47 | U5: =ROUND(SUMIFS(Leads!T:T,Leads!$I:$I,Positivação!$I5,Leads!$G:$G,Positivação!$G5)*_xlfn.XLOOKUP($AB5,'Balizador da Meta'!$F$4:$F$9,'Balizador da Meta'!P$4:P$9),0) -> 49 | V5: =ROUND(SUMIFS(Leads!U:U,Leads!$I:$I,Positivação!$I5,Leads!$G:$G,Positivação!$G5)*_xlfn.XLOOKUP($AB5,'Balizador da Meta'!$F$4:$F$9,'Balizador da Meta'!Q$4:Q$9),0) -> 50 | W5: =ROUND(SUMIFS(Leads!V:V,Leads!$I:$I,Positivação!$I5,Leads!$G:$G,Positivação!$G5)*_xlfn.XLOOKUP($AB5,'Balizador da Meta'!$F$4:$F$9,'Balizador da Meta'!R$4:R$9),0) -> 52 | Y5: =IFERROR(SUMIFS('Historico - FAT'!AO:AO,'Historico - FAT'!I:I,Positivação!I5,'Historico - FAT'!G:G,Positivação!G5)/SUM(L5:T5),0) -> 26.835148 | Z5: 1500 | AB5: MADURO | AD5: 70 | AE5: 150
A6: 1000184670 | B6: 01 - CANAL VENDA INTERNA | C6: 1000186197 | D6: 02 - INTERNA - CANAL VERDE | E6: 1000198600 | F6: 03 - NACIONAL | G6: 1000198601 | H6: 04 - NACIONAL | I6: 1000189753 | J6: 06 - INTERNA - DIVINA TERRA | K6: =_xlfn.CONCAT(A6,C6,G6,I6) -> 1000184670100018619710001986011000189753 | L6: =ROUND(SUMIFS(Leads!K:K,Leads!$I:$I,Positivação!$I6,Leads!$G:$G,Positivação!$G6)*_xlfn.XLOOKUP($AB6,'Balizador da Meta'!$F$4:$F$9,'Balizador da Meta'!G$4:G$9),0) -> 16 | M6: =ROUND(SUMIFS(Leads!L:L,Leads!$I:$I,Positivação!$I6,Leads!$G:$G,Positivação!$G6)*_xlfn.XLOOKUP($AB6,'Balizador da Meta'!$F$4:$F$9,'Balizador da Meta'!H$4:H$9),0) -> 17 | N6: =ROUND(SUMIFS(Leads!M:M,Leads!$I:$I,Positivação!$I6,Leads!$G:$G,Positivação!$G6)*_xlfn.XLOOKUP($AB6,'Balizador da Meta'!$F$4:$F$9,'Balizador da Meta'!I$4:I$9),0) -> 17 | O6: =ROUND(SUMIFS(Leads!N:N,Leads!$I:$I,Positivação!$I6,Leads!$G:$G,Positivação!$G6)*_xlfn.XLOOKUP($AB6,'Balizador da Meta'!$F$4:$F$9,'Balizador da Meta'!J$4:J$9),0) -> 18 | P6: =ROUND(SUMIFS(Leads!O:O,Leads!$I:$I,Positivação!$I6,Leads!$G:$G,Positivação!$G6)*_xlfn.XLOOKUP($AB6,'Balizador da Meta'!$F$4:$F$9,'Balizador da Meta'!K$4:K$9),0) -> 18 | Q6: =ROUND(SUMIFS(Leads!P:P,Leads!$I:$I,Positivação!$I6,Leads!$G:$G,Positivação!$G6)*_xlfn.XLOOKUP($AB6,'Balizador da Meta'!$F$4:$F$9,'Balizador da Meta'!L$4:L$9),0) -> 19 | R6: =ROUND(SUMIFS(Leads!Q:Q,Leads!$I:$I,Positivação!$I6,Leads!$G:$G,Positivação!$G6)*_xlfn.XLOOKUP($AB6,'Balizador da Meta'!$F$4:$F$9,'Balizador da Meta'!M$4:M$9),0) -> 20 | S6: =ROUND(SUMIFS(Leads!R:R,Leads!$I:$I,Positivação!$I6,Leads!$G:$G,Positivação!$G6)*_xlfn.XLOOKUP($AB6,'Balizador da Meta'!$F$4:$F$9,'Balizador da Meta'!N$4:N$9),0) -> 20 | T6: =ROUND(SUMIFS(Leads!S:S,Leads!$I:$I,Positivação!$I6,Leads!$G:$G,Positivação!$G6)*_xlfn.XLOOKUP($AB6,'Balizador da Meta'!$F$4:$F$9,'Balizador da Meta'!O$4:O$9),0) -> 21 | U6: =ROUND(SUMIFS(Leads!T:T,Leads!$I:$I,Positivação!$I6,Leads!$G:$G,Positivação!$G6)*_xlfn.XLOOKUP($AB6,'Balizador da Meta'!$F$4:$F$9,'Balizador da Meta'!P$4:P$9),0) -> 21 | V6: =ROUND(SUMIFS(Leads!U:U,Leads!$I:$I,Positivação!$I6,Leads!$G:$G,Positivação!$G6)*_xlfn.XLOOKUP($AB6,'Balizador da Meta'!$F$4:$F$9,'Balizador da Meta'!Q$4:Q$9),0) -> 22 | W6: =ROUND(SUMIFS(Leads!V:V,Leads!$I:$I,Positivação!$I6,Leads!$G:$G,Positivação!$G6)*_xlfn.XLOOKUP($AB6,'Balizador da Meta'!$F$4:$F$9,'Balizador da Meta'!R$4:R$9),0) -> 23 | Y6: =IFERROR(SUMIFS('Historico - FAT'!AO:AO,'Historico - FAT'!I:I,Positivação!I6,'Historico - FAT'!G:G,Positivação!G6)/SUM(L6:T6),0) -> 50.900361 | Z6: 1500 | AB6: EM CRESCIMENTO | AD6: 53 | AE6: 76
A7: 1000184670 | B7: 01 - CANAL VENDA INTERNA | C7: 1000186197 | D7: 02 - INTERNA - CANAL VERDE | E7: 1000198600 | F7: 03 - NACIONAL | G7: 1000198601 | H7: 04 - NACIONAL | I7: 1000189756 | J7: 06 - INTERNA - FITLAND | K7: =_xlfn.CONCAT(A7,C7,G7,I7) -> 1000184670100018619710001986011000189756 | L7: =ROUND(SUMIFS(Leads!K:K,Leads!$I:$I,Positivação!$I7,Leads!$G:$G,Positivação!$G7)*_xlfn.XLOOKUP($AB7,'Balizador da Meta'!$F$4:$F$9,'Balizador da Meta'!G$4:G$9),0) -> 29 | M7: =ROUND(SUMIFS(Leads!L:L,Leads!$I:$I,Positivação!$I7,Leads!$G:$G,Positivação!$G7)*_xlfn.XLOOKUP($AB7,'Balizador da Meta'!$F$4:$F$9,'Balizador da Meta'!H$4:H$9),0) -> 30 | N7: =ROUND(SUMIFS(Leads!M:M,Leads!$I:$I,Positivação!$I7,Leads!$G:$G,Positivação!$G7)*_xlfn.XLOOKUP($AB7,'Balizador da Meta'!$F$4:$F$9,'Balizador da Meta'!I$4:I$9),0) -> 31 | O7: =ROUND(SUMIFS(Leads!N:N,Leads!$I:$I,Positivação!$I7,Leads!$G:$G,Positivação!$G7)*_xlfn.XLOOKUP($AB7,'Balizador da Meta'!$F$4:$F$9,'Balizador da Meta'!J$4:J$9),0) -> 32 | P7: =ROUND(SUMIFS(Leads!O:O,Leads!$I:$I,Positivação!$I7,Leads!$G:$G,Positivação!$G7)*_xlfn.XLOOKUP($AB7,'Balizador da Meta'!$F$4:$F$9,'Balizador da Meta'!K$4:K$9),0) -> 33 | Q7: =ROUND(SUMIFS(Leads!P:P,Leads!$I:$I,Positivação!$I7,Leads!$G:$G,Positivação!$G7)*_xlfn.XLOOKUP($AB7,'Balizador da Meta'!$F$4:$F$9,'Balizador da Meta'!L$4:L$9),0) -> 34 | R7: =ROUND(SUMIFS(Leads!Q:Q,Leads!$I:$I,Positivação!$I7,Leads!$G:$G,Positivação!$G7)*_xlfn.XLOOKUP($AB7,'Balizador da Meta'!$F$4:$F$9,'Balizador da Meta'!M$4:M$9),0) -> 35 | S7: =ROUND(SUMIFS(Leads!R:R,Leads!$I:$I,Positivação!$I7,Leads!$G:$G,Positivação!$G7)*_xlfn.XLOOKUP($AB7,'Balizador da Meta'!$F$4:$F$9,'Balizador da Meta'!N$4:N$9),0) -> 36 | T7: =ROUND(SUMIFS(Leads!S:S,Leads!$I:$I,Positivação!$I7,Leads!$G:$G,Positivação!$G7)*_xlfn.XLOOKUP($AB7,'Balizador da Meta'!$F$4:$F$9,'Balizador da Meta'!O$4:O$9),0) -> 37 | U7: =ROUND(SUMIFS(Leads!T:T,Leads!$I:$I,Positivação!$I7,Leads!$G:$G,Positivação!$G7)*_xlfn.XLOOKUP($AB7,'Balizador da Meta'!$F$4:$F$9,'Balizador da Meta'!P$4:P$9),0) -> 38 | V7: =ROUND(SUMIFS(Leads!U:U,Leads!$I:$I,Positivação!$I7,Leads!$G:$G,Positivação!$G7)*_xlfn.XLOOKUP($AB7,'Balizador da Meta'!$F$4:$F$9,'Balizador da Meta'!Q$4:Q$9),0) -> 39 | W7: =ROUND(SUMIFS(Leads!V:V,Leads!$I:$I,Positivação!$I7,Leads!$G:$G,Positivação!$G7)*_xlfn.XLOOKUP($AB7,'Balizador da Meta'!$F$4:$F$9,'Balizador da Meta'!R$4:R$9),0) -> 40 | Y7: =IFERROR(SUMIFS('Historico - FAT'!AO:AO,'Historico - FAT'!I:I,Positivação!I7,'Historico - FAT'!G:G,Positivação!G7)/SUM(L7:T7),0) -> 196.44939 | Z7: 1500 | AB7: MADURO | AD7: 58 | AE7: 80
A8: 1000184670 | B8: 01 - CANAL VENDA INTERNA | C8: 1000186197 | D8: 02 - INTERNA - CANAL VERDE | E8: 1000198600 | F8: 03 - NACIONAL | G8: 1000198601 | H8: 04 - NACIONAL | I8: 1000190599 | J8: 06 - INTERNA - JARDIM DAS ERVAS | K8: =_xlfn.CONCAT(A8,C8,G8,I8) -> 1000184670100018619710001986011000190599 | L8: =ROUND(SUMIFS(Leads!K:K,Leads!$I:$I,Positivação!$I8,Leads!$G:$G,Positivação!$G8)*_xlfn.XLOOKUP($AB8,'Balizador da Meta'!$F$4:$F$9,'Balizador da Meta'!G$4:G$9),0) -> 0 | M8: =ROUND(SUMIFS(Leads!L:L,Leads!$I:$I,Positivação!$I8,Leads!$G:$G,Positivação!$G8)*_xlfn.XLOOKUP($AB8,'Balizador da Meta'!$F$4:$F$9,'Balizador da Meta'!H$4:H$9),0) -> 1 | N8: =ROUND(SUMIFS(Leads!M:M,Leads!$I:$I,Positivação!$I8,Leads!$G:$G,Positivação!$G8)*_xlfn.XLOOKUP($AB8,'Balizador da Meta'!$F$4:$F$9,'Balizador da Meta'!I$4:I$9),0) -> 1 | O8: =ROUND(SUMIFS(Leads!N:N,Leads!$I:$I,Positivação!$I8,Leads!$G:$G,Positivação!$G8)*_xlfn.XLOOKUP($AB8,'Balizador da Meta'!$F$4:$F$9,'Balizador da Meta'!J$4:J$9),0) -> 1 | P8: =ROUND(SUMIFS(Leads!O:O,Leads!$I:$I,Positivação!$I8,Leads!$G:$G,Positivação!$G8)*_xlfn.XLOOKUP($AB8,'Balizador da Meta'!$F$4:$F$9,'Balizador da Meta'!K$4:K$9),0) -> 2 | Q8: =ROUND(SUMIFS(Leads!P:P,Leads!$I:$I,Positivação!$I8,Leads!$G:$G,Positivação!$G8)*_xlfn.XLOOKUP($AB8,'Balizador da Meta'!$F$4:$F$9,'Balizador da Meta'!L$4:L$9),0) -> 2 | R8: =ROUND(SUMIFS(Leads!Q:Q,Leads!$I:$I,Positivação!$I8,Leads!$G:$G,Positivação!$G8)*_xlfn.XLOOKUP($AB8,'Balizador da Meta'!$F$4:$F$9,'Balizador da Meta'!M$4:M$9),0) -> 2 | S8: =ROUND(SUMIFS(Leads!R:R,Leads!$I:$I,Positivação!$I8,Leads!$G:$G,Positivação!$G8)*_xlfn.XLOOKUP($AB8,'Balizador da Meta'!$F$4:$F$9,'Balizador da Meta'!N$4:N$9),0) -> 2 | T8: =ROUND(SUMIFS(Leads!S:S,Leads!$I:$I,Positivação!$I8,Leads!$G:$G,Positivação!$G8)*_xlfn.XLOOKUP($AB8,'Balizador da Meta'!$F$4:$F$9,'Balizador da Meta'!O$4:O$9),0) -> 3 | U8: =ROUND(SUMIFS(Leads!T:T,Leads!$I:$I,Positivação!$I8,Leads!$G:$G,Positivação!$G8)*_xlfn.XLOOKUP($AB8,'Balizador da Meta'!$F$4:$F$9,'Balizador da Meta'!P$4:P$9),0) -> 3 | V8: =ROUND(SUMIFS(Leads!U:U,Leads!$I:$I,Positivação!$I8,Leads!$G:$G,Positivação!$G8)*_xlfn.XLOOKUP($AB8,'Balizador da Meta'!$F$4:$F$9,'Balizador da Meta'!Q$4:Q$9),0) -> 3 | W8: =ROUND(SUMIFS(Leads!V:V,Leads!$I:$I,Positivação!$I8,Leads!$G:$G,Positivação!$G8)*_xlfn.XLOOKUP($AB8,'Balizador da Meta'!$F$4:$F$9,'Balizador da Meta'!R$4:R$9),0) -> 4 | Y8: =IFERROR(SUMIFS('Historico - FAT'!AO:AO,'Historico - FAT'!I:I,Positivação!I8,'Historico - FAT'!G:G,Positivação!G8)/SUM(L8:T8),0) -> 0 | Z8: 1500 | AB8: EM CRESCIMENTO | AD8: 1 | AE8: 22
A9: 1000184670 | B9: 01 - CANAL VENDA INTERNA | C9: 1000186197 | D9: 02 - INTERNA - CANAL VERDE | E9: 1000198600 | F9: 03 - NACIONAL | G9: 1000198601 | H9: 04 - NACIONAL | I9: 1000189757 | J9: 06 - INTERNA - LIGEIRINHO | K9: =_xlfn.CONCAT(A9,C9,G9,I9) -> 1000184670100018619710001986011000189757 | L9: =ROUND(SUMIFS(Leads!K:K,Leads!$I:$I,Positivação!$I9,Leads!$G:$G,Positivação!$G9)*_xlfn.XLOOKUP($AB9,'Balizador da Meta'!$F$4:$F$9,'Balizador da Meta'!G$4:G$9),0) -> 1 | M9: =ROUND(SUMIFS(Leads!L:L,Leads!$I:$I,Positivação!$I9,Leads!$G:$G,Positivação!$G9)*_xlfn.XLOOKUP($AB9,'Balizador da Meta'!$F$4:$F$9,'Balizador da Meta'!H$4:H$9),0) -> 1 | N9: =ROUND(SUMIFS(Leads!M:M,Leads!$I:$I,Positivação!$I9,Leads!$G:$G,Positivação!$G9)*_xlfn.XLOOKUP($AB9,'Balizador da Meta'!$F$4:$F$9,'Balizador da Meta'!I$4:I$9),0) -> 1 | O9: =ROUND(SUMIFS(Leads!N:N,Leads!$I:$I,Positivação!$I9,Leads!$G:$G,Positivação!$G9)*_xlfn.XLOOKUP($AB9,'Balizador da Meta'!$F$4:$F$9,'Balizador da Meta'!J$4:J$9),0) -> 1 | P9: =ROUND(SUMIFS(Leads!O:O,Leads!$I:$I,Positivação!$I9,Leads!$G:$G,Positivação!$G9)*_xlfn.XLOOKUP($AB9,'Balizador da Meta'!$F$4:$F$9,'Balizador da Meta'!K$4:K$9),0) -> 1 | Q9: =ROUND(SUMIFS(Leads!P:P,Leads!$I:$I,Positivação!$I9,Leads!$G:$G,Positivação!$G9)*_xlfn.XLOOKUP($AB9,'Balizador da Meta'!$F$4:$F$9,'Balizador da Meta'!L$4:L$9),0) -> 1 | R9: =ROUND(SUMIFS(Leads!Q:Q,Leads!$I:$I,Positivação!$I9,Leads!$G:$G,Positivação!$G9)*_xlfn.XLOOKUP($AB9,'Balizador da Meta'!$F$4:$F$9,'Balizador da Meta'!M$4:M$9),0) -> 1 | S9: =ROUND(SUMIFS(Leads!R:R,Leads!$I:$I,Positivação!$I9,Leads!$G:$G,Positivação!$G9)*_xlfn.XLOOKUP($AB9,'Balizador da Meta'!$F$4:$F$9,'Balizador da Meta'!N$4:N$9),0) -> 1 | T9: =ROUND(SUMIFS(Leads!S:S,Leads!$I:$I,Positivação!$I9,Leads!$G:$G,Positivação!$G9)*_xlfn.XLOOKUP($AB9,'Balizador da Meta'!$F$4:$F$9,'Balizador da Meta'!O$4:O$9),0) -> 1 | U9: =ROUND(SUMIFS(Leads!T:T,Leads!$I:$I,Positivação!$I9,Leads!$G:$G,Positivação!$G9)*_xlfn.XLOOKUP($AB9,'Balizador da Meta'!$F$4:$F$9,'Balizador da Meta'!P$4:P$9),0) -> 1 | V9: =ROUND(SUMIFS(Leads!U:U,Leads!$I:$I,Positivação!$I9,Leads!$G:$G,Positivação!$G9)*_xlfn.XLOOKUP($AB9,'Balizador da Meta'!$F$4:$F$9,'Balizador da Meta'!Q$4:Q$9),0) -> 1 | W9: =ROUND(SUMIFS(Leads!V:V,Leads!$I:$I,Positivação!$I9,Leads!$G:$G,Positivação!$G9)*_xlfn.XLOOKUP($AB9,'Balizador da Meta'!$F$4:$F$9,'Balizador da Meta'!R$4:R$9),0) -> 1 | Y9: =IFERROR(SUMIFS('Historico - FAT'!AO:AO,'Historico - FAT'!I:I,Positivação!I9,'Historico - FAT'!G:G,Positivação!G9)/SUM(L9:T9),0) -> 689.06 | Z9: 1500 | AB9: EM CRESCIMENTO | AD9: 3 | AE9: 4
A10: 1000184670 | B10: 01 - CANAL VENDA INTERNA | C10: 1000186197 | D10: 02 - INTERNA - CANAL VERDE | E10: 1000198600 | F10: 03 - NACIONAL | G10: 1000198601 | H10: 04 - NACIONAL | I10: 1000190613 | J10: 06 - INTERNA - MAIS NATURAL | K10: =_xlfn.CONCAT(A10,C10,G10,I10) -> 1000184670100018619710001986011000190613 | L10: =ROUND(SUMIFS(Leads!K:K,Leads!$I:$I,Positivação!$I10,Leads!$G:$G,Positivação!$G10)*_xlfn.XLOOKUP($AB10,'Balizador da Meta'!$F$4:$F$9,'Balizador da Meta'!G$4:G$9),0) -> 0 | M10: =ROUND(SUMIFS(Leads!L:L,Leads!$I:$I,Positivação!$I10,Leads!$G:$G,Positivação!$G10)*_xlfn.XLOOKUP($AB10,'Balizador da Meta'!$F$4:$F$9,'Balizador da Meta'!H$4:H$9),0) -> 1 | N10: =ROUND(SUMIFS(Leads!M:M,Leads!$I:$I,Positivação!$I10,Leads!$G:$G,Positivação!$G10)*_xlfn.XLOOKUP($AB10,'Balizador da Meta'!$F$4:$F$9,'Balizador da Meta'!I$4:I$9),0) -> 1 | O10: =ROUND(SUMIFS(Leads!N:N,Leads!$I:$I,Positivação!$I10,Leads!$G:$G,Positivação!$G10)*_xlfn.XLOOKUP($AB10,'Balizador da Meta'!$F$4:$F$9,'Balizador da Meta'!J$4:J$9),0) -> 1 | P10: =ROUND(SUMIFS(Leads!O:O,Leads!$I:$I,Positivação!$I10,Leads!$G:$G,Positivação!$G10)*_xlfn.XLOOKUP($AB10,'Balizador da Meta'!$F$4:$F$9,'Balizador da Meta'!K$4:K$9),0) -> 2 | Q10: =ROUND(SUMIFS(Leads!P:P,Leads!$I:$I,Positivação!$I10,Leads!$G:$G,Positivação!$G10)*_xlfn.XLOOKUP($AB10,'Balizador da Meta'!$F$4:$F$9,'Balizador da Meta'!L$4:L$9),0) -> 2 | R10: =ROUND(SUMIFS(Leads!Q:Q,Leads!$I:$I,Positivação!$I10,Leads!$G:$G,Positivação!$G10)*_xlfn.XLOOKUP($AB10,'Balizador da Meta'!$F$4:$F$9,'Balizador da Meta'!M$4:M$9),0) -> 2 | S10: =ROUND(SUMIFS(Leads!R:R,Leads!$I:$I,Positivação!$I10,Leads!$G:$G,Positivação!$G10)*_xlfn.XLOOKUP($AB10,'Balizador da Meta'!$F$4:$F$9,'Balizador da Meta'!N$4:N$9),0) -> 2 | T10: =ROUND(SUMIFS(Leads!S:S,Leads!$I:$I,Positivação!$I10,Leads!$G:$G,Positivação!$G10)*_xlfn.XLOOKUP($AB10,'Balizador da Meta'!$F$4:$F$9,'Balizador da Meta'!O$4:O$9),0) -> 2 | U10: =ROUND(SUMIFS(Leads!T:T,Leads!$I:$I,Positivação!$I10,Leads!$G:$G,Positivação!$G10)*_xlfn.XLOOKUP($AB10,'Balizador da Meta'!$F$4:$F$9,'Balizador da Meta'!P$4:P$9),0) -> 2 | V10: =ROUND(SUMIFS(Leads!U:U,Leads!$I:$I,Positivação!$I10,Leads!$G:$G,Positivação!$G10)*_xlfn.XLOOKUP($AB10,'Balizador da Meta'!$F$4:$F$9,'Balizador da Meta'!Q$4:Q$9),0) -> 2 | W10: =ROUND(SUMIFS(Leads!V:V,Leads!$I:$I,Positivação!$I10,Leads!$G:$G,Positivação!$G10)*_xlfn.XLOOKUP($AB10,'Balizador da Meta'!$F$4:$F$9,'Balizador da Meta'!R$4:R$9),0) -> 2 | Y10: =IFERROR(SUMIFS('Historico - FAT'!AO:AO,'Historico - FAT'!I:I,Positivação!I10,'Historico - FAT'!G:G,Positivação!G10)/SUM(L10:T10),0) -> 558.55231 | Z10: 1500 | AB10: EM CRESCIMENTO | AD10: 1 | AE10: 5
A11: 1000184670 | B11: 01 - CANAL VENDA INTERNA | C11: 1000186197 | D11: 02 - INTERNA - CANAL VERDE | E11: 1000198600 | F11: 03 - NACIONAL | G11: 1000198601 | H11: 04 - NACIONAL | I11: 1000189760 | J11: 06 - INTERNA - MUNDO VERDE | K11: =_xlfn.CONCAT(A11,C11,G11,I11) -> 1000184670100018619710001986011000189760 | L11: =ROUND(SUMIFS(Leads!K:K,Leads!$I:$I,Positivação!$I11,Leads!$G:$G,Positivação!$G11)*_xlfn.XLOOKUP($AB11,'Balizador da Meta'!$F$4:$F$9,'Balizador da Meta'!G$4:G$9),0) -> 2 | M11: =ROUND(SUMIFS(Leads!L:L,Leads!$I:$I,Positivação!$I11,Leads!$G:$G,Positivação!$G11)*_xlfn.XLOOKUP($AB11,'Balizador da Meta'!$F$4:$F$9,'Balizador da Meta'!H$4:H$9),0) -> 2 | N11: =ROUND(SUMIFS(Leads!M:M,Leads!$I:$I,Positivação!$I11,Leads!$G:$G,Positivação!$G11)*_xlfn.XLOOKUP($AB11,'Balizador da Meta'!$F$4:$F$9,'Balizador da Meta'!I$4:I$9),0) -> 2 | O11: =ROUND(SUMIFS(Leads!N:N,Leads!$I:$I,Positivação!$I11,Leads!$G:$G,Positivação!$G11)*_xlfn.XLOOKUP($AB11,'Balizador da Meta'!$F$4:$F$9,'Balizador da Meta'!J$4:J$9),0) -> 2 | P11: =ROUND(SUMIFS(Leads!O:O,Leads!$I:$I,Positivação!$I11,Leads!$G:$G,Positivação!$G11)*_xlfn.XLOOKUP($AB11,'Balizador da Meta'!$F$4:$F$9,'Balizador da Meta'!K$4:K$9),0) -> 3 | Q11: =ROUND(SUMIFS(Leads!P:P,Leads!$I:$I,Positivação!$I11,Leads!$G:$G,Positivação!$G11)*_xlfn.XLOOKUP($AB11,'Balizador da Meta'!$F$4:$F$9,'Balizador da Meta'!L$4:L$9),0) -> 3 | R11: =ROUND(SUMIFS(Leads!Q:Q,Leads!$I:$I,Positivação!$I11,Leads!$G:$G,Positivação!$G11)*_xlfn.XLOOKUP($AB11,'Balizador da Meta'!$F$4:$F$9,'Balizador da Meta'!M$4:M$9),0) -> 3 | S11: =ROUND(SUMIFS(Leads!R:R,Leads!$I:$I,Positivação!$I11,Leads!$G:$G,Positivação!$G11)*_xlfn.XLOOKUP($AB11,'Balizador da Meta'!$F$4:$F$9,'Balizador da Meta'!N$4:N$9),0) -> 4 | T11: =ROUND(SUMIFS(Leads!S:S,Leads!$I:$I,Positivação!$I11,Leads!$G:$G,Positivação!$G11)*_xlfn.XLOOKUP($AB11,'Balizador da Meta'!$F$4:$F$9,'Balizador da Meta'!O$4:O$9),0) -> 4 | U11: =ROUND(SUMIFS(Leads!T:T,Leads!$I:$I,Positivação!$I11,Leads!$G:$G,Positivação!$G11)*_xlfn.XLOOKUP($AB11,'Balizador da Meta'!$F$4:$F$9,'Balizador da Meta'!P$4:P$9),0) -> 4 | V11: =ROUND(SUMIFS(Leads!U:U,Leads!$I:$I,Positivação!$I11,Leads!$G:$G,Positivação!$G11)*_xlfn.XLOOKUP($AB11,'Balizador da Meta'!$F$4:$F$9,'Balizador da Meta'!Q$4:Q$9),0) -> 5 | W11: =ROUND(SUMIFS(Leads!V:V,Leads!$I:$I,Positivação!$I11,Leads!$G:$G,Positivação!$G11)*_xlfn.XLOOKUP($AB11,'Balizador da Meta'!$F$4:$F$9,'Balizador da Meta'!R$4:R$9),0) -> 5 | Y11: =IFERROR(SUMIFS('Historico - FAT'!AO:AO,'Historico - FAT'!I:I,Positivação!I11,'Historico - FAT'!G:G,Positivação!G11)/SUM(L11:T11),0) -> 117.706 | Z11: 1500 | AB11: EM CRESCIMENTO | AD11: 5 | AE11: 171
A12: 1000184670 | B12: 01 - CANAL VENDA INTERNA | C12: 1000186197 | D12: 02 - INTERNA - CANAL VERDE | E12: 1000198600 | F12: 03 - NACIONAL | G12: 1000198601 | H12: 04 - NACIONAL | I12: 1000189761 | J12: 06 - INTERNA - NATURVIDA | K12: =_xlfn.CONCAT(A12,C12,G12,I12) -> 1000184670100018619710001986011000189761 | L12: =ROUND(SUMIFS(Leads!K:K,Leads!$I:$I,Positivação!$I12,Leads!$G:$G,Positivação!$G12)*_xlfn.XLOOKUP($AB12,'Balizador da Meta'!$F$4:$F$9,'Balizador da Meta'!G$4:G$9),0) -> 2 | M12: =ROUND(SUMIFS(Leads!L:L,Leads!$I:$I,Positivação!$I12,Leads!$G:$G,Positivação!$G12)*_xlfn.XLOOKUP($AB12,'Balizador da Meta'!$F$4:$F$9,'Balizador da Meta'!H$4:H$9),0) -> 2 | N12: =ROUND(SUMIFS(Leads!M:M,Leads!$I:$I,Positivação!$I12,Leads!$G:$G,Positivação!$G12)*_xlfn.XLOOKUP($AB12,'Balizador da Meta'!$F$4:$F$9,'Balizador da Meta'!I$4:I$9),0) -> 2 | O12: =ROUND(SUMIFS(Leads!N:N,Leads!$I:$I,Positivação!$I12,Leads!$G:$G,Positivação!$G12)*_xlfn.XLOOKUP($AB12,'Balizador da Meta'!$F$4:$F$9,'Balizador da Meta'!J$4:J$9),0) -> 2 | P12: =ROUND(SUMIFS(Leads!O:O,Leads!$I:$I,Positivação!$I12,Leads!$G:$G,Positivação!$G12)*_xlfn.XLOOKUP($AB12,'Balizador da Meta'!$F$4:$F$9,'Balizador da Meta'!K$4:K$9),0) -> 2 | Q12: =ROUND(SUMIFS(Leads!P:P,Leads!$I:$I,Positivação!$I12,Leads!$G:$G,Positivação!$G12)*_xlfn.XLOOKUP($AB12,'Balizador da Meta'!$F$4:$F$9,'Balizador da Meta'!L$4:L$9),0) -> 2 | R12: =ROUND(SUMIFS(Leads!Q:Q,Leads!$I:$I,Positivação!$I12,Leads!$G:$G,Positivação!$G12)*_xlfn.XLOOKUP($AB12,'Balizador da Meta'!$F$4:$F$9,'Balizador da Meta'!M$4:M$9),0) -> 2 | S12: =ROUND(SUMIFS(Leads!R:R,Leads!$I:$I,Positivação!$I12,Leads!$G:$G,Positivação!$G12)*_xlfn.XLOOKUP($AB12,'Balizador da Meta'!$F$4:$F$9,'Balizador da Meta'!N$4:N$9),0) -> 2 | T12: =ROUND(SUMIFS(Leads!S:S,Leads!$I:$I,Positivação!$I12,Leads!$G:$G,Positivação!$G12)*_xlfn.XLOOKUP($AB12,'Balizador da Meta'!$F$4:$F$9,'Balizador da Meta'!O$4:O$9),0) -> 2 | U12: =ROUND(SUMIFS(Leads!T:T,Leads!$I:$I,Positivação!$I12,Leads!$G:$G,Positivação!$G12)*_xlfn.XLOOKUP($AB12,'Balizador da Meta'!$F$4:$F$9,'Balizador da Meta'!P$4:P$9),0) -> 2 | V12: =ROUND(SUMIFS(Leads!U:U,Leads!$I:$I,Positivação!$I12,Leads!$G:$G,Positivação!$G12)*_xlfn.XLOOKUP($AB12,'Balizador da Meta'!$F$4:$F$9,'Balizador da Meta'!Q$4:Q$9),0) -> 2 | W12: =ROUND(SUMIFS(Leads!V:V,Leads!$I:$I,Positivação!$I12,Leads!$G:$G,Positivação!$G12)*_xlfn.XLOOKUP($AB12,'Balizador da Meta'!$F$4:$F$9,'Balizador da Meta'!R$4:R$9),0) -> 2 | Y12: =IFERROR(SUMIFS('Historico - FAT'!AO:AO,'Historico - FAT'!I:I,Positivação!I12,'Historico - FAT'!G:G,Positivação!G12)/SUM(L12:T12),0) -> 1353.4294 | Z12: 1500 | AB12: MADURO | AD12: 3 | AE12: 3
A13: 1000184670 | B13: 01 - CANAL VENDA INTERNA | C13: 1000186197 | D13: 02 - INTERNA - CANAL VERDE | E13: 1000198600 | F13: 03 - NACIONAL | G13: 1000198601 | H13: 04 - NACIONAL | I13: 1000190614 | J13: 06 - INTERNA - TUDO EM GRAOS / VGA | K13: =_xlfn.CONCAT(A13,C13,G13,I13) -> 1000184670100018619710001986011000190614 | L13: =ROUND(SUMIFS(Leads!K:K,Leads!$I:$I,Positivação!$I13,Leads!$G:$G,Positivação!$G13)*_xlfn.XLOOKUP($AB13,'Balizador da Meta'!$F$4:$F$9,'Balizador da Meta'!G$4:G$9),0) -> 3 | M13: =ROUND(SUMIFS(Leads!L:L,Leads!$I:$I,Positivação!$I13,Leads!$G:$G,Positivação!$G13)*_xlfn.XLOOKUP($AB13,'Balizador da Meta'!$F$4:$F$9,'Balizador da Meta'!H$4:H$9),0) -> 3 | N13: =ROUND(SUMIFS(Leads!M:M,Leads!$I:$I,Positivação!$I13,Leads!$G:$G,Positivação!$G13)*_xlfn.XLOOKUP($AB13,'Balizador da Meta'!$F$4:$F$9,'Balizador da Meta'!I$4:I$9),0) -> 3 | O13: =ROUND(SUMIFS(Leads!N:N,Leads!$I:$I,Positivação!$I13,Leads!$G:$G,Positivação!$G13)*_xlfn.XLOOKUP($AB13,'Balizador da Meta'!$F$4:$F$9,'Balizador da Meta'!J$4:J$9),0) -> 4 | P13: =ROUND(SUMIFS(Leads!O:O,Leads!$I:$I,Positivação!$I13,Leads!$G:$G,Positivação!$G13)*_xlfn.XLOOKUP($AB13,'Balizador da Meta'!$F$4:$F$9,'Balizador da Meta'!K$4:K$9),0) -> 4 | Q13: =ROUND(SUMIFS(Leads!P:P,Leads!$I:$I,Positivação!$I13,Leads!$G:$G,Positivação!$G13)*_xlfn.XLOOKUP($AB13,'Balizador da Meta'!$F$4:$F$9,'Balizador da Meta'!L$4:L$9),0) -> 4 | R13: =ROUND(SUMIFS(Leads!Q:Q,Leads!$I:$I,Positivação!$I13,Leads!$G:$G,Positivação!$G13)*_xlfn.XLOOKUP($AB13,'Balizador da Meta'!$F$4:$F$9,'Balizador da Meta'!M$4:M$9),0) -> 5 | S13: =ROUND(SUMIFS(Leads!R:R,Leads!$I:$I,Positivação!$I13,Leads!$G:$G,Positivação!$G13)*_xlfn.XLOOKUP($AB13,'Balizador da Meta'!$F$4:$F$9,'Balizador da Meta'!N$4:N$9),0) -> 5 | T13: =ROUND(SUMIFS(Leads!S:S,Leads!$I:$I,Positivação!$I13,Leads!$G:$G,Positivação!$G13)*_xlfn.XLOOKUP($AB13,'Balizador da Meta'!$F$4:$F$9,'Balizador da Meta'!O$4:O$9),0) -> 5 | U13: =ROUND(SUMIFS(Leads!T:T,Leads!$I:$I,Positivação!$I13,Leads!$G:$G,Positivação!$G13)*_xlfn.XLOOKUP($AB13,'Balizador da Meta'!$F$4:$F$9,'Balizador da Meta'!P$4:P$9),0) -> 5 | V13: =ROUND(SUMIFS(Leads!U:U,Leads!$I:$I,Positivação!$I13,Leads!$G:$G,Positivação!$G13)*_xlfn.XLOOKUP($AB13,'Balizador da Meta'!$F$4:$F$9,'Balizador da Meta'!Q$4:Q$9),0) -> 6 | W13: =ROUND(SUMIFS(Leads!V:V,Leads!$I:$I,Positivação!$I13,Leads!$G:$G,Positivação!$G13)*_xlfn.XLOOKUP($AB13,'Balizador da Meta'!$F$4:$F$9,'Balizador da Meta'!R$4:R$9),0) -> 6 | Y13: =IFERROR(SUMIFS('Historico - FAT'!AO:AO,'Historico - FAT'!I:I,Positivação!I13,'Historico - FAT'!G:G,Positivação!G13)/SUM(L13:T13),0) -> 126.64444 | Z13: 1500 | AB13: EM CRESCIMENTO | AD13: 9 | AE13: 27
A14: 1000184670 | B14: 01 - CANAL VENDA INTERNA | C14: 1000186197 | D14: 02 - INTERNA - CANAL VERDE | E14: 1000198600 | F14: 03 - NACIONAL | G14: 1000198601 | H14: 04 - NACIONAL | I14: 1000190600 | J14: 06 - INTERNA - VIDA LEVE | K14: =_xlfn.CONCAT(A14,C14,G14,I14) -> 1000184670100018619710001986011000190600 | L14: =ROUND(SUMIFS(Leads!K:K,Leads!$I:$I,Positivação!$I14,Leads!$G:$G,Positivação!$G14)*_xlfn.XLOOKUP($AB14,'Balizador da Meta'!$F$4:$F$9,'Balizador da Meta'!G$4:G$9),0) -> 16 | M14: =ROUND(SUMIFS(Leads!L:L,Leads!$I:$I,Positivação!$I14,Leads!$G:$G,Positivação!$G14)*_xlfn.XLOOKUP($AB14,'Balizador da Meta'!$F$4:$F$9,'Balizador da Meta'!H$4:H$9),0) -> 16 | N14: =ROUND(SUMIFS(Leads!M:M,Leads!$I:$I,Positivação!$I14,Leads!$G:$G,Positivação!$G14)*_xlfn.XLOOKUP($AB14,'Balizador da Meta'!$F$4:$F$9,'Balizador da Meta'!I$4:I$9),0) -> 17 | O14: =ROUND(SUMIFS(Leads!N:N,Leads!$I:$I,Positivação!$I14,Leads!$G:$G,Positivação!$G14)*_xlfn.XLOOKUP($AB14,'Balizador da Meta'!$F$4:$F$9,'Balizador da Meta'!J$4:J$9),0) -> 17 | P14: =ROUND(SUMIFS(Leads!O:O,Leads!$I:$I,Positivação!$I14,Leads!$G:$G,Positivação!$G14)*_xlfn.XLOOKUP($AB14,'Balizador da Meta'!$F$4:$F$9,'Balizador da Meta'!K$4:K$9),0) -> 18 | Q14: =ROUND(SUMIFS(Leads!P:P,Leads!$I:$I,Positivação!$I14,Leads!$G:$G,Positivação!$G14)*_xlfn.XLOOKUP($AB14,'Balizador da Meta'!$F$4:$F$9,'Balizador da Meta'!L$4:L$9),0) -> 19 | R14: =ROUND(SUMIFS(Leads!Q:Q,Leads!$I:$I,Positivação!$I14,Leads!$G:$G,Positivação!$G14)*_xlfn.XLOOKUP($AB14,'Balizador da Meta'!$F$4:$F$9,'Balizador da Meta'!M$4:M$9),0) -> 20 | S14: =ROUND(SUMIFS(Leads!R:R,Leads!$I:$I,Positivação!$I14,Leads!$G:$G,Positivação!$G14)*_xlfn.XLOOKUP($AB14,'Balizador da Meta'!$F$4:$F$9,'Balizador da Meta'!N$4:N$9),0) -> 21 | T14: =ROUND(SUMIFS(Leads!S:S,Leads!$I:$I,Positivação!$I14,Leads!$G:$G,Positivação!$G14)*_xlfn.XLOOKUP($AB14,'Balizador da Meta'!$F$4:$F$9,'Balizador da Meta'!O$4:O$9),0) -> 22 | U14: =ROUND(SUMIFS(Leads!T:T,Leads!$I:$I,Positivação!$I14,Leads!$G:$G,Positivação!$G14)*_xlfn.XLOOKUP($AB14,'Balizador da Meta'!$F$4:$F$9,'Balizador da Meta'!P$4:P$9),0) -> 23 | V14: =ROUND(SUMIFS(Leads!U:U,Leads!$I:$I,Positivação!$I14,Leads!$G:$G,Positivação!$G14)*_xlfn.XLOOKUP($AB14,'Balizador da Meta'!$F$4:$F$9,'Balizador da Meta'!Q$4:Q$9),0) -> 24 | W14: =ROUND(SUMIFS(Leads!V:V,Leads!$I:$I,Positivação!$I14,Leads!$G:$G,Positivação!$G14)*_xlfn.XLOOKUP($AB14,'Balizador da Meta'!$F$4:$F$9,'Balizador da Meta'!R$4:R$9),0) -> 25 | Y14: =IFERROR(SUMIFS('Historico - FAT'!AO:AO,'Historico - FAT'!I:I,Positivação!I14,'Historico - FAT'!G:G,Positivação!G14)/SUM(L14:T14),0) -> 161.08343 | Z14: 1500 | AB14: MADURO | AD14: 31 | AE14: 77
A15: 1000184670 | B15: 01 - CANAL VENDA INTERNA | C15: 1000186197 | D15: 02 - INTERNA - CANAL VERDE | E15: 1000185288 | F15: 03 - SUL | G15: 1000189807 | H15: 04 - SC LITORAL | I15: 1000189749 | J15: 06 - INTERNA - ARMAZEM FIT STORE | K15: =_xlfn.CONCAT(A15,C15,G15,I15) -> 1000184670100018619710001898071000189749 | L15: =ROUND(SUMIFS(Leads!K:K,Leads!$I:$I,Positivação!$I15,Leads!$G:$G,Positivação!$G15)*_xlfn.XLOOKUP($AB15,'Balizador da Meta'!$F$4:$F$9,'Balizador da Meta'!G$4:G$9),0) -> 2 | M15: =ROUND(SUMIFS(Leads!L:L,Leads!$I:$I,Positivação!$I15,Leads!$G:$G,Positivação!$G15)*_xlfn.XLOOKUP($AB15,'Balizador da Meta'!$F$4:$F$9,'Balizador da Meta'!H$4:H$9),0) -> 2 | N15: =ROUND(SUMIFS(Leads!M:M,Leads!$I:$I,Positivação!$I15,Leads!$G:$G,Positivação!$G15)*_xlfn.XLOOKUP($AB15,'Balizador da Meta'!$F$4:$F$9,'Balizador da Meta'!I$4:I$9),0) -> 2 | O15: =ROUND(SUMIFS(Leads!N:N,Leads!$I:$I,Positivação!$I15,Leads!$G:$G,Positivação!$G15)*_xlfn.XLOOKUP($AB15,'Balizador da Meta'!$F$4:$F$9,'Balizador da Meta'!J$4:J$9),0) -> 2 | P15: =ROUND(SUMIFS(Leads!O:O,Leads!$I:$I,Positivação!$I15,Leads!$G:$G,Positivação!$G15)*_xlfn.XLOOKUP($AB15,'Balizador da Meta'!$F$4:$F$9,'Balizador da Meta'!K$4:K$9),0) -> 2 | Q15: =ROUND(SUMIFS(Leads!P:P,Leads!$I:$I,Positivação!$I15,Leads!$G:$G,Positivação!$G15)*_xlfn.XLOOKUP($AB15,'Balizador da Meta'!$F$4:$F$9,'Balizador da Meta'!L$4:L$9),0) -> 2 | R15: =ROUND(SUMIFS(Leads!Q:Q,Leads!$I:$I,Positivação!$I15,Leads!$G:$G,Positivação!$G15)*_xlfn.XLOOKUP($AB15,'Balizador da Meta'!$F$4:$F$9,'Balizador da Meta'!M$4:M$9),0) -> 2 | S15: =ROUND(SUMIFS(Leads!R:R,Leads!$I:$I,Positivação!$I15,Leads!$G:$G,Positivação!$G15)*_xlfn.XLOOKUP($AB15,'Balizador da Meta'!$F$4:$F$9,'Balizador da Meta'!N$4:N$9),0) -> 2 | T15: =ROUND(SUMIFS(Leads!S:S,Leads!$I:$I,Positivação!$I15,Leads!$G:$G,Positivação!$G15)*_xlfn.XLOOKUP($AB15,'Balizador da Meta'!$F$4:$F$9,'Balizador da Meta'!O$4:O$9),0) -> 2 | U15: =ROUND(SUMIFS(Leads!T:T,Leads!$I:$I,Positivação!$I15,Leads!$G:$G,Positivação!$G15)*_xlfn.XLOOKUP($AB15,'Balizador da Meta'!$F$4:$F$9,'Balizador da Meta'!P$4:P$9),0) -> 2 | V15: =ROUND(SUMIFS(Leads!U:U,Leads!$I:$I,Positivação!$I15,Leads!$G:$G,Positivação!$G15)*_xlfn.XLOOKUP($AB15,'Balizador da Meta'!$F$4:$F$9,'Balizador da Meta'!Q$4:Q$9),0) -> 2 | W15: =ROUND(SUMIFS(Leads!V:V,Leads!$I:$I,Positivação!$I15,Leads!$G:$G,Positivação!$G15)*_xlfn.XLOOKUP($AB15,'Balizador da Meta'!$F$4:$F$9,'Balizador da Meta'!R$4:R$9),0) -> 2 | Y15: =IFERROR(SUMIFS('Historico - FAT'!AO:AO,'Historico - FAT'!I:I,Positivação!I15,'Historico - FAT'!G:G,Positivação!G15)/SUM(L15:T15),0) -> 0 | Z15: 1500 | AB15: EM CRESCIMENTO | AD15: 5 | AE15: 0
... A22: 1000184670 | B22: 01 - CANAL VENDA INTERNA | C22: 1000186197 | D22: 02 - INTERNA - CANAL VERDE | E22: 1000184758 | F22: 03 - NORTE + MA | G22: 1000189786 | H22: 04 - PA INTERIOR | I22: 1000195872 | J22: 06 - INTERNA - PROSAUDE | K22: =_xlfn.CONCAT(A22,C22,G22,I22) -> 1000184670100018619710001897861000195872 | L22: =ROUND(SUMIFS(Leads!K:K,Leads!$I:$I,Positivação!$I22,Leads!$G:$G,Positivação!$G22)*_xlfn.XLOOKUP($AB22,'Balizador da Meta'!$F$4:$F$9,'Balizador da Meta'!G$4:G$9),0) -> 0 | M22: =ROUND(SUMIFS(Leads!L:L,Leads!$I:$I,Positivação!$I22,Leads!$G:$G,Positivação!$G22)*_xlfn.XLOOKUP($AB22,'Balizador da Meta'!$F$4:$F$9,'Balizador da Meta'!H$4:H$9),0) -> 0 | N22: =ROUND(SUMIFS(Leads!M:M,Leads!$I:$I,Positivação!$I22,Leads!$G:$G,Positivação!$G22)*_xlfn.XLOOKUP($AB22,'Balizador da Meta'!$F$4:$F$9,'Balizador da Meta'!I$4:I$9),0) -> 0 | O22: =ROUND(SUMIFS(Leads!N:N,Leads!$I:$I,Positivação!$I22,Leads!$G:$G,Positivação!$G22)*_xlfn.XLOOKUP($AB22,'Balizador da Meta'!$F$4:$F$9,'Balizador da Meta'!J$4:J$9),0) -> 0 | P22: =ROUND(SUMIFS(Leads!O:O,Leads!$I:$I,Positivação!$I22,Leads!$G:$G,Positivação!$G22)*_xlfn.XLOOKUP($AB22,'Balizador da Meta'!$F$4:$F$9,'Balizador da Meta'!K$4:K$9),0) -> 0 | Q22: =ROUND(SUMIFS(Leads!P:P,Leads!$I:$I,Positivação!$I22,Leads!$G:$G,Positivação!$G22)*_xlfn.XLOOKUP($AB22,'Balizador da Meta'!$F$4:$F$9,'Balizador da Meta'!L$4:L$9),0) -> 0 | R22: =ROUND(SUMIFS(Leads!Q:Q,Leads!$I:$I,Positivação!$I22,Leads!$G:$G,Positivação!$G22)*_xlfn.XLOOKUP($AB22,'Balizador da Meta'!$F$4:$F$9,'Balizador da Meta'!M$4:M$9),0) -> 0 | S22: =ROUND(SUMIFS(Leads!R:R,Leads!$I:$I,Positivação!$I22,Leads!$G:$G,Positivação!$G22)*_xlfn.XLOOKUP($AB22,'Balizador da Meta'!$F$4:$F$9,'Balizador da Meta'!N$4:N$9),0) -> 0 | T22: =ROUND(SUMIFS(Leads!S:S,Leads!$I:$I,Positivação!$I22,Leads!$G:$G,Positivação!$G22)*_xlfn.XLOOKUP($AB22,'Balizador da Meta'!$F$4:$F$9,'Balizador da Meta'!O$4:O$9),0) -> 0 | U22: =ROUND(SUMIFS(Leads!T:T,Leads!$I:$I,Positivação!$I22,Leads!$G:$G,Positivação!$G22)*_xlfn.XLOOKUP($AB22,'Balizador da Meta'!$F$4:$F$9,'Balizador da Meta'!P$4:P$9),0) -> 0 | V22: =ROUND(SUMIFS(Leads!U:U,Leads!$I:$I,Positivação!$I22,Leads!$G:$G,Positivação!$G22)*_xlfn.XLOOKUP($AB22,'Balizador da Meta'!$F$4:$F$9,'Balizador da Meta'!Q$4:Q$9),0) -> 0 | W22: =ROUND(SUMIFS(Leads!V:V,Leads!$I:$I,Positivação!$I22,Leads!$G:$G,Positivação!$G22)*_xlfn.XLOOKUP($AB22,'Balizador da Meta'!$F$4:$F$9,'Balizador da Meta'!R$4:R$9),0) -> 0 | Y22: =IFERROR(SUMIFS('Historico - FAT'!AO:AO,'Historico - FAT'!I:I,Positivação!I22,'Historico - FAT'!G:G,Positivação!G22)/SUM(L22:T22),0) -> 0 | Z22: 1500 | AB22: EM CRESCIMENTO | AD22: 1 | AE22: 1
A23: 1000184670 | B23: 01 - CANAL VENDA INTERNA | E23: 1000184756 | F23: 03 - CENTRO OESTE | G23: 1000189773 | H23: 04 - DF GERAL | I23: 1000189270 | J23: 06 - SEM GRUPO | K23: =_xlfn.CONCAT(A23,C23,G23,I23) -> 100018467010001897731000189270 | L23: =ROUND(SUMIFS(Leads!K:K,Leads!$I:$I,Positivação!$I23,Leads!$G:$G,Positivação!$G23)*_xlfn.XLOOKUP($AB23,'Balizador da Meta'!$F$4:$F$9,'Balizador da Meta'!G$4:G$9),0) -> 2 | M23: =ROUND(SUMIFS(Leads!L:L,Leads!$I:$I,Positivação!$I23,Leads!$G:$G,Positivação!$G23)*_xlfn.XLOOKUP($AB23,'Balizador da Meta'!$F$4:$F$9,'Balizador da Meta'!H$4:H$9),0) -> 2 | N23: =ROUND(SUMIFS(Leads!M:M,Leads!$I:$I,Positivação!$I23,Leads!$G:$G,Positivação!$G23)*_xlfn.XLOOKUP($AB23,'Balizador da Meta'!$F$4:$F$9,'Balizador da Meta'!I$4:I$9),0) -> 2 | O23: =ROUND(SUMIFS(Leads!N:N,Leads!$I:$I,Positivação!$I23,Leads!$G:$G,Positivação!$G23)*_xlfn.XLOOKUP($AB23,'Balizador da Meta'!$F$4:$F$9,'Balizador da Meta'!J$4:J$9),0) -> 2 | P23: =ROUND(SUMIFS(Leads!O:O,Leads!$I:$I,Positivação!$I23,Leads!$G:$G,Positivação!$G23)*_xlfn.XLOOKUP($AB23,'Balizador da Meta'!$F$4:$F$9,'Balizador da Meta'!K$4:K$9),0) -> 2 | Q23: =ROUND(SUMIFS(Leads!P:P,Leads!$I:$I,Positivação!$I23,Leads!$G:$G,Positivação!$G23)*_xlfn.XLOOKUP($AB23,'Balizador da Meta'!$F$4:$F$9,'Balizador da Meta'!L$4:L$9),0) -> 2 | R23: =ROUND(SUMIFS(Leads!Q:Q,Leads!$I:$I,Positivação!$I23,Leads!$G:$G,Positivação!$G23)*_xlfn.XLOOKUP($AB23,'Balizador da Meta'!$F$4:$F$9,'Balizador da Meta'!M$4:M$9),0) -> 2 | S23: =ROUND(SUMIFS(Leads!R:R,Leads!$I:$I,Positivação!$I23,Leads!$G:$G,Positivação!$G23)*_xlfn.XLOOKUP($AB23,'Balizador da Meta'!$F$4:$F$9,'Balizador da Meta'!N$4:N$9),0) -> 2 | T23: =ROUND(SUMIFS(Leads!S:S,Leads!$I:$I,Positivação!$I23,Leads!$G:$G,Positivação!$G23)*_xlfn.XLOOKUP($AB23,'Balizador da Meta'!$F$4:$F$9,'Balizador da Meta'!O$4:O$9),0) -> 2 | U23: =ROUND(SUMIFS(Leads!T:T,Leads!$I:$I,Positivação!$I23,Leads!$G:$G,Positivação!$G23)*_xlfn.XLOOKUP($AB23,'Balizador da Meta'!$F$4:$F$9,'Balizador da Meta'!P$4:P$9),0) -> 2 | V23: =ROUND(SUMIFS(Leads!U:U,Leads!$I:$I,Positivação!$I23,Leads!$G:$G,Positivação!$G23)*_xlfn.XLOOKUP($AB23,'Balizador da Meta'!$F$4:$F$9,'Balizador da Meta'!Q$4:Q$9),0) -> 2 | W23: =ROUND(SUMIFS(Leads!V:V,Leads!$I:$I,Positivação!$I23,Leads!$G:$G,Positivação!$G23)*_xlfn.XLOOKUP($AB23,'Balizador da Meta'!$F$4:$F$9,'Balizador da Meta'!R$4:R$9),0) -> 2 | Y23: =IFERROR(SUMIFS('Historico - FAT'!AO:AO,'Historico - FAT'!I:I,Positivação!I23,'Historico - FAT'!G:G,Positivação!G23)/SUM(L23:T23),0) -> 762.92833 | Z23: 600 | AB23: SEM GRUPO | AD23: 12
A24: 1000184670 | B24: 01 - CANAL VENDA INTERNA | E24: 1000184756 | F24: 03 - CENTRO OESTE | G24: 1000189775 | H24: 04 - GO GERAL | I24: 1000189270 | J24: 06 - SEM GRUPO | K24: =_xlfn.CONCAT(A24,C24,G24,I24) -> 100018467010001897751000189270 | L24: =ROUND(SUMIFS(Leads!K:K,Leads!$I:$I,Positivação!$I24,Leads!$G:$G,Positivação!$G24)*_xlfn.XLOOKUP($AB24,'Balizador da Meta'!$F$4:$F$9,'Balizador da Meta'!G$4:G$9),0) -> 11 | M24: =ROUND(SUMIFS(Leads!L:L,Leads!$I:$I,Positivação!$I24,Leads!$G:$G,Positivação!$G24)*_xlfn.XLOOKUP($AB24,'Balizador da Meta'!$F$4:$F$9,'Balizador da Meta'!H$4:H$9),0) -> 11 | N24: =ROUND(SUMIFS(Leads!M:M,Leads!$I:$I,Positivação!$I24,Leads!$G:$G,Positivação!$G24)*_xlfn.XLOOKUP($AB24,'Balizador da Meta'!$F$4:$F$9,'Balizador da Meta'!I$4:I$9),0) -> 11 | O24: =ROUND(SUMIFS(Leads!N:N,Leads!$I:$I,Positivação!$I24,Leads!$G:$G,Positivação!$G24)*_xlfn.XLOOKUP($AB24,'Balizador da Meta'!$F$4:$F$9,'Balizador da Meta'!J$4:J$9),0) -> 11 | P24: =ROUND(SUMIFS(Leads!O:O,Leads!$I:$I,Positivação!$I24,Leads!$G:$G,Positivação!$G24)*_xlfn.XLOOKUP($AB24,'Balizador da Meta'!$F$4:$F$9,'Balizador da Meta'!K$4:K$9),0) -> 11 | Q24: =ROUND(SUMIFS(Leads!P:P,Leads!$I:$I,Positivação!$I24,Leads!$G:$G,Positivação!$G24)*_xlfn.XLOOKUP($AB24,'Balizador da Meta'!$F$4:$F$9,'Balizador da Meta'!L$4:L$9),0) -> 11 | R24: =ROUND(SUMIFS(Leads!Q:Q,Leads!$I:$I,Positivação!$I24,Leads!$G:$G,Positivação!$G24)*_xlfn.XLOOKUP($AB24,'Balizador da Meta'!$F$4:$F$9,'Balizador da Meta'!M$4:M$9),0) -> 11 | S24: =ROUND(SUMIFS(Leads!R:R,Leads!$I:$I,Positivação!$I24,Leads!$G:$G,Positivação!$G24)*_xlfn.XLOOKUP($AB24,'Balizador da Meta'!$F$4:$F$9,'Balizador da Meta'!N$4:N$9),0) -> 11 | T24: =ROUND(SUMIFS(Leads!S:S,Leads!$I:$I,Positivação!$I24,Leads!$G:$G,Positivação!$G24)*_xlfn.XLOOKUP($AB24,'Balizador da Meta'!$F$4:$F$9,'Balizador da Meta'!O$4:O$9),0) -> 11 | U24: =ROUND(SUMIFS(Leads!T:T,Leads!$I:$I,Positivação!$I24,Leads!$G:$G,Positivação!$G24)*_xlfn.XLOOKUP($AB24,'Balizador da Meta'!$F$4:$F$9,'Balizador da Meta'!P$4:P$9),0) -> 11 | V24: =ROUND(SUMIFS(Leads!U:U,Leads!$I:$I,Positivação!$I24,Leads!$G:$G,Positivação!$G24)*_xlfn.XLOOKUP($AB24,'Balizador da Meta'!$F$4:$F$9,'Balizador da Meta'!Q$4:Q$9),0) -> 11 | W24: =ROUND(SUMIFS(Leads!V:V,Leads!$I:$I,Positivação!$I24,Leads!$G:$G,Positivação!$G24)*_xlfn.XLOOKUP($AB24,'Balizador da Meta'!$F$4:$F$9,'Balizador da Meta'!R$4:R$9),0) -> 11 | Y24: =IFERROR(SUMIFS('Historico - FAT'!AO:AO,'Historico - FAT'!I:I,Positivação!I24,'Historico - FAT'!G:G,Positivação!G24)/SUM(L24:T24),0) -> 469.11828 | Z24: 600 | AB24: SEM GRUPO | AD24: 48
A25: 1000184670 | B25: 01 - CANAL VENDA INTERNA | E25: 1000184756 | F25: 03 - CENTRO OESTE | G25: 1000189783 | H25: 04 - MS GERAL | I25: 1000189270 | J25: 06 - SEM GRUPO | K25: =_xlfn.CONCAT(A25,C25,G25,I25) -> 100018467010001897831000189270 | L25: =ROUND(SUMIFS(Leads!K:K,Leads!$I:$I,Positivação!$I25,Leads!$G:$G,Positivação!$G25)*_xlfn.XLOOKUP($AB25,'Balizador da Meta'!$F$4:$F$9,'Balizador da Meta'!G$4:G$9),0) -> 3 | M25: =ROUND(SUMIFS(Leads!L:L,Leads!$I:$I,Positivação!$I25,Leads!$G:$G,Positivação!$G25)*_xlfn.XLOOKUP($AB25,'Balizador da Meta'!$F$4:$F$9,'Balizador da Meta'!H$4:H$9),0) -> 3 | N25: =ROUND(SUMIFS(Leads!M:M,Leads!$I:$I,Positivação!$I25,Leads!$G:$G,Positivação!$G25)*_xlfn.XLOOKUP($AB25,'Balizador da Meta'!$F$4:$F$9,'Balizador da Meta'!I$4:I$9),0) -> 3 | O25: =ROUND(SUMIFS(Leads!N:N,Leads!$I:$I,Positivação!$I25,Leads!$G:$G,Positivação!$G25)*_xlfn.XLOOKUP($AB25,'Balizador da Meta'!$F$4:$F$9,'Balizador da Meta'!J$4:J$9),0) -> 3 | P25: =ROUND(SUMIFS(Leads!O:O,Leads!$I:$I,Positivação!$I25,Leads!$G:$G,Positivação!$G25)*_xlfn.XLOOKUP($AB25,'Balizador da Meta'!$F$4:$F$9,'Balizador da Meta'!K$4:K$9),0) -> 3 | Q25: =ROUND(SUMIFS(Leads!P:P,Leads!$I:$I,Positivação!$I25,Leads!$G:$G,Positivação!$G25)*_xlfn.XLOOKUP($AB25,'Balizador da Meta'!$F$4:$F$9,'Balizador da Meta'!L$4:L$9),0) -> 3 | R25: =ROUND(SUMIFS(Leads!Q:Q,Leads!$I:$I,Positivação!$I25,Leads!$G:$G,Positivação!$G25)*_xlfn.XLOOKUP($AB25,'Balizador da Meta'!$F$4:$F$9,'Balizador da Meta'!M$4:M$9),0) -> 3 | S25: =ROUND(SUMIFS(Leads!R:R,Leads!$I:$I,Positivação!$I25,Leads!$G:$G,Positivação!$G25)*_xlfn.XLOOKUP($AB25,'Balizador da Meta'!$F$4:$F$9,'Balizador da Meta'!N$4:N$9),0) -> 3 | T25: =ROUND(SUMIFS(Leads!S:S,Leads!$I:$I,Positivação!$I25,Leads!$G:$G,Positivação!$G25)*_xlfn.XLOOKUP($AB25,'Balizador da Meta'!$F$4:$F$9,'Balizador da Meta'!O$4:O$9),0) -> 3 | U25: =ROUND(SUMIFS(Leads!T:T,Leads!$I:$I,Positivação!$I25,Leads!$G:$G,Positivação!$G25)*_xlfn.XLOOKUP($AB25,'Balizador da Meta'!$F$4:$F$9,'Balizador da Meta'!P$4:P$9),0) -> 3 | V25: =ROUND(SUMIFS(Leads!U:U,Leads!$I:$I,Positivação!$I25,Leads!$G:$G,Positivação!$G25)*_xlfn.XLOOKUP($AB25,'Balizador da Meta'!$F$4:$F$9,'Balizador da Meta'!Q$4:Q$9),0) -> 3 | W25: =ROUND(SUMIFS(Leads!V:V,Leads!$I:$I,Positivação!$I25,Leads!$G:$G,Positivação!$G25)*_xlfn.XLOOKUP($AB25,'Balizador da Meta'!$F$4:$F$9,'Balizador da Meta'!R$4:R$9),0) -> 3 | Y25: =IFERROR(SUMIFS('Historico - FAT'!AO:AO,'Historico - FAT'!I:I,Positivação!I25,'Historico - FAT'!G:G,Positivação!G25)/SUM(L25:T25),0) -> 528.71852 | Z25: 600 | AB25: SEM GRUPO | AD25: 14
A26: 1000184670 | B26: 01 - CANAL VENDA INTERNA | E26: 1000184756 | F26: 03 - CENTRO OESTE | G26: 1000189784 | H26: 04 - MT GERAL | I26: 1000189270 | J26: 06 - SEM GRUPO | K26: =_xlfn.CONCAT(A26,C26,G26,I26) -> 100018467010001897841000189270 | L26: =ROUND(SUMIFS(Leads!K:K,Leads!$I:$I,Positivação!$I26,Leads!$G:$G,Positivação!$G26)*_xlfn.XLOOKUP($AB26,'Balizador da Meta'!$F$4:$F$9,'Balizador da Meta'!G$4:G$9),0) -> 6 | M26: =ROUND(SUMIFS(Leads!L:L,Leads!$I:$I,Positivação!$I26,Leads!$G:$G,Positivação!$G26)*_xlfn.XLOOKUP($AB26,'Balizador da Meta'!$F$4:$F$9,'Balizador da Meta'!H$4:H$9),0) -> 6 | N26: =ROUND(SUMIFS(Leads!M:M,Leads!$I:$I,Positivação!$I26,Leads!$G:$G,Positivação!$G26)*_xlfn.XLOOKUP($AB26,'Balizador da Meta'!$F$4:$F$9,'Balizador da Meta'!I$4:I$9),0) -> 6 | O26: =ROUND(SUMIFS(Leads!N:N,Leads!$I:$I,Positivação!$I26,Leads!$G:$G,Positivação!$G26)*_xlfn.XLOOKUP($AB26,'Balizador da Meta'!$F$4:$F$9,'Balizador da Meta'!J$4:J$9),0) -> 6 | P26: =ROUND(SUMIFS(Leads!O:O,Leads!$I:$I,Positivação!$I26,Leads!$G:$G,Positivação!$G26)*_xlfn.XLOOKUP($AB26,'Balizador da Meta'!$F$4:$F$9,'Balizador da Meta'!K$4:K$9),0) -> 6 | Q26: =ROUND(SUMIFS(Leads!P:P,Leads!$I:$I,Positivação!$I26,Leads!$G:$G,Positivação!$G26)*_xlfn.XLOOKUP($AB26,'Balizador da Meta'!$F$4:$F$9,'Balizador da Meta'!L$4:L$9),0) -> 6 | R26: =ROUND(SUMIFS(Leads!Q:Q,Leads!$I:$I,Positivação!$I26,Leads!$G:$G,Positivação!$G26)*_xlfn.XLOOKUP($AB26,'Balizador da Meta'!$F$4:$F$9,'Balizador da Meta'!M$4:M$9),0) -> 6 | S26: =ROUND(SUMIFS(Leads!R:R,Leads!$I:$I,Positivação!$I26,Leads!$G:$G,Positivação!$G26)*_xlfn.XLOOKUP($AB26,'Balizador da Meta'!$F$4:$F$9,'Balizador da Meta'!N$4:N$9),0) -> 6 | T26: =ROUND(SUMIFS(Leads!S:S,Leads!$I:$I,Positivação!$I26,Leads!$G:$G,Positivação!$G26)*_xlfn.XLOOKUP($AB26,'Balizador da Meta'!$F$4:$F$9,'Balizador da Meta'!O$4:O$9),0) -> 6 | U26: =ROUND(SUMIFS(Leads!T:T,Leads!$I:$I,Positivação!$I26,Leads!$G:$G,Positivação!$G26)*_xlfn.XLOOKUP($AB26,'Balizador da Meta'!$F$4:$F$9,'Balizador da Meta'!P$4:P$9),0) -> 6 | V26: =ROUND(SUMIFS(Leads!U:U,Leads!$I:$I,Positivação!$I26,Leads!$G:$G,Positivação!$G26)*_xlfn.XLOOKUP($AB26,'Balizador da Meta'!$F$4:$F$9,'Balizador da Meta'!Q$4:Q$9),0) -> 6 | W26: =ROUND(SUMIFS(Leads!V:V,Leads!$I:$I,Positivação!$I26,Leads!$G:$G,Positivação!$G26)*_xlfn.XLOOKUP($AB26,'Balizador da Meta'!$F$4:$F$9,'Balizador da Meta'!R$4:R$9),0) -> 6 | Y26: =IFERROR(SUMIFS('Historico - FAT'!AO:AO,'Historico - FAT'!I:I,Positivação!I26,'Historico - FAT'!G:G,Positivação!G26)/SUM(L26:T26),0) -> 1811.3489 | Z26: 600 | AB26: SEM GRUPO | AD26: 27
A27: 1000184670 | B27: 01 - CANAL VENDA INTERNA | E27: 1000184756 | F27: 03 - CENTRO OESTE | G27: 1000189824 | H27: 04 - TO GERAL | I27: 1000189270 | J27: 06 - SEM GRUPO | K27: =_xlfn.CONCAT(A27,C27,G27,I27) -> 100018467010001898241000189270 | L27: =ROUND(SUMIFS(Leads!K:K,Leads!$I:$I,Positivação!$I27,Leads!$G:$G,Positivação!$G27)*_xlfn.XLOOKUP($AB27,'Balizador da Meta'!$F$4:$F$9,'Balizador da Meta'!G$4:G$9),0) -> 2 | M27: =ROUND(SUMIFS(Leads!L:L,Leads!$I:$I,Positivação!$I27,Leads!$G:$G,Positivação!$G27)*_xlfn.XLOOKUP($AB27,'Balizador da Meta'!$F$4:$F$9,'Balizador da Meta'!H$4:H$9),0) -> 2 | N27: =ROUND(SUMIFS(Leads!M:M,Leads!$I:$I,Positivação!$I27,Leads!$G:$G,Positivação!$G27)*_xlfn.XLOOKUP($AB27,'Balizador da Meta'!$F$4:$F$9,'Balizador da Meta'!I$4:I$9),0) -> 2 | O27: =ROUND(SUMIFS(Leads!N:N,Leads!$I:$I,Positivação!$I27,Leads!$G:$G,Positivação!$G27)*_xlfn.XLOOKUP($AB27,'Balizador da Meta'!$F$4:$F$9,'Balizador da Meta'!J$4:J$9),0) -> 2 | P27: =ROUND(SUMIFS(Leads!O:O,Leads!$I:$I,Positivação!$I27,Leads!$G:$G,Positivação!$G27)*_xlfn.XLOOKUP($AB27,'Balizador da Meta'!$F$4:$F$9,'Balizador da Meta'!K$4:K$9),0) -> 2 | Q27: =ROUND(SUMIFS(Leads!P:P,Leads!$I:$I,Positivação!$I27,Leads!$G:$G,Positivação!$G27)*_xlfn.XLOOKUP($AB27,'Balizador da Meta'!$F$4:$F$9,'Balizador da Meta'!L$4:L$9),0) -> 2 | R27: =ROUND(SUMIFS(Leads!Q:Q,Leads!$I:$I,Positivação!$I27,Leads!$G:$G,Positivação!$G27)*_xlfn.XLOOKUP($AB27,'Balizador da Meta'!$F$4:$F$9,'Balizador da Meta'!M$4:M$9),0) -> 2 | S27: =ROUND(SUMIFS(Leads!R:R,Leads!$I:$I,Positivação!$I27,Leads!$G:$G,Positivação!$G27)*_xlfn.XLOOKUP($AB27,'Balizador da Meta'!$F$4:$F$9,'Balizador da Meta'!N$4:N$9),0) -> 2 | T27: =ROUND(SUMIFS(Leads!S:S,Leads!$I:$I,Positivação!$I27,Leads!$G:$G,Positivação!$G27)*_xlfn.XLOOKUP($AB27,'Balizador da Meta'!$F$4:$F$9,'Balizador da Meta'!O$4:O$9),0) -> 2 | U27: =ROUND(SUMIFS(Leads!T:T,Leads!$I:$I,Positivação!$I27,Leads!$G:$G,Positivação!$G27)*_xlfn.XLOOKUP($AB27,'Balizador da Meta'!$F$4:$F$9,'Balizador da Meta'!P$4:P$9),0) -> 2 | V27: =ROUND(SUMIFS(Leads!U:U,Leads!$I:$I,Positivação!$I27,Leads!$G:$G,Positivação!$G27)*_xlfn.XLOOKUP($AB27,'Balizador da Meta'!$F$4:$F$9,'Balizador da Meta'!Q$4:Q$9),0) -> 2 | W27: =ROUND(SUMIFS(Leads!V:V,Leads!$I:$I,Positivação!$I27,Leads!$G:$G,Positivação!$G27)*_xlfn.XLOOKUP($AB27,'Balizador da Meta'!$F$4:$F$9,'Balizador da Meta'!R$4:R$9),0) -> 2 | Y27: =IFERROR(SUMIFS('Historico - FAT'!AO:AO,'Historico - FAT'!I:I,Positivação!I27,'Historico - FAT'!G:G,Positivação!G27)/SUM(L27:T27),0) -> 769.64722 | Z27: 600 | AB27: SEM GRUPO | AD27: 10
A28: 1000184670 | B28: 01 - CANAL VENDA INTERNA | E28: 1000184757 | F28: 03 - NORDESTE (SEM MA) | G28: 1000189765 | H28: 04 - AL GERAL | I28: 1000189270 | J28: 06 - SEM GRUPO | K28: =_xlfn.CONCAT(A28,C28,G28,I28) -> 100018467010001897651000189270 | L28: =ROUND(SUMIFS(Leads!K:K,Leads!$I:$I,Positivação!$I28,Leads!$G:$G,Positivação!$G28)*_xlfn.XLOOKUP($AB28,'Balizador da Meta'!$F$4:$F$9,'Balizador da Meta'!G$4:G$9),0) -> 2 | M28: =ROUND(SUMIFS(Leads!L:L,Leads!$I:$I,Positivação!$I28,Leads!$G:$G,Positivação!$G28)*_xlfn.XLOOKUP($AB28,'Balizador da Meta'!$F$4:$F$9,'Balizador da Meta'!H$4:H$9),0) -> 2 | N28: =ROUND(SUMIFS(Leads!M:M,Leads!$I:$I,Positivação!$I28,Leads!$G:$G,Positivação!$G28)*_xlfn.XLOOKUP($AB28,'Balizador da Meta'!$F$4:$F$9,'Balizador da Meta'!I$4:I$9),0) -> 2 | O28: =ROUND(SUMIFS(Leads!N:N,Leads!$I:$I,Positivação!$I28,Leads!$G:$G,Positivação!$G28)*_xlfn.XLOOKUP($AB28,'Balizador da Meta'!$F$4:$F$9,'Balizador da Meta'!J$4:J$9),0) -> 2 | P28: =ROUND(SUMIFS(Leads!O:O,Leads!$I:$I,Positivação!$I28,Leads!$G:$G,Positivação!$G28)*_xlfn.XLOOKUP($AB28,'Balizador da Meta'!$F$4:$F$9,'Balizador da Meta'!K$4:K$9),0) -> 2 | Q28: =ROUND(SUMIFS(Leads!P:P,Leads!$I:$I,Positivação!$I28,Leads!$G:$G,Positivação!$G28)*_xlfn.XLOOKUP($AB28,'Balizador da Meta'!$F$4:$F$9,'Balizador da Meta'!L$4:L$9),0) -> 2 | R28: =ROUND(SUMIFS(Leads!Q:Q,Leads!$I:$I,Positivação!$I28,Leads!$G:$G,Positivação!$G28)*_xlfn.XLOOKUP($AB28,'Balizador da Meta'!$F$4:$F$9,'Balizador da Meta'!M$4:M$9),0) -> 2 | S28: =ROUND(SUMIFS(Leads!R:R,Leads!$I:$I,Positivação!$I28,Leads!$G:$G,Positivação!$G28)*_xlfn.XLOOKUP($AB28,'Balizador da Meta'!$F$4:$F$9,'Balizador da Meta'!N$4:N$9),0) -> 2 | T28: =ROUND(SUMIFS(Leads!S:S,Leads!$I:$I,Positivação!$I28,Leads!$G:$G,Positivação!$G28)*_xlfn.XLOOKUP($AB28,'Balizador da Meta'!$F$4:$F$9,'Balizador da Meta'!O$4:O$9),0) -> 2 | U28: =ROUND(SUMIFS(Leads!T:T,Leads!$I:$I,Positivação!$I28,Leads!$G:$G,Positivação!$G28)*_xlfn.XLOOKUP($AB28,'Balizador da Meta'!$F$4:$F$9,'Balizador da Meta'!P$4:P$9),0) -> 2 | V28: =ROUND(SUMIFS(Leads!U:U,Leads!$I:$I,Positivação!$I28,Leads!$G:$G,Positivação!$G28)*_xlfn.XLOOKUP($AB28,'Balizador da Meta'!$F$4:$F$9,'Balizador da Meta'!Q$4:Q$9),0) -> 2 | W28: =ROUND(SUMIFS(Leads!V:V,Leads!$I:$I,Positivação!$I28,Leads!$G:$G,Positivação!$G28)*_xlfn.XLOOKUP($AB28,'Balizador da Meta'!$F$4:$F$9,'Balizador da Meta'!R$4:R$9),0) -> 2 | Y28: =IFERROR(SUMIFS('Historico - FAT'!AO:AO,'Historico - FAT'!I:I,Positivação!I28,'Historico - FAT'!G:G,Positivação!G28)/SUM(L28:T28),0) -> 159.19833 | Z28: 600 | AB28: SEM GRUPO | AD28: 9
A29: 1000184670 | B29: 01 - CANAL VENDA INTERNA | E29: 1000184757 | F29: 03 - NORDESTE (SEM MA) | G29: 1000189768 | H29: 04 - BA CAPITAL | I29: 1000189270 | J29: 06 - SEM GRUPO | K29: =_xlfn.CONCAT(A29,C29,G29,I29) -> 100018467010001897681000189270 | L29: =ROUND(SUMIFS(Leads!K:K,Leads!$I:$I,Positivação!$I29,Leads!$G:$G,Positivação!$G29)*_xlfn.XLOOKUP($AB29,'Balizador da Meta'!$F$4:$F$9,'Balizador da Meta'!G$4:G$9),0) -> 2 | M29: =ROUND(SUMIFS(Leads!L:L,Leads!$I:$I,Positivação!$I29,Leads!$G:$G,Positivação!$G29)*_xlfn.XLOOKUP($AB29,'Balizador da Meta'!$F$4:$F$9,'Balizador da Meta'!H$4:H$9),0) -> 2 | N29: =ROUND(SUMIFS(Leads!M:M,Leads!$I:$I,Positivação!$I29,Leads!$G:$G,Positivação!$G29)*_xlfn.XLOOKUP($AB29,'Balizador da Meta'!$F$4:$F$9,'Balizador da Meta'!I$4:I$9),0) -> 2 | O29: =ROUND(SUMIFS(Leads!N:N,Leads!$I:$I,Positivação!$I29,Leads!$G:$G,Positivação!$G29)*_xlfn.XLOOKUP($AB29,'Balizador da Meta'!$F$4:$F$9,'Balizador da Meta'!J$4:J$9),0) -> 2 | P29: =ROUND(SUMIFS(Leads!O:O,Leads!$I:$I,Positivação!$I29,Leads!$G:$G,Positivação!$G29)*_xlfn.XLOOKUP($AB29,'Balizador da Meta'!$F$4:$F$9,'Balizador da Meta'!K$4:K$9),0) -> 2 | Q29: =ROUND(SUMIFS(Leads!P:P,Leads!$I:$I,Positivação!$I29,Leads!$G:$G,Positivação!$G29)*_xlfn.XLOOKUP($AB29,'Balizador da Meta'!$F$4:$F$9,'Balizador da Meta'!L$4:L$9),0) -> 2 | R29: =ROUND(SUMIFS(Leads!Q:Q,Leads!$I:$I,Positivação!$I29,Leads!$G:$G,Positivação!$G29)*_xlfn.XLOOKUP($AB29,'Balizador da Meta'!$F$4:$F$9,'Balizador da Meta'!M$4:M$9),0) -> 2 | S29: =ROUND(SUMIFS(Leads!R:R,Leads!$I:$I,Positivação!$I29,Leads!$G:$G,Positivação!$G29)*_xlfn.XLOOKUP($AB29,'Balizador da Meta'!$F$4:$F$9,'Balizador da Meta'!N$4:N$9),0) -> 2 | T29: =ROUND(SUMIFS(Leads!S:S,Leads!$I:$I,Positivação!$I29,Leads!$G:$G,Positivação!$G29)*_xlfn.XLOOKUP($AB29,'Balizador da Meta'!$F$4:$F$9,'Balizador da Meta'!O$4:O$9),0) -> 2 | U29: =ROUND(SUMIFS(Leads!T:T,Leads!$I:$I,Positivação!$I29,Leads!$G:$G,Positivação!$G29)*_xlfn.XLOOKUP($AB29,'Balizador da Meta'!$F$4:$F$9,'Balizador da Meta'!P$4:P$9),0) -> 2 | V29: =ROUND(SUMIFS(Leads!U:U,Leads!$I:$I,Positivação!$I29,Leads!$G:$G,Positivação!$G29)*_xlfn.XLOOKUP($AB29,'Balizador da Meta'!$F$4:$F$9,'Balizador da Meta'!Q$4:Q$9),0) -> 2 | W29: =ROUND(SUMIFS(Leads!V:V,Leads!$I:$I,Positivação!$I29,Leads!$G:$G,Positivação!$G29)*_xlfn.XLOOKUP($AB29,'Balizador da Meta'!$F$4:$F$9,'Balizador da Meta'!R$4:R$9),0) -> 2 | Y29: =IFERROR(SUMIFS('Historico - FAT'!AO:AO,'Historico - FAT'!I:I,Positivação!I29,'Historico - FAT'!G:G,Positivação!G29)/SUM(L29:T29),0) -> 31.088889 | Z29: 600 | AB29: SEM GRUPO | AD29: 11
A30: 1000184670 | B30: 01 - CANAL VENDA INTERNA | E30: 1000184757 | F30: 03 - NORDESTE (SEM MA) | G30: 1000189769 | H30: 04 - BA OESTE | I30: 1000189270 | J30: 06 - SEM GRUPO | K30: =_xlfn.CONCAT(A30,C30,G30,I30) -> 100018467010001897691000189270 | L30: =ROUND(SUMIFS(Leads!K:K,Leads!$I:$I,Positivação!$I30,Leads!$G:$G,Positivação!$G30)*_xlfn.XLOOKUP($AB30,'Balizador da Meta'!$F$4:$F$9,'Balizador da Meta'!G$4:G$9),0) -> 4 | M30: =ROUND(SUMIFS(Leads!L:L,Leads!$I:$I,Positivação!$I30,Leads!$G:$G,Positivação!$G30)*_xlfn.XLOOKUP($AB30,'Balizador da Meta'!$F$4:$F$9,'Balizador da Meta'!H$4:H$9),0) -> 4 | N30: =ROUND(SUMIFS(Leads!M:M,Leads!$I:$I,Positivação!$I30,Leads!$G:$G,Positivação!$G30)*_xlfn.XLOOKUP($AB30,'Balizador da Meta'!$F$4:$F$9,'Balizador da Meta'!I$4:I$9),0) -> 4 | O30: =ROUND(SUMIFS(Leads!N:N,Leads!$I:$I,Positivação!$I30,Leads!$G:$G,Positivação!$G30)*_xlfn.XLOOKUP($AB30,'Balizador da Meta'!$F$4:$F$9,'Balizador da Meta'!J$4:J$9),0) -> 4 | P30: =ROUND(SUMIFS(Leads!O:O,Leads!$I:$I,Positivação!$I30,Leads!$G:$G,Positivação!$G30)*_xlfn.XLOOKUP($AB30,'Balizador da Meta'!$F$4:$F$9,'Balizador da Meta'!K$4:K$9),0) -> 4 | Q30: =ROUND(SUMIFS(Leads!P:P,Leads!$I:$I,Positivação!$I30,Leads!$G:$G,Positivação!$G30)*_xlfn.XLOOKUP($AB30,'Balizador da Meta'!$F$4:$F$9,'Balizador da Meta'!L$4:L$9),0) -> 4 | R30: =ROUND(SUMIFS(Leads!Q:Q,Leads!$I:$I,Positivação!$I30,Leads!$G:$G,Positivação!$G30)*_xlfn.XLOOKUP($AB30,'Balizador da Meta'!$F$4:$F$9,'Balizador da Meta'!M$4:M$9),0) -> 4 | S30: =ROUND(SUMIFS(Leads!R:R,Leads!$I:$I,Positivação!$I30,Leads!$G:$G,Positivação!$G30)*_xlfn.XLOOKUP($AB30,'Balizador da Meta'!$F$4:$F$9,'Balizador da Meta'!N$4:N$9),0) -> 4 | T30: =ROUND(SUMIFS(Leads!S:S,Leads!$I:$I,Positivação!$I30,Leads!$G:$G,Positivação!$G30)*_xlfn.XLOOKUP($AB30,'Balizador da Meta'!$F$4:$F$9,'Balizador da Meta'!O$4:O$9),0) -> 4 | U30: =ROUND(SUMIFS(Leads!T:T,Leads!$I:$I,Positivação!$I30,Leads!$G:$G,Positivação!$G30)*_xlfn.XLOOKUP($AB30,'Balizador da Meta'!$F$4:$F$9,'Balizador da Meta'!P$4:P$9),0) -> 4 | V30: =ROUND(SUMIFS(Leads!U:U,Leads!$I:$I,Positivação!$I30,Leads!$G:$G,Positivação!$G30)*_xlfn.XLOOKUP($AB30,'Balizador da Meta'!$F$4:$F$9,'Balizador da Meta'!Q$4:Q$9),0) -> 4 | W30: =ROUND(SUMIFS(Leads!V:V,Leads!$I:$I,Positivação!$I30,Leads!$G:$G,Positivação!$G30)*_xlfn.XLOOKUP($AB30,'Balizador da Meta'!$F$4:$F$9,'Balizador da Meta'!R$4:R$9),0) -> 4 | Y30: =IFERROR(SUMIFS('Historico - FAT'!AO:AO,'Historico - FAT'!I:I,Positivação!I30,'Historico - FAT'!G:G,Positivação!G30)/SUM(L30:T30),0) -> 205.80222 | Z30: 600 | AB30: SEM GRUPO | AD30: 20
A31: 1000184670 | B31: 01 - CANAL VENDA INTERNA | E31: 1000184757 | F31: 03 - NORDESTE (SEM MA) | G31: 1000189770 | H31: 04 - BA SUL | I31: 1000189270 | J31: 06 - SEM GRUPO | K31: =_xlfn.CONCAT(A31,C31,G31,I31) -> 100018467010001897701000189270 | L31: =ROUND(SUMIFS(Leads!K:K,Leads!$I:$I,Positivação!$I31,Leads!$G:$G,Positivação!$G31)*_xlfn.XLOOKUP($AB31,'Balizador da Meta'!$F$4:$F$9,'Balizador da Meta'!G$4:G$9),0) -> 4 | M31: =ROUND(SUMIFS(Leads!L:L,Leads!$I:$I,Positivação!$I31,Leads!$G:$G,Positivação!$G31)*_xlfn.XLOOKUP($AB31,'Balizador da Meta'!$F$4:$F$9,'Balizador da Meta'!H$4:H$9),0) -> 4 | N31: =ROUND(SUMIFS(Leads!M:M,Leads!$I:$I,Positivação!$I31,Leads!$G:$G,Positivação!$G31)*_xlfn.XLOOKUP($AB31,'Balizador da Meta'!$F$4:$F$9,'Balizador da Meta'!I$4:I$9),0) -> 4 | O31: =ROUND(SUMIFS(Leads!N:N,Leads!$I:$I,Positivação!$I31,Leads!$G:$G,Positivação!$G31)*_xlfn.XLOOKUP($AB31,'Balizador da Meta'!$F$4:$F$9,'Balizador da Meta'!J$4:J$9),0) -> 4 | P31: =ROUND(SUMIFS(Leads!O:O,Leads!$I:$I,Positivação!$I31,Leads!$G:$G,Positivação!$G31)*_xlfn.XLOOKUP($AB31,'Balizador da Meta'!$F$4:$F$9,'Balizador da Meta'!K$4:K$9),0) -> 4 | Q31: =ROUND(SUMIFS(Leads!P:P,Leads!$I:$I,Positivação!$I31,Leads!$G:$G,Positivação!$G31)*_xlfn.XLOOKUP($AB31,'Balizador da Meta'!$F$4:$F$9,'Balizador da Meta'!L$4:L$9),0) -> 4 | R31: =ROUND(SUMIFS(Leads!Q:Q,Leads!$I:$I,Positivação!$I31,Leads!$G:$G,Positivação!$G31)*_xlfn.XLOOKUP($AB31,'Balizador da Meta'!$F$4:$F$9,'Balizador da Meta'!M$4:M$9),0) -> 4 | S31: =ROUND(SUMIFS(Leads!R:R,Leads!$I:$I,Positivação!$I31,Leads!$G:$G,Positivação!$G31)*_xlfn.XLOOKUP($AB31,'Balizador da Meta'!$F$4:$F$9,'Balizador da Meta'!N$4:N$9),0) -> 4 | T31: =ROUND(SUMIFS(Leads!S:S,Leads!$I:$I,Positivação!$I31,Leads!$G:$G,Positivação!$G31)*_xlfn.XLOOKUP($AB31,'Balizador da Meta'!$F$4:$F$9,'Balizador da Meta'!O$4:O$9),0) -> 4 | U31: =ROUND(SUMIFS(Leads!T:T,Leads!$I:$I,Positivação!$I31,Leads!$G:$G,Positivação!$G31)*_xlfn.XLOOKUP($AB31,'Balizador da Meta'!$F$4:$F$9,'Balizador da Meta'!P$4:P$9),0) -> 4 | V31: =ROUND(SUMIFS(Leads!U:U,Leads!$I:$I,Positivação!$I31,Leads!$G:$G,Positivação!$G31)*_xlfn.XLOOKUP($AB31,'Balizador da Meta'!$F$4:$F$9,'Balizador da Meta'!Q$4:Q$9),0) -> 4 | W31: =ROUND(SUMIFS(Leads!V:V,Leads!$I:$I,Positivação!$I31,Leads!$G:$G,Positivação!$G31)*_xlfn.XLOOKUP($AB31,'Balizador da Meta'!$F$4:$F$9,'Balizador da Meta'!R$4:R$9),0) -> 4 | Y31: =IFERROR(SUMIFS('Historico - FAT'!AO:AO,'Historico - FAT'!I:I,Positivação!I31,'Historico - FAT'!G:G,Positivação!G31)/SUM(L31:T31),0) -> 18.634167 | Z31: 600 | AB31: SEM GRUPO | AD31: 21
A32: 1000184670 | B32: 01 - CANAL VENDA INTERNA | E32: 1000184757 | F32: 03 - NORDESTE (SEM MA) | G32: 1000189771 | H32: 04 - BA VALE DO SAO FRANCISCO/NORTE | I32: 1000189270 | J32: 06 - SEM GRUPO | K32: =_xlfn.CONCAT(A32,C32,G32,I32) -> 100018467010001897711000189270 | L32: =ROUND(SUMIFS(Leads!K:K,Leads!$I:$I,Positivação!$I32,Leads!$G:$G,Positivação!$G32)*_xlfn.XLOOKUP($AB32,'Balizador da Meta'!$F$4:$F$9,'Balizador da Meta'!G$4:G$9),0) -> 2 | M32: =ROUND(SUMIFS(Leads!L:L,Leads!$I:$I,Positivação!$I32,Leads!$G:$G,Positivação!$G32)*_xlfn.XLOOKUP($AB32,'Balizador da Meta'!$F$4:$F$9,'Balizador da Meta'!H$4:H$9),0) -> 2 | N32: =ROUND(SUMIFS(Leads!M:M,Leads!$I:$I,Positivação!$I32,Leads!$G:$G,Positivação!$G32)*_xlfn.XLOOKUP($AB32,'Balizador da Meta'!$F$4:$F$9,'Balizador da Meta'!I$4:I$9),0) -> 2 | O32: =ROUND(SUMIFS(Leads!N:N,Leads!$I:$I,Positivação!$I32,Leads!$G:$G,Positivação!$G32)*_xlfn.XLOOKUP($AB32,'Balizador da Meta'!$F$4:$F$9,'Balizador da Meta'!J$4:J$9),0) -> 2 | P32: =ROUND(SUMIFS(Leads!O:O,Leads!$I:$I,Positivação!$I32,Leads!$G:$G,Positivação!$G32)*_xlfn.XLOOKUP($AB32,'Balizador da Meta'!$F$4:$F$9,'Balizador da Meta'!K$4:K$9),0) -> 2 | Q32: =ROUND(SUMIFS(Leads!P:P,Leads!$I:$I,Positivação!$I32,Leads!$G:$G,Positivação!$G32)*_xlfn.XLOOKUP($AB32,'Balizador da Meta'!$F$4:$F$9,'Balizador da Meta'!L$4:L$9),0) -> 2 | R32: =ROUND(SUMIFS(Leads!Q:Q,Leads!$I:$I,Positivação!$I32,Leads!$G:$G,Positivação!$G32)*_xlfn.XLOOKUP($AB32,'Balizador da Meta'!$F$4:$F$9,'Balizador da Meta'!M$4:M$9),0) -> 2 | S32: =ROUND(SUMIFS(Leads!R:R,Leads!$I:$I,Positivação!$I32,Leads!$G:$G,Positivação!$G32)*_xlfn.XLOOKUP($AB32,'Balizador da Meta'!$F$4:$F$9,'Balizador da Meta'!N$4:N$9),0) -> 2 | T32: =ROUND(SUMIFS(Leads!S:S,Leads!$I:$I,Positivação!$I32,Leads!$G:$G,Positivação!$G32)*_xlfn.XLOOKUP($AB32,'Balizador da Meta'!$F$4:$F$9,'Balizador da Meta'!O$4:O$9),0) -> 2 | U32: =ROUND(SUMIFS(Leads!T:T,Leads!$I:$I,Positivação!$I32,Leads!$G:$G,Positivação!$G32)*_xlfn.XLOOKUP($AB32,'Balizador da Meta'!$F$4:$F$9,'Balizador da Meta'!P$4:P$9),0) -> 2 | V32: =ROUND(SUMIFS(Leads!U:U,Leads!$I:$I,Positivação!$I32,Leads!$G:$G,Positivação!$G32)*_xlfn.XLOOKUP($AB32,'Balizador da Meta'!$F$4:$F$9,'Balizador da Meta'!Q$4:Q$9),0) -> 2 | W32: =ROUND(SUMIFS(Leads!V:V,Leads!$I:$I,Positivação!$I32,Leads!$G:$G,Positivação!$G32)*_xlfn.XLOOKUP($AB32,'Balizador da Meta'!$F$4:$F$9,'Balizador da Meta'!R$4:R$9),0) -> 2 | Y32: =IFERROR(SUMIFS('Historico - FAT'!AO:AO,'Historico - FAT'!I:I,Positivação!I32,'Historico - FAT'!G:G,Positivação!G32)/SUM(L32:T32),0) -> 928.425 | Z32: 600 | AB32: SEM GRUPO | AD32: 9
A33: 1000184670 | B33: 01 - CANAL VENDA INTERNA | E33: 1000184757 | F33: 03 - NORDESTE (SEM MA) | G33: 1000189772 | H33: 04 - CE GERAL | I33: 1000189270 | J33: 06 - SEM GRUPO | K33: =_xlfn.CONCAT(A33,C33,G33,I33) -> 100018467010001897721000189270 | L33: =ROUND(SUMIFS(Leads!K:K,Leads!$I:$I,Positivação!$I33,Leads!$G:$G,Positivação!$G33)*_xlfn.XLOOKUP($AB33,'Balizador da Meta'!$F$4:$F$9,'Balizador da Meta'!G$4:G$9),0) -> 3 | M33: =ROUND(SUMIFS(Leads!L:L,Leads!$I:$I,Positivação!$I33,Leads!$G:$G,Positivação!$G33)*_xlfn.XLOOKUP($AB33,'Balizador da Meta'!$F$4:$F$9,'Balizador da Meta'!H$4:H$9),0) -> 3 | N33: =ROUND(SUMIFS(Leads!M:M,Leads!$I:$I,Positivação!$I33,Leads!$G:$G,Positivação!$G33)*_xlfn.XLOOKUP($AB33,'Balizador da Meta'!$F$4:$F$9,'Balizador da Meta'!I$4:I$9),0) -> 3 | O33: =ROUND(SUMIFS(Leads!N:N,Leads!$I:$I,Positivação!$I33,Leads!$G:$G,Positivação!$G33)*_xlfn.XLOOKUP($AB33,'Balizador da Meta'!$F$4:$F$9,'Balizador da Meta'!J$4:J$9),0) -> 3 | P33: =ROUND(SUMIFS(Leads!O:O,Leads!$I:$I,Positivação!$I33,Leads!$G:$G,Positivação!$G33)*_xlfn.XLOOKUP($AB33,'Balizador da Meta'!$F$4:$F$9,'Balizador da Meta'!K$4:K$9),0) -> 3 | Q33: =ROUND(SUMIFS(Leads!P:P,Leads!$I:$I,Positivação!$I33,Leads!$G:$G,Positivação!$G33)*_xlfn.XLOOKUP($AB33,'Balizador da Meta'!$F$4:$F$9,'Balizador da Meta'!L$4:L$9),0) -> 3 | R33: =ROUND(SUMIFS(Leads!Q:Q,Leads!$I:$I,Positivação!$I33,Leads!$G:$G,Positivação!$G33)*_xlfn.XLOOKUP($AB33,'Balizador da Meta'!$F$4:$F$9,'Balizador da Meta'!M$4:M$9),0) -> 3 | S33: =ROUND(SUMIFS(Leads!R:R,Leads!$I:$I,Positivação!$I33,Leads!$G:$G,Positivação!$G33)*_xlfn.XLOOKUP($AB33,'Balizador da Meta'!$F$4:$F$9,'Balizador da Meta'!N$4:N$9),0) -> 3 | T33: =ROUND(SUMIFS(Leads!S:S,Leads!$I:$I,Positivação!$I33,Leads!$G:$G,Positivação!$G33)*_xlfn.XLOOKUP($AB33,'Balizador da Meta'!$F$4:$F$9,'Balizador da Meta'!O$4:O$9),0) -> 3 | U33: =ROUND(SUMIFS(Leads!T:T,Leads!$I:$I,Positivação!$I33,Leads!$G:$G,Positivação!$G33)*_xlfn.XLOOKUP($AB33,'Balizador da Meta'!$F$4:$F$9,'Balizador da Meta'!P$4:P$9),0) -> 3 | V33: =ROUND(SUMIFS(Leads!U:U,Leads!$I:$I,Positivação!$I33,Leads!$G:$G,Positivação!$G33)*_xlfn.XLOOKUP($AB33,'Balizador da Meta'!$F$4:$F$9,'Balizador da Meta'!Q$4:Q$9),0) -> 3 | W33: =ROUND(SUMIFS(Leads!V:V,Leads!$I:$I,Positivação!$I33,Leads!$G:$G,Positivação!$G33)*_xlfn.XLOOKUP($AB33,'Balizador da Meta'!$F$4:$F$9,'Balizador da Meta'!R$4:R$9),0) -> 3 | Y33: =IFERROR(SUMIFS('Historico - FAT'!AO:AO,'Historico - FAT'!I:I,Positivação!I33,'Historico - FAT'!G:G,Positivação!G33)/SUM(L33:T33),0) -> 56.52037 | Z33: 600 | AB33: SEM GRUPO | AD33: 17
A34: 1000184670 | B34: 01 - CANAL VENDA INTERNA | E34: 1000184757 | F34: 03 - NORDESTE (SEM MA) | G34: 1000189787 | H34: 04 - PB CAPITAL | I34: 1000189270 | J34: 06 - SEM GRUPO | K34: =_xlfn.CONCAT(A34,C34,G34,I34) -> 100018467010001897871000189270 | L34: =ROUND(SUMIFS(Leads!K:K,Leads!$I:$I,Positivação!$I34,Leads!$G:$G,Positivação!$G34)*_xlfn.XLOOKUP($AB34,'Balizador da Meta'!$F$4:$F$9,'Balizador da Meta'!G$4:G$9),0) -> 1 | M34: =ROUND(SUMIFS(Leads!L:L,Leads!$I:$I,Positivação!$I34,Leads!$G:$G,Positivação!$G34)*_xlfn.XLOOKUP($AB34,'Balizador da Meta'!$F$4:$F$9,'Balizador da Meta'!H$4:H$9),0) -> 1 | N34: =ROUND(SUMIFS(Leads!M:M,Leads!$I:$I,Positivação!$I34,Leads!$G:$G,Positivação!$G34)*_xlfn.XLOOKUP($AB34,'Balizador da Meta'!$F$4:$F$9,'Balizador da Meta'!I$4:I$9),0) -> 1 | O34: =ROUND(SUMIFS(Leads!N:N,Leads!$I:$I,Positivação!$I34,Leads!$G:$G,Positivação!$G34)*_xlfn.XLOOKUP($AB34,'Balizador da Meta'!$F$4:$F$9,'Balizador da Meta'!J$4:J$9),0) -> 1 | P34: =ROUND(SUMIFS(Leads!O:O,Leads!$I:$I,Positivação!$I34,Leads!$G:$G,Positivação!$G34)*_xlfn.XLOOKUP($AB34,'Balizador da Meta'!$F$4:$F$9,'Balizador da Meta'!K$4:K$9),0) -> 1 | Q34: =ROUND(SUMIFS(Leads!P:P,Leads!$I:$I,Positivação!$I34,Leads!$G:$G,Positivação!$G34)*_xlfn.XLOOKUP($AB34,'Balizador da Meta'!$F$4:$F$9,'Balizador da Meta'!L$4:L$9),0) -> 1 | R34: =ROUND(SUMIFS(Leads!Q:Q,Leads!$I:$I,Positivação!$I34,Leads!$G:$G,Positivação!$G34)*_xlfn.XLOOKUP($AB34,'Balizador da Meta'!$F$4:$F$9,'Balizador da Meta'!M$4:M$9),0) -> 1 | S34: =ROUND(SUMIFS(Leads!R:R,Leads!$I:$I,Positivação!$I34,Leads!$G:$G,Positivação!$G34)*_xlfn.XLOOKUP($AB34,'Balizador da Meta'!$F$4:$F$9,'Balizador da Meta'!N$4:N$9),0) -> 1 | T34: =ROUND(SUMIFS(Leads!S:S,Leads!$I:$I,Positivação!$I34,Leads!$G:$G,Positivação!$G34)*_xlfn.XLOOKUP($AB34,'Balizador da Meta'!$F$4:$F$9,'Balizador da Meta'!O$4:O$9),0) -> 1 | U34: =ROUND(SUMIFS(Leads!T:T,Leads!$I:$I,Positivação!$I34,Leads!$G:$G,Positivação!$G34)*_xlfn.XLOOKUP($AB34,'Balizador da Meta'!$F$4:$F$9,'Balizador da Meta'!P$4:P$9),0) -> 1 | V34: =ROUND(SUMIFS(Leads!U:U,Leads!$I:$I,Positivação!$I34,Leads!$G:$G,Positivação!$G34)*_xlfn.XLOOKUP($AB34,'Balizador da Meta'!$F$4:$F$9,'Balizador da Meta'!Q$4:Q$9),0) -> 1 | W34: =ROUND(SUMIFS(Leads!V:V,Leads!$I:$I,Positivação!$I34,Leads!$G:$G,Positivação!$G34)*_xlfn.XLOOKUP($AB34,'Balizador da Meta'!$F$4:$F$9,'Balizador da Meta'!R$4:R$9),0) -> 1 | Y34: =IFERROR(SUMIFS('Historico - FAT'!AO:AO,'Historico - FAT'!I:I,Positivação!I34,'Historico - FAT'!G:G,Positivação!G34)/SUM(L34:T34),0) -> 0 | Z34: 600 | AB34: SEM GRUPO | AD34: 5
... A83: 1000184670 | B83: 01 - CANAL VENDA INTERNA | E83: 1000185288 | F83: 03 - SUL | G83: 1000189810 | H83: 04 - SC SUL | I83: 1000189270 | J83: 06 - SEM GRUPO | K83: =_xlfn.CONCAT(A83,C83,G83,I83) -> 100018467010001898101000189270 | L83: =ROUND(SUMIFS(Leads!K:K,Leads!$I:$I,Positivação!$I83,Leads!$G:$G,Positivação!$G83)*_xlfn.XLOOKUP($AB83,'Balizador da Meta'!$F$4:$F$9,'Balizador da Meta'!G$4:G$9),0) -> 9 | M83: =ROUND(SUMIFS(Leads!L:L,Leads!$I:$I,Positivação!$I83,Leads!$G:$G,Positivação!$G83)*_xlfn.XLOOKUP($AB83,'Balizador da Meta'!$F$4:$F$9,'Balizador da Meta'!H$4:H$9),0) -> 9 | N83: =ROUND(SUMIFS(Leads!M:M,Leads!$I:$I,Positivação!$I83,Leads!$G:$G,Positivação!$G83)*_xlfn.XLOOKUP($AB83,'Balizador da Meta'!$F$4:$F$9,'Balizador da Meta'!I$4:I$9),0) -> 10 | O83: =ROUND(SUMIFS(Leads!N:N,Leads!$I:$I,Positivação!$I83,Leads!$G:$G,Positivação!$G83)*_xlfn.XLOOKUP($AB83,'Balizador da Meta'!$F$4:$F$9,'Balizador da Meta'!J$4:J$9),0) -> 10 | P83: =ROUND(SUMIFS(Leads!O:O,Leads!$I:$I,Positivação!$I83,Leads!$G:$G,Positivação!$G83)*_xlfn.XLOOKUP($AB83,'Balizador da Meta'!$F$4:$F$9,'Balizador da Meta'!K$4:K$9),0) -> 10 | Q83: =ROUND(SUMIFS(Leads!P:P,Leads!$I:$I,Positivação!$I83,Leads!$G:$G,Positivação!$G83)*_xlfn.XLOOKUP($AB83,'Balizador da Meta'!$F$4:$F$9,'Balizador da Meta'!L$4:L$9),0) -> 10 | R83: =ROUND(SUMIFS(Leads!Q:Q,Leads!$I:$I,Positivação!$I83,Leads!$G:$G,Positivação!$G83)*_xlfn.XLOOKUP($AB83,'Balizador da Meta'!$F$4:$F$9,'Balizador da Meta'!M$4:M$9),0) -> 10 | S83: =ROUND(SUMIFS(Leads!R:R,Leads!$I:$I,Positivação!$I83,Leads!$G:$G,Positivação!$G83)*_xlfn.XLOOKUP($AB83,'Balizador da Meta'!$F$4:$F$9,'Balizador da Meta'!N$4:N$9),0) -> 11 | T83: =ROUND(SUMIFS(Leads!S:S,Leads!$I:$I,Positivação!$I83,Leads!$G:$G,Positivação!$G83)*_xlfn.XLOOKUP($AB83,'Balizador da Meta'!$F$4:$F$9,'Balizador da Meta'!O$4:O$9),0) -> 11 | U83: =ROUND(SUMIFS(Leads!T:T,Leads!$I:$I,Positivação!$I83,Leads!$G:$G,Positivação!$G83)*_xlfn.XLOOKUP($AB83,'Balizador da Meta'!$F$4:$F$9,'Balizador da Meta'!P$4:P$9),0) -> 11 | V83: =ROUND(SUMIFS(Leads!U:U,Leads!$I:$I,Positivação!$I83,Leads!$G:$G,Positivação!$G83)*_xlfn.XLOOKUP($AB83,'Balizador da Meta'!$F$4:$F$9,'Balizador da Meta'!Q$4:Q$9),0) -> 11 | W83: =ROUND(SUMIFS(Leads!V:V,Leads!$I:$I,Positivação!$I83,Leads!$G:$G,Positivação!$G83)*_xlfn.XLOOKUP($AB83,'Balizador da Meta'!$F$4:$F$9,'Balizador da Meta'!R$4:R$9),0) -> 11 | Y83: =IFERROR(SUMIFS('Historico - FAT'!AO:AO,'Historico - FAT'!I:I,Positivação!I83,'Historico - FAT'!G:G,Positivação!G83)/SUM(L83:T83),0) -> 302.34433 | Z83: 600 | AB83: SEM GRUPO | AD83: 44

Sheet Faturamento
N2: =SUM(N4:N2114)/2 -> 333600 | O2: =SUM(O4:O2114)/2 -> 348600 | P2: =SUM(P4:P2114)/2 -> 357000 | Q2: =SUM(Q4:Q2114)/2 -> 366300 | R2: =SUM(R4:R2114)/2 -> 378300 | S2: =SUM(S4:S2114)/2 -> 388200 | T2: =SUM(T4:T2114)/2 -> 403200 | U2: =SUM(U4:U2114)/2 -> 413100 | ... Y2: =SUM(Y4:Y2114)/2 -> 459300 | Z2: =SUBTOTAL(9,Z4:Z2114) -> 4747200 | AB2: =SUM(AB4:AB2114)/2 -> 39639.478 | AC2: =SUM(AC4:AC2114)/2 -> 137466.2 | AD2: =SUM(AD4:AD2114)/2 -> 211210.47 | AE2: =SUM(AE4:AE2114)/2 -> 160591.13
A3: TOTAIS | B3: CÓD. 01 | C3: 01 CANAL | D3: CÓD. 02 | E3: 02 TIPO DE CLIENTE | F3: CÓD. 03 | G3: 03 MACRORREGIÃO DO CLIENTE | H3: CÓD. 04 | I3: 04 MICRORREGIÃO DO CLIENTE | J3: CÓD. GRUPO CHAVE | K3: 06 NOME GRUPO CHAVE | L3: Grupo Produto | N3: JAN | O3: FEV | P3: MAR | Q3: ABR | R3: MAI | S3: JUN | T3: JUL | U3: AGO | V3: SET | W3: OUT | X3: NOV | Y3: DEZ | Z3: TOTAL 2026 | AB3: MÉDIA 2024 | AC3: MÉDIA 12M | AD3: MÉDIA 6M | AE3: MÉDIA YTD | AG3: % CRESCIMENTO 2024 | AH3: % CRESCIMENTO 12M | AI3: % CRESCIMENTO 6M
A4: =IF(OR(H4<>H3,J4<>J3),"SIM","NÃO") -> SIM | B4: 1000184670 | C4: 01 - CANAL VENDA INTERNA | D4: 1000186197 | E4: 02 - INTERNA - CANAL VERDE | F4: 1000185288 | G4: 03 - SUL | H4: 1000189807 | I4: 04 - SC LITORAL | J4: 1000189749 | K4: 06 - INTERNA - ARMAZEM FIT STORE | L4: 01. TOTAL | M4: =_xlfn.CONCAT(B4,D4,H4,J4,L4,) -> 100018467010001861971000189807100018974901. TOTAL | N4: =SUMIFS(Positivação!L:L,Positivação!$I:$I,Faturamento!$J4,Positivação!$G:$G,Faturamento!$H4)*SUMIFS(Positivação!$Z:$Z,Positivação!$I:$I,Faturamento!$J4,Positivação!$G:$G,Faturamento!$H4) -> 3000 | O4: =SUMIFS(Positivação!M:M,Positivação!$I:$I,Faturamento!$J4,Positivação!$G:$G,Faturamento!$H4)*SUMIFS(Positivação!$Z:$Z,Positivação!$I:$I,Faturamento!$J4,Positivação!$G:$G,Faturamento!$H4) -> 3000 | P4: =SUMIFS(Positivação!N:N,Positivação!$I:$I,Faturamento!$J4,Positivação!$G:$G,Faturamento!$H4)*SUMIFS(Positivação!$Z:$Z,Positivação!$I:$I,Faturamento!$J4,Positivação!$G:$G,Faturamento!$H4) -> 3000 | Q4: =SUMIFS(Positivação!O:O,Positivação!$I:$I,Faturamento!$J4,Positivação!$G:$G,Faturamento!$H4)*SUMIFS(Positivação!$Z:$Z,Positivação!$I:$I,Faturamento!$J4,Positivação!$G:$G,Faturamento!$H4) -> 3000 | R4: =SUMIFS(Positivação!P:P,Positivação!$I:$I,Faturamento!$J4,Positivação!$G:$G,Faturamento!$H4)*SUMIFS(Positivação!$Z:$Z,Positivação!$I:$I,Faturamento!$J4,Positivação!$G:$G,Faturamento!$H4) -> 3000 | S4: =SUMIFS(Positivação!Q:Q,Positivação!$I:$I,Faturamento!$J4,Positivação!$G:$G,Faturamento!$H4)*SUMIFS(Positivação!$Z:$Z,Positivação!$I:$I,Faturamento!$J4,Positivação!$G:$G,Faturamento!$H4) -> 3000 | T4: =SUMIFS(Positivação!R:R,Positivação!$I:$I,Faturamento!$J4,Positivação!$G:$G,Faturamento!$H4)*SUMIFS(Positivação!$Z:$Z,Positivação!$I:$I,Faturamento!$J4,Positivação!$G:$G,Faturamento!$H4) -> 3000 | U4: =SUMIFS(Positivação!S:S,Positivação!$I:$I,Faturamento!$J4,Positivação!$G:$G,Faturamento!$H4)*SUMIFS(Positivação!$Z:$Z,Positivação!$I:$I,Faturamento!$J4,Positivação!$G:$G,Faturamento!$H4) -> 3000 | V4: =SUMIFS(Positivação!T:T,Positivação!$I:$I,Faturamento!$J4,Positivação!$G:$G,Faturamento!$H4)*SUMIFS(Positivação!$Z:$Z,Positivação!$I:$I,Faturamento!$J4,Positivação!$G:$G,Faturamento!$H4) -> 3000 | W4: =SUMIFS(Positivação!U:U,Positivação!$I:$I,Faturamento!$J4,Positivação!$G:$G,Faturamento!$H4)*SUMIFS(Positivação!$Z:$Z,Positivação!$I:$I,Faturamento!$J4,Positivação!$G:$G,Faturamento!$H4) -> 3000 | X4: =SUMIFS(Positivação!V:V,Positivação!$I:$I,Faturamento!$J4,Positivação!$G:$G,Faturamento!$H4)*SUMIFS(Positivação!$Z:$Z,Positivação!$I:$I,Faturamento!$J4,Positivação!$G:$G,Faturamento!$H4) -> 3000 | Y4: =SUMIFS(Positivação!W:W,Positivação!$I:$I,Faturamento!$J4,Positivação!$G:$G,Faturamento!$H4)*SUMIFS(Positivação!$Z:$Z,Positivação!$I:$I,Faturamento!$J4,Positivação!$G:$G,Faturamento!$H4) -> 3000 | Z4: =SUM(Z5:Z22) -> 36000 | AB4: =SUM(AB5:AB22) -> 0 | AC4: =SUM(AC5:AC22) -> 0 | AD4: =SUM(AD5:AD22) -> 0 | AE4: =SUM(AE5:AE22) -> 0 | AG4: =IFERROR((AVERAGE(W4:Y4)-AB4)/AVERAGE(W4:Y4),"") -> 1 | AH4: =IFERROR((AVERAGE(W4:Y4)-AC4)/AVERAGE(W4:Y4),"") -> 1 | AI4: =IFERROR((AVERAGE(W4:Y4)-AD4)/AVERAGE(W4:Y4),"") -> 1
A5: =IF(OR(H5<>H4,J5<>J4),"SIM","NÃO") -> NÃO | B5: 1000184670 | C5: 01 - CANAL VENDA INTERNA | D5: 1000186197 | E5: 02 - INTERNA - CANAL VERDE | F5: 1000185288 | G5: 03 - SUL | H5: 1000189807 | I5: 04 - SC LITORAL | J5: 1000189749 | K5: 06 - INTERNA - ARMAZEM FIT STORE | L5: BISCOITO | M5: =_xlfn.CONCAT(B5,D5,H5,J5,L5,) -> 1000184670100018619710001898071000189749BISCOITO | N5: =N4*_xlfn.XLOOKUP($L5,'Balizador da Meta'!$B$4:$B$21,'Balizador da Meta'!$C$4:$C$21) -> 210 | O5: =O4*_xlfn.XLOOKUP($L5,'Balizador da Meta'!$B$4:$B$21,'Balizador da Meta'!$C$4:$C$21) -> 210 | P5: =P4*_xlfn.XLOOKUP($L5,'Balizador da Meta'!$B$4:$B$21,'Balizador da Meta'!$C$4:$C$21) -> 210 | Q5: =Q4*_xlfn.XLOOKUP($L5,'Balizador da Meta'!$B$4:$B$21,'Balizador da Meta'!$C$4:$C$21) -> 210 | R5: =R4*_xlfn.XLOOKUP($L5,'Balizador da Meta'!$B$4:$B$21,'Balizador da Meta'!$C$4:$C$21) -> 210 | S5: =S4*_xlfn.XLOOKUP($L5,'Balizador da Meta'!$B$4:$B$21,'Balizador da Meta'!$C$4:$C$21) -> 210 | T5: =T4*_xlfn.XLOOKUP($L5,'Balizador da Meta'!$B$4:$B$21,'Balizador da Meta'!$C$4:$C$21) -> 210 | U5: =U4*_xlfn.XLOOKUP($L5,'Balizador da Meta'!$B$4:$B$21,'Balizador da Meta'!$C$4:$C$21) -> 210 | ... Y5: =Y4*_xlfn.XLOOKUP($L5,'Balizador da Meta'!$B$4:$B$21,'Balizador da Meta'!$C$4:$C$21) -> 210 | Z5: =SUM(N5:Y5) -> 2520 | AB5: =SUMIFS('Historico - FAT'!AK:AK,'Historico - FAT'!$K:$K,Faturamento!$L5,'Historico - FAT'!$I:$I,Faturamento!$J5,'Historico - FAT'!$G:$G,Faturamento!$H5) -> 0 | AC5: =SUMIFS('Historico - FAT'!AL:AL,'Historico - FAT'!$K:$K,Faturamento!$L5,'Historico - FAT'!$I:$I,Faturamento!$J5,'Historico - FAT'!$G:$G,Faturamento!$H5) -> 0 | AD5: =SUMIFS('Historico - FAT'!AM:AM,'Historico - FAT'!$K:$K,Faturamento!$L5,'Historico - FAT'!$I:$I,Faturamento!$J5,'Historico - FAT'!$G:$G,Faturamento!$H5) -> 0 | AE5: =SUMIFS('Historico - FAT'!AN:AN,'Historico - FAT'!$K:$K,Faturamento!$L5,'Historico - FAT'!$I:$I,Faturamento!$J5,'Historico - FAT'!$G:$G,Faturamento!$H5) -> 0 | AG5: =IFERROR((AVERAGE(W5:Y5)-AB5)/AVERAGE(W5:Y5),"") -> 1 | AH5: =IFERROR((AVERAGE(W5:Y5)-AC5)/AVERAGE(W5:Y5),"") -> 1 | AI5: =IFERROR((AVERAGE(W5:Y5)-AD5)/AVERAGE(W5:Y5),"") -> 1
A6: =IF(OR(H6<>H5,J6<>J5),"SIM","NÃO") -> NÃO | B6: 1000184670 | C6: 01 - CANAL VENDA INTERNA | D6: 1000186197 | E6: 02 - INTERNA - CANAL VERDE | F6: 1000185288 | G6: 03 - SUL | H6: 1000189807 | I6: 04 - SC LITORAL | J6: 1000189749 | K6: 06 - INTERNA - ARMAZEM FIT STORE | L6: CHOCOLATES | M6: =_xlfn.CONCAT(B6,D6,H6,J6,L6,) -> 1000184670100018619710001898071000189749CHOCOLATES | N6: =N4*_xlfn.XLOOKUP($L6,'Balizador da Meta'!$B$4:$B$21,'Balizador da Meta'!$C$4:$C$21) -> 210 | O6: =O4*_xlfn.XLOOKUP($L6,'Balizador da Meta'!$B$4:$B$21,'Balizador da Meta'!$C$4:$C$21) -> 210 | P6: =P4*_xlfn.XLOOKUP($L6,'Balizador da Meta'!$B$4:$B$21,'Balizador da Meta'!$C$4:$C$21) -> 210 | Q6: =Q4*_xlfn.XLOOKUP($L6,'Balizador da Meta'!$B$4:$B$21,'Balizador da Meta'!$C$4:$C$21) -> 210 | R6: =R4*_xlfn.XLOOKUP($L6,'Balizador da Meta'!$B$4:$B$21,'Balizador da Meta'!$C$4:$C$21) -> 210 | S6: =S4*_xlfn.XLOOKUP($L6,'Balizador da Meta'!$B$4:$B$21,'Balizador da Meta'!$C$4:$C$21) -> 210 | T6: =T4*_xlfn.XLOOKUP($L6,'Balizador da Meta'!$B$4:$B$21,'Balizador da Meta'!$C$4:$C$21) -> 210 | U6: =U4*_xlfn.XLOOKUP($L6,'Balizador da Meta'!$B$4:$B$21,'Balizador da Meta'!$C$4:$C$21) -> 210 | ... Y6: =Y4*_xlfn.XLOOKUP($L6,'Balizador da Meta'!$B$4:$B$21,'Balizador da Meta'!$C$4:$C$21) -> 210 | Z6: =SUM(N6:Y6) -> 2520 | AB6: =SUMIFS('Historico - FAT'!AK:AK,'Historico - FAT'!$K:$K,Faturamento!$L6,'Historico - FAT'!$I:$I,Faturamento!$J6,'Historico - FAT'!$G:$G,Faturamento!$H6) -> 0 | AC6: =SUMIFS('Historico - FAT'!AL:AL,'Historico - FAT'!$K:$K,Faturamento!$L6,'Historico - FAT'!$I:$I,Faturamento!$J6,'Historico - FAT'!$G:$G,Faturamento!$H6) -> 0 | AD6: =SUMIFS('Historico - FAT'!AM:AM,'Historico - FAT'!$K:$K,Faturamento!$L6,'Historico - FAT'!$I:$I,Faturamento!$J6,'Historico - FAT'!$G:$G,Faturamento!$H6) -> 0 | AE6: =SUMIFS('Historico - FAT'!AN:AN,'Historico - FAT'!$K:$K,Faturamento!$L6,'Historico - FAT'!$I:$I,Faturamento!$J6,'Historico - FAT'!$G:$G,Faturamento!$H6) -> 0 | AG6: =IFERROR((AVERAGE(W6:Y6)-AB6)/AVERAGE(W6:Y6),"") -> 1 | AH6: =IFERROR((AVERAGE(W6:Y6)-AC6)/AVERAGE(W6:Y6),"") -> 1 | AI6: =IFERROR((AVERAGE(W6:Y6)-AD6)/AVERAGE(W6:Y6),"") -> 1
A7: =IF(OR(H7<>H6,J7<>J6),"SIM","NÃO") -> NÃO | B7: 1000184670 | C7: 01 - CANAL VENDA INTERNA | D7: 1000186197 | E7: 02 - INTERNA - CANAL VERDE | F7: 1000185288 | G7: 03 - SUL | H7: 1000189807 | I7: 04 - SC LITORAL | J7: 1000189749 | K7: 06 - INTERNA - ARMAZEM FIT STORE | L7: DISNEY | M7: =_xlfn.CONCAT(B7,D7,H7,J7,L7,) -> 1000184670100018619710001898071000189749DISNEY | N7: =N4*_xlfn.XLOOKUP($L7,'Balizador da Meta'!$B$4:$B$21,'Balizador da Meta'!$C$4:$C$21) -> 240 | O7: =O4*_xlfn.XLOOKUP($L7,'Balizador da Meta'!$B$4:$B$21,'Balizador da Meta'!$C$4:$C$21) -> 240 | P7: =P4*_xlfn.XLOOKUP($L7,'Balizador da Meta'!$B$4:$B$21,'Balizador da Meta'!$C$4:$C$21) -> 240 | Q7: =Q4*_xlfn.XLOOKUP($L7,'Balizador da Meta'!$B$4:$B$21,'Balizador da Meta'!$C$4:$C$21) -> 240 | R7: =R4*_xlfn.XLOOKUP($L7,'Balizador da Meta'!$B$4:$B$21,'Balizador da Meta'!$C$4:$C$21) -> 240 | S7: =S4*_xlfn.XLOOKUP($L7,'Balizador da Meta'!$B$4:$B$21,'Balizador da Meta'!$C$4:$C$21) -> 240 | T7: =T4*_xlfn.XLOOKUP($L7,'Balizador da Meta'!$B$4:$B$21,'Balizador da Meta'!$C$4:$C$21) -> 240 | U7: =U4*_xlfn.XLOOKUP($L7,'Balizador da Meta'!$B$4:$B$21,'Balizador da Meta'!$C$4:$C$21) -> 240 | ... Y7: =Y4*_xlfn.XLOOKUP($L7,'Balizador da Meta'!$B$4:$B$21,'Balizador da Meta'!$C$4:$C$21) -> 240 | Z7: =SUM(N7:Y7) -> 2880 | AB7: =SUMIFS('Historico - FAT'!AK:AK,'Historico - FAT'!$K:$K,Faturamento!$L7,'Historico - FAT'!$I:$I,Faturamento!$J7,'Historico - FAT'!$G:$G,Faturamento!$H7) -> 0 | AC7: =SUMIFS('Historico - FAT'!AL:AL,'Historico - FAT'!$K:$K,Faturamento!$L7,'Historico - FAT'!$I:$I,Faturamento!$J7,'Historico - FAT'!$G:$G,Faturamento!$H7) -> 0 | AD7: =SUMIFS('Historico - FAT'!AM:AM,'Historico - FAT'!$K:$K,Faturamento!$L7,'Historico - FAT'!$I:$I,Faturamento!$J7,'Historico - FAT'!$G:$G,Faturamento!$H7) -> 0 | AE7: =SUMIFS('Historico - FAT'!AN:AN,'Historico - FAT'!$K:$K,Faturamento!$L7,'Historico - FAT'!$I:$I,Faturamento!$J7,'Historico - FAT'!$G:$G,Faturamento!$H7) -> 0 | AG7: =IFERROR((AVERAGE(W7:Y7)-AB7)/AVERAGE(W7:Y7),"") -> 1 | AH7: =IFERROR((AVERAGE(W7:Y7)-AC7)/AVERAGE(W7:Y7),"") -> 1 | AI7: =IFERROR((AVERAGE(W7:Y7)-AD7)/AVERAGE(W7:Y7),"") -> 1
A8: =IF(OR(H8<>H7,J8<>J7),"SIM","NÃO") -> NÃO | B8: 1000184670 | C8: 01 - CANAL VENDA INTERNA | D8: 1000186197 | E8: 02 - INTERNA - CANAL VERDE | F8: 1000185288 | G8: 03 - SUL | H8: 1000189807 | I8: 04 - SC LITORAL | J8: 1000189749 | K8: 06 - INTERNA - ARMAZEM FIT STORE | L8: DOCES | M8: =_xlfn.CONCAT(B8,D8,H8,J8,L8,) -> 1000184670100018619710001898071000189749DOCES | N8: =N4*_xlfn.XLOOKUP($L8,'Balizador da Meta'!$B$4:$B$21,'Balizador da Meta'!$C$4:$C$21) -> 270 | O8: =O4*_xlfn.XLOOKUP($L8,'Balizador da Meta'!$B$4:$B$21,'Balizador da Meta'!$C$4:$C$21) -> 270 | P8: =P4*_xlfn.XLOOKUP($L8,'Balizador da Meta'!$B$4:$B$21,'Balizador da Meta'!$C$4:$C$21) -> 270 | Q8: =Q4*_xlfn.XLOOKUP($L8,'Balizador da Meta'!$B$4:$B$21,'Balizador da Meta'!$C$4:$C$21) -> 270 | R8: =R4*_xlfn.XLOOKUP($L8,'Balizador da Meta'!$B$4:$B$21,'Balizador da Meta'!$C$4:$C$21) -> 270 | S8: =S4*_xlfn.XLOOKUP($L8,'Balizador da Meta'!$B$4:$B$21,'Balizador da Meta'!$C$4:$C$21) -> 270 | T8: =T4*_xlfn.XLOOKUP($L8,'Balizador da Meta'!$B$4:$B$21,'Balizador da Meta'!$C$4:$C$21) -> 270 | U8: =U4*_xlfn.XLOOKUP($L8,'Balizador da Meta'!$B$4:$B$21,'Balizador da Meta'!$C$4:$C$21) -> 270 | ... Y8: =Y4*_xlfn.XLOOKUP($L8,'Balizador da Meta'!$B$4:$B$21,'Balizador da Meta'!$C$4:$C$21) -> 270 | Z8: =SUM(N8:Y8) -> 3240 | AB8: =SUMIFS('Historico - FAT'!AK:AK,'Historico - FAT'!$K:$K,Faturamento!$L8,'Historico - FAT'!$I:$I,Faturamento!$J8,'Historico - FAT'!$G:$G,Faturamento!$H8) -> 0 | AC8: =SUMIFS('Historico - FAT'!AL:AL,'Historico - FAT'!$K:$K,Faturamento!$L8,'Historico - FAT'!$I:$I,Faturamento!$J8,'Historico - FAT'!$G:$G,Faturamento!$H8) -> 0 | AD8: =SUMIFS('Historico - FAT'!AM:AM,'Historico - FAT'!$K:$K,Faturamento!$L8,'Historico - FAT'!$I:$I,Faturamento!$J8,'Historico - FAT'!$G:$G,Faturamento!$H8) -> 0 | AE8: =SUMIFS('Historico - FAT'!AN:AN,'Historico - FAT'!$K:$K,Faturamento!$L8,'Historico - FAT'!$I:$I,Faturamento!$J8,'Historico - FAT'!$G:$G,Faturamento!$H8) -> 0 | AG8: =IFERROR((AVERAGE(W8:Y8)-AB8)/AVERAGE(W8:Y8),"") -> 1 | AH8: =IFERROR((AVERAGE(W8:Y8)-AC8)/AVERAGE(W8:Y8),"") -> 1 | AI8: =IFERROR((AVERAGE(W8:Y8)-AD8)/AVERAGE(W8:Y8),"") -> 1
A9: =IF(OR(H9<>H8,J9<>J8),"SIM","NÃO") -> NÃO | B9: 1000184670 | C9: 01 - CANAL VENDA INTERNA | D9: 1000186197 | E9: 02 - INTERNA - CANAL VERDE | F9: 1000185288 | G9: 03 - SUL | H9: 1000189807 | I9: 04 - SC LITORAL | J9: 1000189749 | K9: 06 - INTERNA - ARMAZEM FIT STORE | L9: FOOD SERVICE | M9: =_xlfn.CONCAT(B9,D9,H9,J9,L9,) -> 1000184670100018619710001898071000189749FOOD SERVICE | N9: =N4*_xlfn.XLOOKUP($L9,'Balizador da Meta'!$B$4:$B$21,'Balizador da Meta'!$C$4:$C$21) -> 0 | O9: =O4*_xlfn.XLOOKUP($L9,'Balizador da Meta'!$B$4:$B$21,'Balizador da Meta'!$C$4:$C$21) -> 0 | P9: =P4*_xlfn.XLOOKUP($L9,'Balizador da Meta'!$B$4:$B$21,'Balizador da Meta'!$C$4:$C$21) -> 0 | Q9: =Q4*_xlfn.XLOOKUP($L9,'Balizador da Meta'!$B$4:$B$21,'Balizador da Meta'!$C$4:$C$21) -> 0 | R9: =R4*_xlfn.XLOOKUP($L9,'Balizador da Meta'!$B$4:$B$21,'Balizador da Meta'!$C$4:$C$21) -> 0 | S9: =S4*_xlfn.XLOOKUP($L9,'Balizador da Meta'!$B$4:$B$21,'Balizador da Meta'!$C$4:$C$21) -> 0 | T9: =T4*_xlfn.XLOOKUP($L9,'Balizador da Meta'!$B$4:$B$21,'Balizador da Meta'!$C$4:$C$21) -> 0 | U9: =U4*_xlfn.XLOOKUP($L9,'Balizador da Meta'!$B$4:$B$21,'Balizador da Meta'!$C$4:$C$21) -> 0 | ... Y9: =Y4*_xlfn.XLOOKUP($L9,'Balizador da Meta'!$B$4:$B$21,'Balizador da Meta'!$C$4:$C$21) -> 0 | Z9: =SUM(N9:Y9) -> 0 | AB9: =SUMIFS('Historico - FAT'!AK:AK,'Historico - FAT'!$K:$K,Faturamento!$L9,'Historico - FAT'!$I:$I,Faturamento!$J9,'Historico - FAT'!$G:$G,Faturamento!$H9) -> 0 | AC9: =SUMIFS('Historico - FAT'!AL:AL,'Historico - FAT'!$K:$K,Faturamento!$L9,'Historico - FAT'!$I:$I,Faturamento!$J9,'Historico - FAT'!$G:$G,Faturamento!$H9) -> 0 | AD9: =SUMIFS('Historico - FAT'!AM:AM,'Historico - FAT'!$K:$K,Faturamento!$L9,'Historico - FAT'!$I:$I,Faturamento!$J9,'Historico - FAT'!$G:$G,Faturamento!$H9) -> 0 | AE9: =SUMIFS('Historico - FAT'!AN:AN,'Historico - FAT'!$K:$K,Faturamento!$L9,'Historico - FAT'!$I:$I,Faturamento!$J9,'Historico - FAT'!$G:$G,Faturamento!$H9) -> 0 | AG9: =IFERROR((AVERAGE(W9:Y9)-AB9)/AVERAGE(W9:Y9),"") | AH9: =IFERROR((AVERAGE(W9:Y9)-AC9)/AVERAGE(W9:Y9),"") | AI9: =IFERROR((AVERAGE(W9:Y9)-AD9)/AVERAGE(W9:Y9),"")
A10: =IF(OR(H10<>H9,J10<>J9),"SIM","NÃO") -> NÃO | B10: 1000184670 | C10: 01 - CANAL VENDA INTERNA | D10: 1000186197 | E10: 02 - INTERNA - CANAL VERDE | F10: 1000185288 | G10: 03 - SUL | H10: 1000189807 | I10: 04 - SC LITORAL | J10: 1000189749 | K10: 06 - INTERNA - ARMAZEM FIT STORE | L10: GELEIA | M10: =_xlfn.CONCAT(B10,D10,H10,J10,L10,) -> 1000184670100018619710001898071000189749GELEIA | N10: =N4*_xlfn.XLOOKUP($L10,'Balizador da Meta'!$B$4:$B$21,'Balizador da Meta'!$C$4:$C$21) -> 60 | O10: =O4*_xlfn.XLOOKUP($L10,'Balizador da Meta'!$B$4:$B$21,'Balizador da Meta'!$C$4:$C$21) -> 60 | P10: =P4*_xlfn.XLOOKUP($L10,'Balizador da Meta'!$B$4:$B$21,'Balizador da Meta'!$C$4:$C$21) -> 60 | Q10: =Q4*_xlfn.XLOOKUP($L10,'Balizador da Meta'!$B$4:$B$21,'Balizador da Meta'!$C$4:$C$21) -> 60 | R10: =R4*_xlfn.XLOOKUP($L10,'Balizador da Meta'!$B$4:$B$21,'Balizador da Meta'!$C$4:$C$21) -> 60 | S10: =S4*_xlfn.XLOOKUP($L10,'Balizador da Meta'!$B$4:$B$21,'Balizador da Meta'!$C$4:$C$21) -> 60 | T10: =T4*_xlfn.XLOOKUP($L10,'Balizador da Meta'!$B$4:$B$21,'Balizador da Meta'!$C$4:$C$21) -> 60 | U10: =U4*_xlfn.XLOOKUP($L10,'Balizador da Meta'!$B$4:$B$21,'Balizador da Meta'!$C$4:$C$21) -> 60 | ... Y10: =Y4*_xlfn.XLOOKUP($L10,'Balizador da Meta'!$B$4:$B$21,'Balizador da Meta'!$C$4:$C$21) -> 60 | Z10: =SUM(N10:Y10) -> 720 | AB10: =SUMIFS('Historico - FAT'!AK:AK,'Historico - FAT'!$K:$K,Faturamento!$L10,'Historico - FAT'!$I:$I,Faturamento!$J10,'Historico - FAT'!$G:$G,Faturamento!$H10) -> 0 | AC10: =SUMIFS('Historico - FAT'!AL:AL,'Historico - FAT'!$K:$K,Faturamento!$L10,'Historico - FAT'!$I:$I,Faturamento!$J10,'Historico - FAT'!$G:$G,Faturamento!$H10) -> 0 | AD10: =SUMIFS('Historico - FAT'!AM:AM,'Historico - FAT'!$K:$K,Faturamento!$L10,'Historico - FAT'!$I:$I,Faturamento!$J10,'Historico - FAT'!$G:$G,Faturamento!$H10) -> 0 | AE10: =SUMIFS('Historico - FAT'!AN:AN,'Historico - FAT'!$K:$K,Faturamento!$L10,'Historico - FAT'!$I:$I,Faturamento!$J10,'Historico - FAT'!$G:$G,Faturamento!$H10) -> 0 | AG10: =IFERROR((AVERAGE(W10:Y10)-AB10)/AVERAGE(W10:Y10),"") -> 1 | AH10: =IFERROR((AVERAGE(W10:Y10)-AC10)/AVERAGE(W10:Y10),"") -> 1 | AI10: =IFERROR((AVERAGE(W10:Y10)-AD10)/AVERAGE(W10:Y10),"") -> 1
A11: =IF(OR(H11<>H10,J11<>J10),"SIM","NÃO") -> NÃO | B11: 1000184670 | C11: 01 - CANAL VENDA INTERNA | D11: 1000186197 | E11: 02 - INTERNA - CANAL VERDE | F11: 1000185288 | G11: 03 - SUL | H11: 1000189807 | I11: 04 - SC LITORAL | J11: 1000189749 | K11: 06 - INTERNA - ARMAZEM FIT STORE | L11: GRANOLA | M11: =_xlfn.CONCAT(B11,D11,H11,J11,L11,) -> 1000184670100018619710001898071000189749GRANOLA | N11: =N4*_xlfn.XLOOKUP($L11,'Balizador da Meta'!$B$4:$B$21,'Balizador da Meta'!$C$4:$C$21) -> 60 | O11: =O4*_xlfn.XLOOKUP($L11,'Balizador da Meta'!$B$4:$B$21,'Balizador da Meta'!$C$4:$C$21) -> 60 | P11: =P4*_xlfn.XLOOKUP($L11,'Balizador da Meta'!$B$4:$B$21,'Balizador da Meta'!$C$4:$C$21) -> 60 | Q11: =Q4*_xlfn.XLOOKUP($L11,'Balizador da Meta'!$B$4:$B$21,'Balizador da Meta'!$C$4:$C$21) -> 60 | R11: =R4*_xlfn.XLOOKUP($L11,'Balizador da Meta'!$B$4:$B$21,'Balizador da Meta'!$C$4:$C$21) -> 60 | S11: =S4*_xlfn.XLOOKUP($L11,'Balizador da Meta'!$B$4:$B$21,'Balizador da Meta'!$C$4:$C$21) -> 60 | T11: =T4*_xlfn.XLOOKUP($L11,'Balizador da Meta'!$B$4:$B$21,'Balizador da Meta'!$C$4:$C$21) -> 60 | U11: =U4*_xlfn.XLOOKUP($L11,'Balizador da Meta'!$B$4:$B$21,'Balizador da Meta'!$C$4:$C$21) -> 60 | ... Y11: =Y4*_xlfn.XLOOKUP($L11,'Balizador da Meta'!$B$4:$B$21,'Balizador da Meta'!$C$4:$C$21) -> 60 | Z11: =SUM(N11:Y11) -> 720 | AB11: =SUMIFS('Historico - FAT'!AK:AK,'Historico - FAT'!$K:$K,Faturamento!$L11,'Historico - FAT'!$I:$I,Faturamento!$J11,'Historico - FAT'!$G:$G,Faturamento!$H11) -> 0 | AC11: =SUMIFS('Historico - FAT'!AL:AL,'Historico - FAT'!$K:$K,Faturamento!$L11,'Historico - FAT'!$I:$I,Faturamento!$J11,'Historico - FAT'!$G:$G,Faturamento!$H11) -> 0 | AD11: =SUMIFS('Historico - FAT'!AM:AM,'Historico - FAT'!$K:$K,Faturamento!$L11,'Historico - FAT'!$I:$I,Faturamento!$J11,'Historico - FAT'!$G:$G,Faturamento!$H11) -> 0 | AE11: =SUMIFS('Historico - FAT'!AN:AN,'Historico - FAT'!$K:$K,Faturamento!$L11,'Historico - FAT'!$I:$I,Faturamento!$J11,'Historico - FAT'!$G:$G,Faturamento!$H11) -> 0 | AG11: =IFERROR((AVERAGE(W11:Y11)-AB11)/AVERAGE(W11:Y11),"") -> 1 | AH11: =IFERROR((AVERAGE(W11:Y11)-AC11)/AVERAGE(W11:Y11),"") -> 1 | AI11: =IFERROR((AVERAGE(W11:Y11)-AD11)/AVERAGE(W11:Y11),"") -> 1
A12: =IF(OR(H12<>H11,J12<>J11),"SIM","NÃO") -> NÃO | B12: 1000184670 | C12: 01 - CANAL VENDA INTERNA | D12: 1000186197 | E12: 02 - INTERNA - CANAL VERDE | F12: 1000185288 | G12: 03 - SUL | H12: 1000189807 | I12: 04 - SC LITORAL | J12: 1000189749 | K12: 06 - INTERNA - ARMAZEM FIT STORE | L12: KIDS | M12: =_xlfn.CONCAT(B12,D12,H12,J12,L12,) -> 1000184670100018619710001898071000189749KIDS | N12: =N4*_xlfn.XLOOKUP($L12,'Balizador da Meta'!$B$4:$B$21,'Balizador da Meta'!$C$4:$C$21) -> 0 | O12: =O4*_xlfn.XLOOKUP($L12,'Balizador da Meta'!$B$4:$B$21,'Balizador da Meta'!$C$4:$C$21) -> 0 | P12: =P4*_xlfn.XLOOKUP($L12,'Balizador da Meta'!$B$4:$B$21,'Balizador da Meta'!$C$4:$C$21) -> 0 | Q12: =Q4*_xlfn.XLOOKUP($L12,'Balizador da Meta'!$B$4:$B$21,'Balizador da Meta'!$C$4:$C$21) -> 0 | R12: =R4*_xlfn.XLOOKUP($L12,'Balizador da Meta'!$B$4:$B$21,'Balizador da Meta'!$C$4:$C$21) -> 0 | S12: =S4*_xlfn.XLOOKUP($L12,'Balizador da Meta'!$B$4:$B$21,'Balizador da Meta'!$C$4:$C$21) -> 0 | T12: =T4*_xlfn.XLOOKUP($L12,'Balizador da Meta'!$B$4:$B$21,'Balizador da Meta'!$C$4:$C$21) -> 0 | U12: =U4*_xlfn.XLOOKUP($L12,'Balizador da Meta'!$B$4:$B$21,'Balizador da Meta'!$C$4:$C$21) -> 0 | ... Y12: =Y4*_xlfn.XLOOKUP($L12,'Balizador da Meta'!$B$4:$B$21,'Balizador da Meta'!$C$4:$C$21) -> 0 | Z12: =SUM(N12:Y12) -> 0 | AB12: =SUMIFS('Historico - FAT'!AK:AK,'Historico - FAT'!$K:$K,Faturamento!$L12,'Historico - FAT'!$I:$I,Faturamento!$J12,'Historico - FAT'!$G:$G,Faturamento!$H12) -> 0 | AC12: =SUMIFS('Historico - FAT'!AL:AL,'Historico - FAT'!$K:$K,Faturamento!$L12,'Historico - FAT'!$I:$I,Faturamento!$J12,'Historico - FAT'!$G:$G,Faturamento!$H12) -> 0 | AD12: =SUMIFS('Historico - FAT'!AM:AM,'Historico - FAT'!$K:$K,Faturamento!$L12,'Historico - FAT'!$I:$I,Faturamento!$J12,'Historico - FAT'!$G:$G,Faturamento!$H12) -> 0 | AE12: =SUMIFS('Historico - FAT'!AN:AN,'Historico - FAT'!$K:$K,Faturamento!$L12,'Historico - FAT'!$I:$I,Faturamento!$J12,'Historico - FAT'!$G:$G,Faturamento!$H12) -> 0 | AG12: =IFERROR((AVERAGE(W12:Y12)-AB12)/AVERAGE(W12:Y12),"") | AH12: =IFERROR((AVERAGE(W12:Y12)-AC12)/AVERAGE(W12:Y12),"") | AI12: =IFERROR((AVERAGE(W12:Y12)-AD12)/AVERAGE(W12:Y12),"")
A13: =IF(OR(H13<>H12,J13<>J12),"SIM","NÃO") -> NÃO | B13: 1000184670 | C13: 01 - CANAL VENDA INTERNA | D13: 1000186197 | E13: 02 - INTERNA - CANAL VERDE | F13: 1000185288 | G13: 03 - SUL | H13: 1000189807 | I13: 04 - SC LITORAL | J13: 1000189749 | K13: 06 - INTERNA - ARMAZEM FIT STORE | L13: LANCHES | M13: =_xlfn.CONCAT(B13,D13,H13,J13,L13,) -> 1000184670100018619710001898071000189749LANCHES | N13: =N4*_xlfn.XLOOKUP($L13,'Balizador da Meta'!$B$4:$B$21,'Balizador da Meta'!$C$4:$C$21) -> 30 | O13: =O4*_xlfn.XLOOKUP($L13,'Balizador da Meta'!$B$4:$B$21,'Balizador da Meta'!$C$4:$C$21) -> 30 | P13: =P4*_xlfn.XLOOKUP($L13,'Balizador da Meta'!$B$4:$B$21,'Balizador da Meta'!$C$4:$C$21) -> 30 | Q13: =Q4*_xlfn.XLOOKUP($L13,'Balizador da Meta'!$B$4:$B$21,'Balizador da Meta'!$C$4:$C$21) -> 30 | R13: =R4*_xlfn.XLOOKUP($L13,'Balizador da Meta'!$B$4:$B$21,'Balizador da Meta'!$C$4:$C$21) -> 30 | S13: =S4*_xlfn.XLOOKUP($L13,'Balizador da Meta'!$B$4:$B$21,'Balizador da Meta'!$C$4:$C$21) -> 30 | T13: =T4*_xlfn.XLOOKUP($L13,'Balizador da Meta'!$B$4:$B$21,'Balizador da Meta'!$C$4:$C$21) -> 30 | U13: =U4*_xlfn.XLOOKUP($L13,'Balizador da Meta'!$B$4:$B$21,'Balizador da Meta'!$C$4:$C$21) -> 30 | ... Y13: =Y4*_xlfn.XLOOKUP($L13,'Balizador da Meta'!$B$4:$B$21,'Balizador da Meta'!$C$4:$C$21) -> 30 | Z13: =SUM(N13:Y13) -> 360 | AB13: =SUMIFS('Historico - FAT'!AK:AK,'Historico - FAT'!$K:$K,Faturamento!$L13,'Historico - FAT'!$I:$I,Faturamento!$J13,'Historico - FAT'!$G:$G,Faturamento!$H13) -> 0 | AC13: =SUMIFS('Historico - FAT'!AL:AL,'Historico - FAT'!$K:$K,Faturamento!$L13,'Historico - FAT'!$I:$I,Faturamento!$J13,'Historico - FAT'!$G:$G,Faturamento!$H13) -> 0 | AD13: =SUMIFS('Historico - FAT'!AM:AM,'Historico - FAT'!$K:$K,Faturamento!$L13,'Historico - FAT'!$I:$I,Faturamento!$J13,'Historico - FAT'!$G:$G,Faturamento!$H13) -> 0 | AE13: =SUMIFS('Historico - FAT'!AN:AN,'Historico - FAT'!$K:$K,Faturamento!$L13,'Historico - FAT'!$I:$I,Faturamento!$J13,'Historico - FAT'!$G:$G,Faturamento!$H13) -> 0 | AG13: =IFERROR((AVERAGE(W13:Y13)-AB13)/AVERAGE(W13:Y13),"") -> 1 | AH13: =IFERROR((AVERAGE(W13:Y13)-AC13)/AVERAGE(W13:Y13),"") -> 1 | AI13: =IFERROR((AVERAGE(W13:Y13)-AD13)/AVERAGE(W13:Y13),"") -> 1
A14: =IF(OR(H14<>H13,J14<>J13),"SIM","NÃO") -> NÃO | B14: 1000184670 | C14: 01 - CANAL VENDA INTERNA | D14: 1000186197 | E14: 02 - INTERNA - CANAL VERDE | F14: 1000185288 | G14: 03 - SUL | H14: 1000189807 | I14: 04 - SC LITORAL | J14: 1000189749 | K14: 06 - INTERNA - ARMAZEM FIT STORE | L14: MAIS GRANEL | M14: =_xlfn.CONCAT(B14,D14,H14,J14,L14,) -> 1000184670100018619710001898071000189749MAIS GRANEL | N14: =N4*_xlfn.XLOOKUP($L14,'Balizador da Meta'!$B$4:$B$21,'Balizador da Meta'!$C$4:$C$21) -> 960 | O14: =O4*_xlfn.XLOOKUP($L14,'Balizador da Meta'!$B$4:$B$21,'Balizador da Meta'!$C$4:$C$21) -> 960 | P14: =P4*_xlfn.XLOOKUP($L14,'Balizador da Meta'!$B$4:$B$21,'Balizador da Meta'!$C$4:$C$21) -> 960 | Q14: =Q4*_xlfn.XLOOKUP($L14,'Balizador da Meta'!$B$4:$B$21,'Balizador da Meta'!$C$4:$C$21) -> 960 | R14: =R4*_xlfn.XLOOKUP($L14,'Balizador da Meta'!$B$4:$B$21,'Balizador da Meta'!$C$4:$C$21) -> 960 | S14: =S4*_xlfn.XLOOKUP($L14,'Balizador da Meta'!$B$4:$B$21,'Balizador da Meta'!$C$4:$C$21) -> 960 | T14: =T4*_xlfn.XLOOKUP($L14,'Balizador da Meta'!$B$4:$B$21,'Balizador da Meta'!$C$4:$C$21) -> 960 | U14: =U4*_xlfn.XLOOKUP($L14,'Balizador da Meta'!$B$4:$B$21,'Balizador da Meta'!$C$4:$C$21) -> 960 | ... Y14: =Y4*_xlfn.XLOOKUP($L14,'Balizador da Meta'!$B$4:$B$21,'Balizador da Meta'!$C$4:$C$21) -> 960 | Z14: =SUM(N14:Y14) -> 11520 | AB14: =SUMIFS('Historico - FAT'!AK:AK,'Historico - FAT'!$K:$K,Faturamento!$L14,'Historico - FAT'!$I:$I,Faturamento!$J14,'Historico - FAT'!$G:$G,Faturamento!$H14) -> 0 | AC14: =SUMIFS('Historico - FAT'!AL:AL,'Historico - FAT'!$K:$K,Faturamento!$L14,'Historico - FAT'!$I:$I,Faturamento!$J14,'Historico - FAT'!$G:$G,Faturamento!$H14) -> 0 | AD14: =SUMIFS('Historico - FAT'!AM:AM,'Historico - FAT'!$K:$K,Faturamento!$L14,'Historico - FAT'!$I:$I,Faturamento!$J14,'Historico - FAT'!$G:$G,Faturamento!$H14) -> 0 | AE14: =SUMIFS('Historico - FAT'!AN:AN,'Historico - FAT'!$K:$K,Faturamento!$L14,'Historico - FAT'!$I:$I,Faturamento!$J14,'Historico - FAT'!$G:$G,Faturamento!$H14) -> 0 | AG14: =IFERROR((AVERAGE(W14:Y14)-AB14)/AVERAGE(W14:Y14),"") -> 1 | AH14: =IFERROR((AVERAGE(W14:Y14)-AC14)/AVERAGE(W14:Y14),"") -> 1 | AI14: =IFERROR((AVERAGE(W14:Y14)-AD14)/AVERAGE(W14:Y14),"") -> 1
A15: =IF(OR(H15<>H14,J15<>J14),"SIM","NÃO") -> NÃO | B15: 1000184670 | C15: 01 - CANAL VENDA INTERNA | D15: 1000186197 | E15: 02 - INTERNA - CANAL VERDE | F15: 1000185288 | G15: 03 - SUL | H15: 1000189807 | I15: 04 - SC LITORAL | J15: 1000189749 | K15: 06 - INTERNA - ARMAZEM FIT STORE | L15: NATURATTA | M15: =_xlfn.CONCAT(B15,D15,H15,J15,L15,) -> 1000184670100018619710001898071000189749NATURATTA | N15: =N4*_xlfn.XLOOKUP($L15,'Balizador da Meta'!$B$4:$B$21,'Balizador da Meta'!$C$4:$C$21) -> 150 | O15: =O4*_xlfn.XLOOKUP($L15,'Balizador da Meta'!$B$4:$B$21,'Balizador da Meta'!$C$4:$C$21) -> 150 | P15: =P4*_xlfn.XLOOKUP($L15,'Balizador da Meta'!$B$4:$B$21,'Balizador da Meta'!$C$4:$C$21) -> 150 | Q15: =Q4*_xlfn.XLOOKUP($L15,'Balizador da Meta'!$B$4:$B$21,'Balizador da Meta'!$C$4:$C$21) -> 150 | R15: =R4*_xlfn.XLOOKUP($L15,'Balizador da Meta'!$B$4:$B$21,'Balizador da Meta'!$C$4:$C$21) -> 150 | S15: =S4*_xlfn.XLOOKUP($L15,'Balizador da Meta'!$B$4:$B$21,'Balizador da Meta'!$C$4:$C$21) -> 150 | T15: =T4*_xlfn.XLOOKUP($L15,'Balizador da Meta'!$B$4:$B$21,'Balizador da Meta'!$C$4:$C$21) -> 150 | U15: =U4*_xlfn.XLOOKUP($L15,'Balizador da Meta'!$B$4:$B$21,'Balizador da Meta'!$C$4:$C$21) -> 150 | ... Y15: =Y4*_xlfn.XLOOKUP($L15,'Balizador da Meta'!$B$4:$B$21,'Balizador da Meta'!$C$4:$C$21) -> 150 | Z15: =SUM(N15:Y15) -> 1800 | AB15: =SUMIFS('Historico - FAT'!AK:AK,'Historico - FAT'!$K:$K,Faturamento!$L15,'Historico - FAT'!$I:$I,Faturamento!$J15,'Historico - FAT'!$G:$G,Faturamento!$H15) -> 0 | AC15: =SUMIFS('Historico - FAT'!AL:AL,'Historico - FAT'!$K:$K,Faturamento!$L15,'Historico - FAT'!$I:$I,Faturamento!$J15,'Historico - FAT'!$G:$G,Faturamento!$H15) -> 0 | AD15: =SUMIFS('Historico - FAT'!AM:AM,'Historico - FAT'!$K:$K,Faturamento!$L15,'Historico - FAT'!$I:$I,Faturamento!$J15,'Historico - FAT'!$G:$G,Faturamento!$H15) -> 0 | AE15: =SUMIFS('Historico - FAT'!AN:AN,'Historico - FAT'!$K:$K,Faturamento!$L15,'Historico - FAT'!$I:$I,Faturamento!$J15,'Historico - FAT'!$G:$G,Faturamento!$H15) -> 0 | AG15: =IFERROR((AVERAGE(W15:Y15)-AB15)/AVERAGE(W15:Y15),"") -> 1 | AH15: =IFERROR((AVERAGE(W15:Y15)-AC15)/AVERAGE(W15:Y15),"") -> 1 | AI15: =IFERROR((AVERAGE(W15:Y15)-AD15)/AVERAGE(W15:Y15),"") -> 1
A16: =IF(OR(H16<>H15,J16<>J15),"SIM","NÃO") -> NÃO | B16: 1000184670 | C16: 01 - CANAL VENDA INTERNA | D16: 1000186197 | E16: 02 - INTERNA - CANAL VERDE | F16: 1000185288 | G16: 03 - SUL | H16: 1000189807 | I16: 04 - SC LITORAL | J16: 1000189749 | K16: 06 - INTERNA - ARMAZEM FIT STORE | L16: REEMBALADOS | M16: =_xlfn.CONCAT(B16,D16,H16,J16,L16,) -> 1000184670100018619710001898071000189749REEMBALADOS | N16: =N4*_xlfn.XLOOKUP($L16,'Balizador da Meta'!$B$4:$B$21,'Balizador da Meta'!$C$4:$C$21) -> 120 | O16: =O4*_xlfn.XLOOKUP($L16,'Balizador da Meta'!$B$4:$B$21,'Balizador da Meta'!$C$4:$C$21) -> 120 | P16: =P4*_xlfn.XLOOKUP($L16,'Balizador da Meta'!$B$4:$B$21,'Balizador da Meta'!$C$4:$C$21) -> 120 | Q16: =Q4*_xlfn.XLOOKUP($L16,'Balizador da Meta'!$B$4:$B$21,'Balizador da Meta'!$C$4:$C$21) -> 120 | R16: =R4*_xlfn.XLOOKUP($L16,'Balizador da Meta'!$B$4:$B$21,'Balizador da Meta'!$C$4:$C$21) -> 120 | S16: =S4*_xlfn.XLOOKUP($L16,'Balizador da Meta'!$B$4:$B$21,'Balizador da Meta'!$C$4:$C$21) -> 120 | T16: =T4*_xlfn.XLOOKUP($L16,'Balizador da Meta'!$B$4:$B$21,'Balizador da Meta'!$C$4:$C$21) -> 120 | U16: =U4*_xlfn.XLOOKUP($L16,'Balizador da Meta'!$B$4:$B$21,'Balizador da Meta'!$C$4:$C$21) -> 120 | ... Y16: =Y4*_xlfn.XLOOKUP($L16,'Balizador da Meta'!$B$4:$B$21,'Balizador da Meta'!$C$4:$C$21) -> 120 | Z16: =SUM(N16:Y16) -> 1440 | AB16: =SUMIFS('Historico - FAT'!AK:AK,'Historico - FAT'!$K:$K,Faturamento!$L16,'Historico - FAT'!$I:$I,Faturamento!$J16,'Historico - FAT'!$G:$G,Faturamento!$H16) -> 0 | AC16: =SUMIFS('Historico - FAT'!AL:AL,'Historico - FAT'!$K:$K,Faturamento!$L16,'Historico - FAT'!$I:$I,Faturamento!$J16,'Historico - FAT'!$G:$G,Faturamento!$H16) -> 0 | AD16: =SUMIFS('Historico - FAT'!AM:AM,'Historico - FAT'!$K:$K,Faturamento!$L16,'Historico - FAT'!$I:$I,Faturamento!$J16,'Historico - FAT'!$G:$G,Faturamento!$H16) -> 0 | AE16: =SUMIFS('Historico - FAT'!AN:AN,'Historico - FAT'!$K:$K,Faturamento!$L16,'Historico - FAT'!$I:$I,Faturamento!$J16,'Historico - FAT'!$G:$G,Faturamento!$H16) -> 0 | AG16: =IFERROR((AVERAGE(W16:Y16)-AB16)/AVERAGE(W16:Y16),"") -> 1 | AH16: =IFERROR((AVERAGE(W16:Y16)-AC16)/AVERAGE(W16:Y16),"") -> 1 | AI16: =IFERROR((AVERAGE(W16:Y16)-AD16)/AVERAGE(W16:Y16),"") -> 1
A17: =IF(OR(H17<>H16,J17<>J16),"SIM","NÃO") -> NÃO | B17: 1000184670 | C17: 01 - CANAL VENDA INTERNA | D17: 1000186197 | E17: 02 - INTERNA - CANAL VERDE | F17: 1000185288 | G17: 03 - SUL | H17: 1000189807 | I17: 04 - SC LITORAL | J17: 1000189749 | K17: 06 - INTERNA - ARMAZEM FIT STORE | L17: S GLUTEN | M17: =_xlfn.CONCAT(B17,D17,H17,J17,L17,) -> 1000184670100018619710001898071000189749S GLUTEN | N17: =N4*_xlfn.XLOOKUP($L17,'Balizador da Meta'!$B$4:$B$21,'Balizador da Meta'!$C$4:$C$21) -> 120 | O17: =O4*_xlfn.XLOOKUP($L17,'Balizador da Meta'!$B$4:$B$21,'Balizador da Meta'!$C$4:$C$21) -> 120 | P17: =P4*_xlfn.XLOOKUP($L17,'Balizador da Meta'!$B$4:$B$21,'Balizador da Meta'!$C$4:$C$21) -> 120 | Q17: =Q4*_xlfn.XLOOKUP($L17,'Balizador da Meta'!$B$4:$B$21,'Balizador da Meta'!$C$4:$C$21) -> 120 | R17: =R4*_xlfn.XLOOKUP($L17,'Balizador da Meta'!$B$4:$B$21,'Balizador da Meta'!$C$4:$C$21) -> 120 | S17: =S4*_xlfn.XLOOKUP($L17,'Balizador da Meta'!$B$4:$B$21,'Balizador da Meta'!$C$4:$C$21) -> 120 | T17: =T4*_xlfn.XLOOKUP($L17,'Balizador da Meta'!$B$4:$B$21,'Balizador da Meta'!$C$4:$C$21) -> 120 | U17: =U4*_xlfn.XLOOKUP($L17,'Balizador da Meta'!$B$4:$B$21,'Balizador da Meta'!$C$4:$C$21) -> 120 | ... Y17: =Y4*_xlfn.XLOOKUP($L17,'Balizador da Meta'!$B$4:$B$21,'Balizador da Meta'!$C$4:$C$21) -> 120 | Z17: =SUM(N17:Y17) -> 1440 | AB17: =SUMIFS('Historico - FAT'!AK:AK,'Historico - FAT'!$K:$K,Faturamento!$L17,'Historico - FAT'!$I:$I,Faturamento!$J17,'Historico - FAT'!$G:$G,Faturamento!$H17) -> 0 | AC17: =SUMIFS('Historico - FAT'!AL:AL,'Historico - FAT'!$K:$K,Faturamento!$L17,'Historico - FAT'!$I:$I,Faturamento!$J17,'Historico - FAT'!$G:$G,Faturamento!$H17) -> 0 | AD17: =SUMIFS('Historico - FAT'!AM:AM,'Historico - FAT'!$K:$K,Faturamento!$L17,'Historico - FAT'!$I:$I,Faturamento!$J17,'Historico - FAT'!$G:$G,Faturamento!$H17) -> 0 | AE17: =SUMIFS('Historico - FAT'!AN:AN,'Historico - FAT'!$K:$K,Faturamento!$L17,'Historico - FAT'!$I:$I,Faturamento!$J17,'Historico - FAT'!$G:$G,Faturamento!$H17) -> 0 | AG17: =IFERROR((AVERAGE(W17:Y17)-AB17)/AVERAGE(W17:Y17),"") -> 1 | AH17: =IFERROR((AVERAGE(W17:Y17)-AC17)/AVERAGE(W17:Y17),"") -> 1 | AI17: =IFERROR((AVERAGE(W17:Y17)-AD17)/AVERAGE(W17:Y17),"") -> 1
A18: =IF(OR(H18<>H17,J18<>J17),"SIM","NÃO") -> NÃO | B18: 1000184670 | C18: 01 - CANAL VENDA INTERNA | D18: 1000186197 | E18: 02 - INTERNA - CANAL VERDE | F18: 1000185288 | G18: 03 - SUL | H18: 1000189807 | I18: 04 - SC LITORAL | J18: 1000189749 | K18: 06 - INTERNA - ARMAZEM FIT STORE | L18: SABORES DO CAMPO | M18: =_xlfn.CONCAT(B18,D18,H18,J18,L18,) -> 1000184670100018619710001898071000189749SABORES DO CAMPO | N18: =N4*_xlfn.XLOOKUP($L18,'Balizador da Meta'!$B$4:$B$21,'Balizador da Meta'!$C$4:$C$21) -> 0 | O18: =O4*_xlfn.XLOOKUP($L18,'Balizador da Meta'!$B$4:$B$21,'Balizador da Meta'!$C$4:$C$21) -> 0 | P18: =P4*_xlfn.XLOOKUP($L18,'Balizador da Meta'!$B$4:$B$21,'Balizador da Meta'!$C$4:$C$21) -> 0 | Q18: =Q4*_xlfn.XLOOKUP($L18,'Balizador da Meta'!$B$4:$B$21,'Balizador da Meta'!$C$4:$C$21) -> 0 | R18: =R4*_xlfn.XLOOKUP($L18,'Balizador da Meta'!$B$4:$B$21,'Balizador da Meta'!$C$4:$C$21) -> 0 | S18: =S4*_xlfn.XLOOKUP($L18,'Balizador da Meta'!$B$4:$B$21,'Balizador da Meta'!$C$4:$C$21) -> 0 | T18: =T4*_xlfn.XLOOKUP($L18,'Balizador da Meta'!$B$4:$B$21,'Balizador da Meta'!$C$4:$C$21) -> 0 | U18: =U4*_xlfn.XLOOKUP($L18,'Balizador da Meta'!$B$4:$B$21,'Balizador da Meta'!$C$4:$C$21) -> 0 | ... Y18: =Y4*_xlfn.XLOOKUP($L18,'Balizador da Meta'!$B$4:$B$21,'Balizador da Meta'!$C$4:$C$21) -> 0 | Z18: =SUM(N18:Y18) -> 0 | AB18: =SUMIFS('Historico - FAT'!AK:AK,'Historico - FAT'!$K:$K,Faturamento!$L18,'Historico - FAT'!$I:$I,Faturamento!$J18,'Historico - FAT'!$G:$G,Faturamento!$H18) -> 0 | AC18: =SUMIFS('Historico - FAT'!AL:AL,'Historico - FAT'!$K:$K,Faturamento!$L18,'Historico - FAT'!$I:$I,Faturamento!$J18,'Historico - FAT'!$G:$G,Faturamento!$H18) -> 0 | AD18: =SUMIFS('Historico - FAT'!AM:AM,'Historico - FAT'!$K:$K,Faturamento!$L18,'Historico - FAT'!$I:$I,Faturamento!$J18,'Historico - FAT'!$G:$G,Faturamento!$H18) -> 0 | AE18: =SUMIFS('Historico - FAT'!AN:AN,'Historico - FAT'!$K:$K,Faturamento!$L18,'Historico - FAT'!$I:$I,Faturamento!$J18,'Historico - FAT'!$G:$G,Faturamento!$H18) -> 0 | AG18: =IFERROR((AVERAGE(W18:Y18)-AB18)/AVERAGE(W18:Y18),"") | AH18: =IFERROR((AVERAGE(W18:Y18)-AC18)/AVERAGE(W18:Y18),"") | AI18: =IFERROR((AVERAGE(W18:Y18)-AD18)/AVERAGE(W18:Y18),"")
A19: =IF(OR(H19<>H18,J19<>J18),"SIM","NÃO") -> NÃO | B19: 1000184670 | C19: 01 - CANAL VENDA INTERNA | D19: 1000186197 | E19: 02 - INTERNA - CANAL VERDE | F19: 1000185288 | G19: 03 - SUL | H19: 1000189807 | I19: 04 - SC LITORAL | J19: 1000189749 | K19: 06 - INTERNA - ARMAZEM FIT STORE | L19: SAL | M19: =_xlfn.CONCAT(B19,D19,H19,J19,L19,) -> 1000184670100018619710001898071000189749SAL | N19: =N4*_xlfn.XLOOKUP($L19,'Balizador da Meta'!$B$4:$B$21,'Balizador da Meta'!$C$4:$C$21) -> 60 | O19: =O4*_xlfn.XLOOKUP($L19,'Balizador da Meta'!$B$4:$B$21,'Balizador da Meta'!$C$4:$C$21) -> 60 | P19: =P4*_xlfn.XLOOKUP($L19,'Balizador da Meta'!$B$4:$B$21,'Balizador da Meta'!$C$4:$C$21) -> 60 | Q19: =Q4*_xlfn.XLOOKUP($L19,'Balizador da Meta'!$B$4:$B$21,'Balizador da Meta'!$C$4:$C$21) -> 60 | R19: =R4*_xlfn.XLOOKUP($L19,'Balizador da Meta'!$B$4:$B$21,'Balizador da Meta'!$C$4:$C$21) -> 60 | S19: =S4*_xlfn.XLOOKUP($L19,'Balizador da Meta'!$B$4:$B$21,'Balizador da Meta'!$C$4:$C$21) -> 60 | T19: =T4*_xlfn.XLOOKUP($L19,'Balizador da Meta'!$B$4:$B$21,'Balizador da Meta'!$C$4:$C$21) -> 60 | U19: =U4*_xlfn.XLOOKUP($L19,'Balizador da Meta'!$B$4:$B$21,'Balizador da Meta'!$C$4:$C$21) -> 60 | ... Y19: =Y4*_xlfn.XLOOKUP($L19,'Balizador da Meta'!$B$4:$B$21,'Balizador da Meta'!$C$4:$C$21) -> 60 | Z19: =SUM(N19:Y19) -> 720 | AB19: =SUMIFS('Historico - FAT'!AK:AK,'Historico - FAT'!$K:$K,Faturamento!$L19,'Historico - FAT'!$I:$I,Faturamento!$J19,'Historico - FAT'!$G:$G,Faturamento!$H19) -> 0 | AC19: =SUMIFS('Historico - FAT'!AL:AL,'Historico - FAT'!$K:$K,Faturamento!$L19,'Historico - FAT'!$I:$I,Faturamento!$J19,'Historico - FAT'!$G:$G,Faturamento!$H19) -> 0 | AD19: =SUMIFS('Historico - FAT'!AM:AM,'Historico - FAT'!$K:$K,Faturamento!$L19,'Historico - FAT'!$I:$I,Faturamento!$J19,'Historico - FAT'!$G:$G,Faturamento!$H19) -> 0 | AE19: =SUMIFS('Historico - FAT'!AN:AN,'Historico - FAT'!$K:$K,Faturamento!$L19,'Historico - FAT'!$I:$I,Faturamento!$J19,'Historico - FAT'!$G:$G,Faturamento!$H19) -> 0 | AG19: =IFERROR((AVERAGE(W19:Y19)-AB19)/AVERAGE(W19:Y19),"") -> 1 | AH19: =IFERROR((AVERAGE(W19:Y19)-AC19)/AVERAGE(W19:Y19),"") -> 1 | AI19: =IFERROR((AVERAGE(W19:Y19)-AD19)/AVERAGE(W19:Y19),"") -> 1
A20: =IF(OR(H20<>H19,J20<>J19),"SIM","NÃO") -> NÃO | B20: 1000184670 | C20: 01 - CANAL VENDA INTERNA | D20: 1000186197 | E20: 02 - INTERNA - CANAL VERDE | F20: 1000185288 | G20: 03 - SUL | H20: 1000189807 | I20: 04 - SC LITORAL | J20: 1000189749 | K20: 06 - INTERNA - ARMAZEM FIT STORE | L20: SOULPRO | M20: =_xlfn.CONCAT(B20,D20,H20,J20,L20,) -> 1000184670100018619710001898071000189749SOULPRO | N20: =N4*_xlfn.XLOOKUP($L20,'Balizador da Meta'!$B$4:$B$21,'Balizador da Meta'!$C$4:$C$21) -> 180 | O20: =O4*_xlfn.XLOOKUP($L20,'Balizador da Meta'!$B$4:$B$21,'Balizador da Meta'!$C$4:$C$21) -> 180 | P20: =P4*_xlfn.XLOOKUP($L20,'Balizador da Meta'!$B$4:$B$21,'Balizador da Meta'!$C$4:$C$21) -> 180 | Q20: =Q4*_xlfn.XLOOKUP($L20,'Balizador da Meta'!$B$4:$B$21,'Balizador da Meta'!$C$4:$C$21) -> 180 | R20: =R4*_xlfn.XLOOKUP($L20,'Balizador da Meta'!$B$4:$B$21,'Balizador da Meta'!$C$4:$C$21) -> 180 | S20: =S4*_xlfn.XLOOKUP($L20,'Balizador da Meta'!$B$4:$B$21,'Balizador da Meta'!$C$4:$C$21) -> 180 | T20: =T4*_xlfn.XLOOKUP($L20,'Balizador da Meta'!$B$4:$B$21,'Balizador da Meta'!$C$4:$C$21) -> 180 | U20: =U4*_xlfn.XLOOKUP($L20,'Balizador da Meta'!$B$4:$B$21,'Balizador da Meta'!$C$4:$C$21) -> 180 | ... Y20: =Y4*_xlfn.XLOOKUP($L20,'Balizador da Meta'!$B$4:$B$21,'Balizador da Meta'!$C$4:$C$21) -> 180 | Z20: =SUM(N20:Y20) -> 2160 | AB20: =SUMIFS('Historico - FAT'!AK:AK,'Historico - FAT'!$K:$K,Faturamento!$L20,'Historico - FAT'!$I:$I,Faturamento!$J20,'Historico - FAT'!$G:$G,Faturamento!$H20) -> 0 | AC20: =SUMIFS('Historico - FAT'!AL:AL,'Historico - FAT'!$K:$K,Faturamento!$L20,'Historico - FAT'!$I:$I,Faturamento!$J20,'Historico - FAT'!$G:$G,Faturamento!$H20) -> 0 | AD20: =SUMIFS('Historico - FAT'!AM:AM,'Historico - FAT'!$K:$K,Faturamento!$L20,'Historico - FAT'!$I:$I,Faturamento!$J20,'Historico - FAT'!$G:$G,Faturamento!$H20) -> 0 | AE20: =SUMIFS('Historico - FAT'!AN:AN,'Historico - FAT'!$K:$K,Faturamento!$L20,'Historico - FAT'!$I:$I,Faturamento!$J20,'Historico - FAT'!$G:$G,Faturamento!$H20) -> 0 | AG20: =IFERROR((AVERAGE(W20:Y20)-AB20)/AVERAGE(W20:Y20),"") -> 1 | AH20: =IFERROR((AVERAGE(W20:Y20)-AC20)/AVERAGE(W20:Y20),"") -> 1 | AI20: =IFERROR((AVERAGE(W20:Y20)-AD20)/AVERAGE(W20:Y20),"") -> 1
A21: =IF(OR(H21<>H20,J21<>J20),"SIM","NÃO") -> NÃO | B21: 1000184670 | C21: 01 - CANAL VENDA INTERNA | D21: 1000186197 | E21: 02 - INTERNA - CANAL VERDE | F21: 1000185288 | G21: 03 - SUL | H21: 1000189807 | I21: 04 - SC LITORAL | J21: 1000189749 | K21: 06 - INTERNA - ARMAZEM FIT STORE | L21: TAMARA | M21: =_xlfn.CONCAT(B21,D21,H21,J21,L21,) -> 1000184670100018619710001898071000189749TAMARA | N21: =N4*_xlfn.XLOOKUP($L21,'Balizador da Meta'!$B$4:$B$21,'Balizador da Meta'!$C$4:$C$21) -> 240 | O21: =O4*_xlfn.XLOOKUP($L21,'Balizador da Meta'!$B$4:$B$21,'Balizador da Meta'!$C$4:$C$21) -> 240 | P21: =P4*_xlfn.XLOOKUP($L21,'Balizador da Meta'!$B$4:$B$21,'Balizador da Meta'!$C$4:$C$21) -> 240 | Q21: =Q4*_xlfn.XLOOKUP($L21,'Balizador da Meta'!$B$4:$B$21,'Balizador da Meta'!$C$4:$C$21) -> 240 | R21: =R4*_xlfn.XLOOKUP($L21,'Balizador da Meta'!$B$4:$B$21,'Balizador da Meta'!$C$4:$C$21) -> 240 | S21: =S4*_xlfn.XLOOKUP($L21,'Balizador da Meta'!$B$4:$B$21,'Balizador da Meta'!$C$4:$C$21) -> 240 | T21: =T4*_xlfn.XLOOKUP($L21,'Balizador da Meta'!$B$4:$B$21,'Balizador da Meta'!$C$4:$C$21) -> 240 | U21: =U4*_xlfn.XLOOKUP($L21,'Balizador da Meta'!$B$4:$B$21,'Balizador da Meta'!$C$4:$C$21) -> 240 | ... Y21: =Y4*_xlfn.XLOOKUP($L21,'Balizador da Meta'!$B$4:$B$21,'Balizador da Meta'!$C$4:$C$21) -> 240 | Z21: =SUM(N21:Y21) -> 2880 | AB21: =SUMIFS('Historico - FAT'!AK:AK,'Historico - FAT'!$K:$K,Faturamento!$L21,'Historico - FAT'!$I:$I,Faturamento!$J21,'Historico - FAT'!$G:$G,Faturamento!$H21) -> 0 | AC21: =SUMIFS('Historico - FAT'!AL:AL,'Historico - FAT'!$K:$K,Faturamento!$L21,'Historico - FAT'!$I:$I,Faturamento!$J21,'Historico - FAT'!$G:$G,Faturamento!$H21) -> 0 | AD21: =SUMIFS('Historico - FAT'!AM:AM,'Historico - FAT'!$K:$K,Faturamento!$L21,'Historico - FAT'!$I:$I,Faturamento!$J21,'Historico - FAT'!$G:$G,Faturamento!$H21) -> 0 | AE21: =SUMIFS('Historico - FAT'!AN:AN,'Historico - FAT'!$K:$K,Faturamento!$L21,'Historico - FAT'!$I:$I,Faturamento!$J21,'Historico - FAT'!$G:$G,Faturamento!$H21) -> 0 | AG21: =IFERROR((AVERAGE(W21:Y21)-AB21)/AVERAGE(W21:Y21),"") -> 1 | AH21: =IFERROR((AVERAGE(W21:Y21)-AC21)/AVERAGE(W21:Y21),"") -> 1 | AI21: =IFERROR((AVERAGE(W21:Y21)-AD21)/AVERAGE(W21:Y21),"") -> 1
A22: =IF(OR(H22<>H21,J22<>J21),"SIM","NÃO") -> NÃO | B22: 1000184670 | C22: 01 - CANAL VENDA INTERNA | D22: 1000186197 | E22: 02 - INTERNA - CANAL VERDE | F22: 1000185288 | G22: 03 - SUL | H22: 1000189807 | I22: 04 - SC LITORAL | J22: 1000189749 | K22: 06 - INTERNA - ARMAZEM FIT STORE | L22: VICCIO | M22: =_xlfn.CONCAT(B22,D22,H22,J22,L22,) -> 1000184670100018619710001898071000189749VICCIO | N22: =N4*_xlfn.XLOOKUP($L22,'Balizador da Meta'!$B$4:$B$21,'Balizador da Meta'!$C$4:$C$21) -> 90 | O22: =O4*_xlfn.XLOOKUP($L22,'Balizador da Meta'!$B$4:$B$21,'Balizador da Meta'!$C$4:$C$21) -> 90 | P22: =P4*_xlfn.XLOOKUP($L22,'Balizador da Meta'!$B$4:$B$21,'Balizador da Meta'!$C$4:$C$21) -> 90 | Q22: =Q4*_xlfn.XLOOKUP($L22,'Balizador da Meta'!$B$4:$B$21,'Balizador da Meta'!$C$4:$C$21) -> 90 | R22: =R4*_xlfn.XLOOKUP($L22,'Balizador da Meta'!$B$4:$B$21,'Balizador da Meta'!$C$4:$C$21) -> 90 | S22: =S4*_xlfn.XLOOKUP($L22,'Balizador da Meta'!$B$4:$B$21,'Balizador da Meta'!$C$4:$C$21) -> 90 | T22: =T4*_xlfn.XLOOKUP($L22,'Balizador da Meta'!$B$4:$B$21,'Balizador da Meta'!$C$4:$C$21) -> 90 | U22: =U4*_xlfn.XLOOKUP($L22,'Balizador da Meta'!$B$4:$B$21,'Balizador da Meta'!$C$4:$C$21) -> 90 | ... Y22: =Y4*_xlfn.XLOOKUP($L22,'Balizador da Meta'!$B$4:$B$21,'Balizador da Meta'!$C$4:$C$21) -> 90 | Z22: =SUM(N22:Y22) -> 1080 | AB22: =SUMIFS('Historico - FAT'!AK:AK,'Historico - FAT'!$K:$K,Faturamento!$L22,'Historico - FAT'!$I:$I,Faturamento!$J22,'Historico - FAT'!$G:$G,Faturamento!$H22) -> 0 | AC22: =SUMIFS('Historico - FAT'!AL:AL,'Historico - FAT'!$K:$K,Faturamento!$L22,'Historico - FAT'!$I:$I,Faturamento!$J22,'Historico - FAT'!$G:$G,Faturamento!$H22) -> 0 | AD22: =SUMIFS('Historico - FAT'!AM:AM,'Historico - FAT'!$K:$K,Faturamento!$L22,'Historico - FAT'!$I:$I,Faturamento!$J22,'Historico - FAT'!$G:$G,Faturamento!$H22) -> 0 | AE22: =SUMIFS('Historico - FAT'!AN:AN,'Historico - FAT'!$K:$K,Faturamento!$L22,'Historico - FAT'!$I:$I,Faturamento!$J22,'Historico - FAT'!$G:$G,Faturamento!$H22) -> 0 | AG22: =IFERROR((AVERAGE(W22:Y22)-AB22)/AVERAGE(W22:Y22),"") -> 1 | AH22: =IFERROR((AVERAGE(W22:Y22)-AC22)/AVERAGE(W22:Y22),"") -> 1 | AI22: =IFERROR((AVERAGE(W22:Y22)-AD22)/AVERAGE(W22:Y22),"") -> 1
A23: =IF(OR(H23<>H22,J23<>J22),"SIM","NÃO") -> SIM | B23: 1000184670 | C23: 01 - CANAL VENDA INTERNA | D23: 1000186197 | E23: 02 - INTERNA - CANAL VERDE | F23: 1000198600 | G23: 03 - NACIONAL | H23: 1000198601 | I23: 04 - NACIONAL | J23: 1000189750 | K23: 06 - INTERNA - BIO MUNDO | L23: 01. TOTAL | M23: =_xlfn.CONCAT(B23,D23,H23,J23,L23,) -> 100018467010001861971000198601100018975001. TOTAL | N23: =SUMIFS(Positivação!L:L,Positivação!$I:$I,Faturamento!$J23,Positivação!$G:$G,Faturamento!$H23)*SUMIFS(Positivação!$Z:$Z,Positivação!$I:$I,Faturamento!$J23,Positivação!$G:$G,Faturamento!$H23) -> 6000 | O23: =SUMIFS(Positivação!M:M,Positivação!$I:$I,Faturamento!$J23,Positivação!$G:$G,Faturamento!$H23)*SUMIFS(Positivação!$Z:$Z,Positivação!$I:$I,Faturamento!$J23,Positivação!$G:$G,Faturamento!$H23) -> 6000 | P23: =SUMIFS(Positivação!N:N,Positivação!$I:$I,Faturamento!$J23,Positivação!$G:$G,Faturamento!$H23)*SUMIFS(Positivação!$Z:$Z,Positivação!$I:$I,Faturamento!$J23,Positivação!$G:$G,Faturamento!$H23) -> 7500 | Q23: =SUMIFS(Positivação!O:O,Positivação!$I:$I,Faturamento!$J23,Positivação!$G:$G,Faturamento!$H23)*SUMIFS(Positivação!$Z:$Z,Positivação!$I:$I,Faturamento!$J23,Positivação!$G:$G,Faturamento!$H23) -> 7500 | R23: =SUMIFS(Positivação!P:P,Positivação!$I:$I,Faturamento!$J23,Positivação!$G:$G,Faturamento!$H23)*SUMIFS(Positivação!$Z:$Z,Positivação!$I:$I,Faturamento!$J23,Positivação!$G:$G,Faturamento!$H23) -> 7500 | S23: =SUMIFS(Positivação!Q:Q,Positivação!$I:$I,Faturamento!$J23,Positivação!$G:$G,Faturamento!$H23)*SUMIFS(Positivação!$Z:$Z,Positivação!$I:$I,Faturamento!$J23,Positivação!$G:$G,Faturamento!$H23) -> 7500 | T23: =SUMIFS(Positivação!R:R,Positivação!$I:$I,Faturamento!$J23,Positivação!$G:$G,Faturamento!$H23)*SUMIFS(Positivação!$Z:$Z,Positivação!$I:$I,Faturamento!$J23,Positivação!$G:$G,Faturamento!$H23) -> 9000 | U23: =SUMIFS(Positivação!S:S,Positivação!$I:$I,Faturamento!$J23,Positivação!$G:$G,Faturamento!$H23)*SUMIFS(Positivação!$Z:$Z,Positivação!$I:$I,Faturamento!$J23,Positivação!$G:$G,Faturamento!$H23) -> 9000 | V23: =SUMIFS(Positivação!T:T,Positivação!$I:$I,Faturamento!$J23,Positivação!$G:$G,Faturamento!$H23)*SUMIFS(Positivação!$Z:$Z,Positivação!$I:$I,Faturamento!$J23,Positivação!$G:$G,Faturamento!$H23) -> 9000 | W23: =SUMIFS(Positivação!U:U,Positivação!$I:$I,Faturamento!$J23,Positivação!$G:$G,Faturamento!$H23)*SUMIFS(Positivação!$Z:$Z,Positivação!$I:$I,Faturamento!$J23,Positivação!$G:$G,Faturamento!$H23) -> 10500 | X23: =SUMIFS(Positivação!V:V,Positivação!$I:$I,Faturamento!$J23,Positivação!$G:$G,Faturamento!$H23)*SUMIFS(Positivação!$Z:$Z,Positivação!$I:$I,Faturamento!$J23,Positivação!$G:$G,Faturamento!$H23) -> 10500 | Y23: =SUMIFS(Positivação!W:W,Positivação!$I:$I,Faturamento!$J23,Positivação!$G:$G,Faturamento!$H23)*SUMIFS(Positivação!$Z:$Z,Positivação!$I:$I,Faturamento!$J23,Positivação!$G:$G,Faturamento!$H23) -> 10500 | Z23: =SUM(Z24:Z41) -> 100500 | AB23: =SUM(AB24:AB41) -> 0 | AC23: =SUM(AC24:AC41) -> 272.21333 | AD23: =SUM(AD24:AD41) -> 544.42667 | AE23: =SUM(AE24:AE41) -> 326.656 | AG23: =IFERROR((AVERAGE(W23:Y23)-AB23)/AVERAGE(W23:Y23),"") -> 1 | AH23: =IFERROR((AVERAGE(W23:Y23)-AC23)/AVERAGE(W23:Y23),"") -> 0.97407492 | AI23: =IFERROR((AVERAGE(W23:Y23)-AD23)/AVERAGE(W23:Y23),"") -> 0.94814984
A24: =IF(OR(H24<>H23,J24<>J23),"SIM","NÃO") -> NÃO | B24: 1000184670 | C24: 01 - CANAL VENDA INTERNA | D24: 1000186197 | E24: 02 - INTERNA - CANAL VERDE | F24: 1000198600 | G24: 03 - NACIONAL | H24: 1000198601 | I24: 04 - NACIONAL | J24: 1000189750 | K24: 06 - INTERNA - BIO MUNDO | L24: BISCOITO | M24: =_xlfn.CONCAT(B24,D24,H24,J24,L24,) -> 1000184670100018619710001986011000189750BISCOITO | N24: =N23*_xlfn.XLOOKUP($L24,'Balizador da Meta'!$B$4:$B$21,'Balizador da Meta'!$C$4:$C$21) -> 420 | O24: =O23*_xlfn.XLOOKUP($L24,'Balizador da Meta'!$B$4:$B$21,'Balizador da Meta'!$C$4:$C$21) -> 420 | P24: =P23*_xlfn.XLOOKUP($L24,'Balizador da Meta'!$B$4:$B$21,'Balizador da Meta'!$C$4:$C$21) -> 525 | Q24: =Q23*_xlfn.XLOOKUP($L24,'Balizador da Meta'!$B$4:$B$21,'Balizador da Meta'!$C$4:$C$21) -> 525 | R24: =R23*_xlfn.XLOOKUP($L24,'Balizador da Meta'!$B$4:$B$21,'Balizador da Meta'!$C$4:$C$21) -> 525 | S24: =S23*_xlfn.XLOOKUP($L24,'Balizador da Meta'!$B$4:$B$21,'Balizador da Meta'!$C$4:$C$21) -> 525 | T24: =T23*_xlfn.XLOOKUP($L24,'Balizador da Meta'!$B$4:$B$21,'Balizador da Meta'!$C$4:$C$21) -> 630 | U24: =U23*_xlfn.XLOOKUP($L24,'Balizador da Meta'!$B$4:$B$21,'Balizador da Meta'!$C$4:$C$21) -> 630 | ... Y24: =Y23*_xlfn.XLOOKUP($L24,'Balizador da Meta'!$B$4:$B$21,'Balizador da Meta'!$C$4:$C$21) -> 735 | Z24: =SUM(N24:Y24) -> 7035 | AB24: =SUMIFS('Historico - FAT'!AK:AK,'Historico - FAT'!$K:$K,Faturamento!$L24,'Historico - FAT'!$I:$I,Faturamento!$J24,'Historico - FAT'!$G:$G,Faturamento!$H24) -> 0 | AC24: =SUMIFS('Historico - FAT'!AL:AL,'Historico - FAT'!$K:$K,Faturamento!$L24,'Historico - FAT'!$I:$I,Faturamento!$J24,'Historico - FAT'!$G:$G,Faturamento!$H24) -> 0 | AD24: =SUMIFS('Historico - FAT'!AM:AM,'Historico - FAT'!$K:$K,Faturamento!$L24,'Historico - FAT'!$I:$I,Faturamento!$J24,'Historico - FAT'!$G:$G,Faturamento!$H24) -> 0 | AE24: =SUMIFS('Historico - FAT'!AN:AN,'Historico - FAT'!$K:$K,Faturamento!$L24,'Historico - FAT'!$I:$I,Faturamento!$J24,'Historico - FAT'!$G:$G,Faturamento!$H24) -> 0 | AG24: =IFERROR((AVERAGE(W24:Y24)-AB24)/AVERAGE(W24:Y24),"") -> 1 | AH24: =IFERROR((AVERAGE(W24:Y24)-AC24)/AVERAGE(W24:Y24),"") -> 1 | AI24: =IFERROR((AVERAGE(W24:Y24)-AD24)/AVERAGE(W24:Y24),"") -> 1
A25: =IF(OR(H25<>H24,J25<>J24),"SIM","NÃO") -> NÃO | B25: 1000184670 | C25: 01 - CANAL VENDA INTERNA | D25: 1000186197 | E25: 02 - INTERNA - CANAL VERDE | F25: 1000198600 | G25: 03 - NACIONAL | H25: 1000198601 | I25: 04 - NACIONAL | J25: 1000189750 | K25: 06 - INTERNA - BIO MUNDO | L25: CHOCOLATES | M25: =_xlfn.CONCAT(B25,D25,H25,J25,L25,) -> 1000184670100018619710001986011000189750CHOCOLATES | N25: =N23*_xlfn.XLOOKUP($L25,'Balizador da Meta'!$B$4:$B$21,'Balizador da Meta'!$C$4:$C$21) -> 420 | O25: =O23*_xlfn.XLOOKUP($L25,'Balizador da Meta'!$B$4:$B$21,'Balizador da Meta'!$C$4:$C$21) -> 420 | P25: =P23*_xlfn.XLOOKUP($L25,'Balizador da Meta'!$B$4:$B$21,'Balizador da Meta'!$C$4:$C$21) -> 525 | Q25: =Q23*_xlfn.XLOOKUP($L25,'Balizador da Meta'!$B$4:$B$21,'Balizador da Meta'!$C$4:$C$21) -> 525 | R25: =R23*_xlfn.XLOOKUP($L25,'Balizador da Meta'!$B$4:$B$21,'Balizador da Meta'!$C$4:$C$21) -> 525 | S25: =S23*_xlfn.XLOOKUP($L25,'Balizador da Meta'!$B$4:$B$21,'Balizador da Meta'!$C$4:$C$21) -> 525 | T25: =T23*_xlfn.XLOOKUP($L25,'Balizador da Meta'!$B$4:$B$21,'Balizador da Meta'!$C$4:$C$21) -> 630 | U25: =U23*_xlfn.XLOOKUP($L25,'Balizador da Meta'!$B$4:$B$21,'Balizador da Meta'!$C$4:$C$21) -> 630 | ... Y25: =Y23*_xlfn.XLOOKUP($L25,'Balizador da Meta'!$B$4:$B$21,'Balizador da Meta'!$C$4:$C$21) -> 735 | Z25: =SUM(N25:Y25) -> 7035 | AB25: =SUMIFS('Historico - FAT'!AK:AK,'Historico - FAT'!$K:$K,Faturamento!$L25,'Historico - FAT'!$I:$I,Faturamento!$J25,'Historico - FAT'!$G:$G,Faturamento!$H25) -> 0 | AC25: =SUMIFS('Historico - FAT'!AL:AL,'Historico - FAT'!$K:$K,Faturamento!$L25,'Historico - FAT'!$I:$I,Faturamento!$J25,'Historico - FAT'!$G:$G,Faturamento!$H25) -> 14.108333 | AD25: =SUMIFS('Historico - FAT'!AM:AM,'Historico - FAT'!$K:$K,Faturamento!$L25,'Historico - FAT'!$I:$I,Faturamento!$J25,'Historico - FAT'!$G:$G,Faturamento!$H25) -> 28.216667 | AE25: =SUMIFS('Historico - FAT'!AN:AN,'Historico - FAT'!$K:$K,Faturamento!$L25,'Historico - FAT'!$I:$I,Faturamento!$J25,'Historico - FAT'!$G:$G,Faturamento!$H25) -> 16.93 | AG25: =IFERROR((AVERAGE(W25:Y25)-AB25)/AVERAGE(W25:Y25),"") -> 1 | AH25: =IFERROR((AVERAGE(W25:Y25)-AC25)/AVERAGE(W25:Y25),"") -> 0.98080499 | AI25: =IFERROR((AVERAGE(W25:Y25)-AD25)/AVERAGE(W25:Y25),"") -> 0.96160998
A26: =IF(OR(H26<>H25,J26<>J25),"SIM","NÃO") -> NÃO | B26: 1000184670 | C26: 01 - CANAL VENDA INTERNA | D26: 1000186197 | E26: 02 - INTERNA - CANAL VERDE | F26: 1000198600 | G26: 03 - NACIONAL | H26: 1000198601 | I26: 04 - NACIONAL | J26: 1000189750 | K26: 06 - INTERNA - BIO MUNDO | L26: DISNEY | M26: =_xlfn.CONCAT(B26,D26,H26,J26,L26,) -> 1000184670100018619710001986011000189750DISNEY | N26: =N23*_xlfn.XLOOKUP($L26,'Balizador da Meta'!$B$4:$B$21,'Balizador da Meta'!$C$4:$C$21) -> 480 | O26: =O23*_xlfn.XLOOKUP($L26,'Balizador da Meta'!$B$4:$B$21,'Balizador da Meta'!$C$4:$C$21) -> 480 | P26: =P23*_xlfn.XLOOKUP($L26,'Balizador da Meta'!$B$4:$B$21,'Balizador da Meta'!$C$4:$C$21) -> 600 | Q26: =Q23*_xlfn.XLOOKUP($L26,'Balizador da Meta'!$B$4:$B$21,'Balizador da Meta'!$C$4:$C$21) -> 600 | R26: =R23*_xlfn.XLOOKUP($L26,'Balizador da Meta'!$B$4:$B$21,'Balizador da Meta'!$C$4:$C$21) -> 600 | S26: =S23*_xlfn.XLOOKUP($L26,'Balizador da Meta'!$B$4:$B$21,'Balizador da Meta'!$C$4:$C$21) -> 600 | T26: =T23*_xlfn.XLOOKUP($L26,'Balizador da Meta'!$B$4:$B$21,'Balizador da Meta'!$C$4:$C$21) -> 720 | U26: =U23*_xlfn.XLOOKUP($L26,'Balizador da Meta'!$B$4:$B$21,'Balizador da Meta'!$C$4:$C$21) -> 720 | ... Y26: =Y23*_xlfn.XLOOKUP($L26,'Balizador da Meta'!$B$4:$B$21,'Balizador da Meta'!$C$4:$C$21) -> 840 | Z26: =SUM(N26:Y26) -> 8040 | AB26: =SUMIFS('Historico - FAT'!AK:AK,'Historico - FAT'!$K:$K,Faturamento!$L26,'Historico - FAT'!$I:$I,Faturamento!$J26,'Historico - FAT'!$G:$G,Faturamento!$H26) -> 0 | AC26: =SUMIFS('Historico - FAT'!AL:AL,'Historico - FAT'!$K:$K,Faturamento!$L26,'Historico - FAT'!$I:$I,Faturamento!$J26,'Historico - FAT'!$G:$G,Faturamento!$H26) -> 22.1525 | AD26: =SUMIFS('Historico - FAT'!AM:AM,'Historico - FAT'!$K:$K,Faturamento!$L26,'Historico - FAT'!$I:$I,Faturamento!$J26,'Historico - FAT'!$G:$G,Faturamento!$H26) -> 44.305 | AE26: =SUMIFS('Historico - FAT'!AN:AN,'Historico - FAT'!$K:$K,Faturamento!$L26,'Historico - FAT'!$I:$I,Faturamento!$J26,'Historico - FAT'!$G:$G,Faturamento!$H26) -> 26.583 | AG26: =IFERROR((AVERAGE(W26:Y26)-AB26)/AVERAGE(W26:Y26),"") -> 1 | AH26: =IFERROR((AVERAGE(W26:Y26)-AC26)/AVERAGE(W26:Y26),"") -> 0.97362798 | AI26: =IFERROR((AVERAGE(W26:Y26)-AD26)/AVERAGE(W26:Y26),"") -> 0.94725595
A27: =IF(OR(H27<>H26,J27<>J26),"SIM","NÃO") -> NÃO | B27: 1000184670 | C27: 01 - CANAL VENDA INTERNA | D27: 1000186197 | E27: 02 - INTERNA - CANAL VERDE | F27: 1000198600 | G27: 03 - NACIONAL | H27: 1000198601 | I27: 04 - NACIONAL | J27: 1000189750 | K27: 06 - INTERNA - BIO MUNDO | L27: DOCES | M27: =_xlfn.CONCAT(B27,D27,H27,J27,L27,) -> 1000184670100018619710001986011000189750DOCES | N27: =N23*_xlfn.XLOOKUP($L27,'Balizador da Meta'!$B$4:$B$21,'Balizador da Meta'!$C$4:$C$21) -> 540 | O27: =O23*_xlfn.XLOOKUP($L27,'Balizador da Meta'!$B$4:$B$21,'Balizador da Meta'!$C$4:$C$21) -> 540 | P27: =P23*_xlfn.XLOOKUP($L27,'Balizador da Meta'!$B$4:$B$21,'Balizador da Meta'!$C$4:$C$21) -> 675 | Q27: =Q23*_xlfn.XLOOKUP($L27,'Balizador da Meta'!$B$4:$B$21,'Balizador da Meta'!$C$4:$C$21) -> 675 | R27: =R23*_xlfn.XLOOKUP($L27,'Balizador da Meta'!$B$4:$B$21,'Balizador da Meta'!$C$4:$C$21) -> 675 | S27: =S23*_xlfn.XLOOKUP($L27,'Balizador da Meta'!$B$4:$B$21,'Balizador da Meta'!$C$4:$C$21) -> 675 | T27: =T23*_xlfn.XLOOKUP($L27,'Balizador da Meta'!$B$4:$B$21,'Balizador da Meta'!$C$4:$C$21) -> 810 | U27: =U23*_xlfn.XLOOKUP($L27,'Balizador da Meta'!$B$4:$B$21,'Balizador da Meta'!$C$4:$C$21) -> 810 | ... Y27: =Y23*_xlfn.XLOOKUP($L27,'Balizador da Meta'!$B$4:$B$21,'Balizador da Meta'!$C$4:$C$21) -> 945 | Z27: =SUM(N27:Y27) -> 9045 | AB27: =SUMIFS('Historico - FAT'!AK:AK,'Historico - FAT'!$K:$K,Faturamento!$L27,'Historico - FAT'!$I:$I,Faturamento!$J27,'Historico - FAT'!$G:$G,Faturamento!$H27) -> 0 | AC27: =SUMIFS('Historico - FAT'!AL:AL,'Historico - FAT'!$K:$K,Faturamento!$L27,'Historico - FAT'!$I:$I,Faturamento!$J27,'Historico - FAT'!$G:$G,Faturamento!$H27) -> 3.5258333 | AD27: =SUMIFS('Historico - FAT'!AM:AM,'Historico - FAT'!$K:$K,Faturamento!$L27,'Historico - FAT'!$I:$I,Faturamento!$J27,'Historico - FAT'!$G:$G,Faturamento!$H27) -> 7.0516667 | AE27: =SUMIFS('Historico - FAT'!AN:AN,'Historico - FAT'!$K:$K,Faturamento!$L27,'Historico - FAT'!$I:$I,Faturamento!$J27,'Historico - FAT'!$G:$G,Faturamento!$H27) -> 4.231 | AG27: =IFERROR((AVERAGE(W27:Y27)-AB27)/AVERAGE(W27:Y27),"") -> 1 | AH27: =IFERROR((AVERAGE(W27:Y27)-AC27)/AVERAGE(W27:Y27),"") -> 0.99626896 | AI27: =IFERROR((AVERAGE(W27:Y27)-AD27)/AVERAGE(W27:Y27),"") -> 0.99253792
A28: =IF(OR(H28<>H27,J28<>J27),"SIM","NÃO") -> NÃO | B28: 1000184670 | C28: 01 - CANAL VENDA INTERNA | D28: 1000186197 | E28: 02 - INTERNA - CANAL VERDE | F28: 1000198600 | G28: 03 - NACIONAL | H28: 1000198601 | I28: 04 - NACIONAL | J28: 1000189750 | K28: 06 - INTERNA - BIO MUNDO | L28: FOOD SERVICE | M28: =_xlfn.CONCAT(B28,D28,H28,J28,L28,) -> 1000184670100018619710001986011000189750FOOD SERVICE | N28: =N23*_xlfn.XLOOKUP($L28,'Balizador da Meta'!$B$4:$B$21,'Balizador da Meta'!$C$4:$C$21) -> 0 | O28: =O23*_xlfn.XLOOKUP($L28,'Balizador da Meta'!$B$4:$B$21,'Balizador da Meta'!$C$4:$C$21) -> 0 | P28: =P23*_xlfn.XLOOKUP($L28,'Balizador da Meta'!$B$4:$B$21,'Balizador da Meta'!$C$4:$C$21) -> 0 | Q28: =Q23*_xlfn.XLOOKUP($L28,'Balizador da Meta'!$B$4:$B$21,'Balizador da Meta'!$C$4:$C$21) -> 0 | R28: =R23*_xlfn.XLOOKUP($L28,'Balizador da Meta'!$B$4:$B$21,'Balizador da Meta'!$C$4:$C$21) -> 0 | S28: =S23*_xlfn.XLOOKUP($L28,'Balizador da Meta'!$B$4:$B$21,'Balizador da Meta'!$C$4:$C$21) -> 0 | T28: =T23*_xlfn.XLOOKUP($L28,'Balizador da Meta'!$B$4:$B$21,'Balizador da Meta'!$C$4:$C$21) -> 0 | U28: =U23*_xlfn.XLOOKUP($L28,'Balizador da Meta'!$B$4:$B$21,'Balizador da Meta'!$C$4:$C$21) -> 0 | ... Y28: =Y23*_xlfn.XLOOKUP($L28,'Balizador da Meta'!$B$4:$B$21,'Balizador da Meta'!$C$4:$C$21) -> 0 | Z28: =SUM(N28:Y28) -> 0 | AB28: =SUMIFS('Historico - FAT'!AK:AK,'Historico - FAT'!$K:$K,Faturamento!$L28,'Historico - FAT'!$I:$I,Faturamento!$J28,'Historico - FAT'!$G:$G,Faturamento!$H28) -> 0 | AC28: =SUMIFS('Historico - FAT'!AL:AL,'Historico - FAT'!$K:$K,Faturamento!$L28,'Historico - FAT'!$I:$I,Faturamento!$J28,'Historico - FAT'!$G:$G,Faturamento!$H28) -> 0 | AD28: =SUMIFS('Historico - FAT'!AM:AM,'Historico - FAT'!$K:$K,Faturamento!$L28,'Historico - FAT'!$I:$I,Faturamento!$J28,'Historico - FAT'!$G:$G,Faturamento!$H28) -> 0 | AE28: =SUMIFS('Historico - FAT'!AN:AN,'Historico - FAT'!$K:$K,Faturamento!$L28,'Historico - FAT'!$I:$I,Faturamento!$J28,'Historico - FAT'!$G:$G,Faturamento!$H28) -> 0 | AG28: =IFERROR((AVERAGE(W28:Y28)-AB28)/AVERAGE(W28:Y28),"") | AH28: =IFERROR((AVERAGE(W28:Y28)-AC28)/AVERAGE(W28:Y28),"") | AI28: =IFERROR((AVERAGE(W28:Y28)-AD28)/AVERAGE(W28:Y28),"")
A29: =IF(OR(H29<>H28,J29<>J28),"SIM","NÃO") -> NÃO | B29: 1000184670 | C29: 01 - CANAL VENDA INTERNA | D29: 1000186197 | E29: 02 - INTERNA - CANAL VERDE | F29: 1000198600 | G29: 03 - NACIONAL | H29: 1000198601 | I29: 04 - NACIONAL | J29: 1000189750 | K29: 06 - INTERNA - BIO MUNDO | L29: GELEIA | M29: =_xlfn.CONCAT(B29,D29,H29,J29,L29,) -> 1000184670100018619710001986011000189750GELEIA | N29: =N23*_xlfn.XLOOKUP($L29,'Balizador da Meta'!$B$4:$B$21,'Balizador da Meta'!$C$4:$C$21) -> 120 | O29: =O23*_xlfn.XLOOKUP($L29,'Balizador da Meta'!$B$4:$B$21,'Balizador da Meta'!$C$4:$C$21) -> 120 | P29: =P23*_xlfn.XLOOKUP($L29,'Balizador da Meta'!$B$4:$B$21,'Balizador da Meta'!$C$4:$C$21) -> 150 | Q29: =Q23*_xlfn.XLOOKUP($L29,'Balizador da Meta'!$B$4:$B$21,'Balizador da Meta'!$C$4:$C$21) -> 150 | R29: =R23*_xlfn.XLOOKUP($L29,'Balizador da Meta'!$B$4:$B$21,'Balizador da Meta'!$C$4:$C$21) -> 150 | S29: =S23*_xlfn.XLOOKUP($L29,'Balizador da Meta'!$B$4:$B$21,'Balizador da Meta'!$C$4:$C$21) -> 150 | T29: =T23*_xlfn.XLOOKUP($L29,'Balizador da Meta'!$B$4:$B$21,'Balizador da Meta'!$C$4:$C$21) -> 180 | U29: =U23*_xlfn.XLOOKUP($L29,'Balizador da Meta'!$B$4:$B$21,'Balizador da Meta'!$C$4:$C$21) -> 180 | ... Y29: =Y23*_xlfn.XLOOKUP($L29,'Balizador da Meta'!$B$4:$B$21,'Balizador da Meta'!$C$4:$C$21) -> 210 | Z29: =SUM(N29:Y29) -> 2010 | AB29: =SUMIFS('Historico - FAT'!AK:AK,'Historico - FAT'!$K:$K,Faturamento!$L29,'Historico - FAT'!$I:$I,Faturamento!$J29,'Historico - FAT'!$G:$G,Faturamento!$H29) -> 0 | AC29: =SUMIFS('Historico - FAT'!AL:AL,'Historico - FAT'!$K:$K,Faturamento!$L29,'Historico - FAT'!$I:$I,Faturamento!$J29,'Historico - FAT'!$G:$G,Faturamento!$H29) -> 6.8016667 | AD29: =SUMIFS('Historico - FAT'!AM:AM,'Historico - FAT'!$K:$K,Faturamento!$L29,'Historico - FAT'!$I:$I,Faturamento!$J29,'Historico - FAT'!$G:$G,Faturamento!$H29) -> 13.603333 | AE29: =SUMIFS('Historico - FAT'!AN:AN,'Historico - FAT'!$K:$K,Faturamento!$L29,'Historico - FAT'!$I:$I,Faturamento!$J29,'Historico - FAT'!$G:$G,Faturamento!$H29) -> 8.162 | AG29: =IFERROR((AVERAGE(W29:Y29)-AB29)/AVERAGE(W29:Y29),"") -> 1 | AH29: =IFERROR((AVERAGE(W29:Y29)-AC29)/AVERAGE(W29:Y29),"") -> 0.96761111 | AI29: =IFERROR((AVERAGE(W29:Y29)-AD29)/AVERAGE(W29:Y29),"") -> 0.93522222
A30: =IF(OR(H30<>H29,J30<>J29),"SIM","NÃO") -> NÃO | B30: 1000184670 | C30: 01 - CANAL VENDA INTERNA | D30: 1000186197 | E30: 02 - INTERNA - CANAL VERDE | F30: 1000198600 | G30: 03 - NACIONAL | H30: 1000198601 | I30: 04 - NACIONAL | J30: 1000189750 | K30: 06 - INTERNA - BIO MUNDO | L30: GRANOLA | M30: =_xlfn.CONCAT(B30,D30,H30,J30,L30,) -> 1000184670100018619710001986011000189750GRANOLA | N30: =N23*_xlfn.XLOOKUP($L30,'Balizador da Meta'!$B$4:$B$21,'Balizador da Meta'!$C$4:$C$21) -> 120 | O30: =O23*_xlfn.XLOOKUP($L30,'Balizador da Meta'!$B$4:$B$21,'Balizador da Meta'!$C$4:$C$21) -> 120 | P30: =P23*_xlfn.XLOOKUP($L30,'Balizador da Meta'!$B$4:$B$21,'Balizador da Meta'!$C$4:$C$21) -> 150 | Q30: =Q23*_xlfn.XLOOKUP($L30,'Balizador da Meta'!$B$4:$B$21,'Balizador da Meta'!$C$4:$C$21) -> 150 | R30: =R23*_xlfn.XLOOKUP($L30,'Balizador da Meta'!$B$4:$B$21,'Balizador da Meta'!$C$4:$C$21) -> 150 | S30: =S23*_xlfn.XLOOKUP($L30,'Balizador da Meta'!$B$4:$B$21,'Balizador da Meta'!$C$4:$C$21) -> 150 | T30: =T23*_xlfn.XLOOKUP($L30,'Balizador da Meta'!$B$4:$B$21,'Balizador da Meta'!$C$4:$C$21) -> 180 | U30: =U23*_xlfn.XLOOKUP($L30,'Balizador da Meta'!$B$4:$B$21,'Balizador da Meta'!$C$4:$C$21) -> 180 | ... Y30: =Y23*_xlfn.XLOOKUP($L30,'Balizador da Meta'!$B$4:$B$21,'Balizador da Meta'!$C$4:$C$21) -> 210 | Z30: =SUM(N30:Y30) -> 2010 | AB30: =SUMIFS('Historico - FAT'!AK:AK,'Historico - FAT'!$K:$K,Faturamento!$L30,'Historico - FAT'!$I:$I,Faturamento!$J30,'Historico - FAT'!$G:$G,Faturamento!$H30) -> 0 | AC30: =SUMIFS('Historico - FAT'!AL:AL,'Historico - FAT'!$K:$K,Faturamento!$L30,'Historico - FAT'!$I:$I,Faturamento!$J30,'Historico - FAT'!$G:$G,Faturamento!$H30) -> 0 | AD30: =SUMIFS('Historico - FAT'!AM:AM,'Historico - FAT'!$K:$K,Faturamento!$L30,'Historico - FAT'!$I:$I,Faturamento!$J30,'Historico - FAT'!$G:$G,Faturamento!$H30) -> 0 | AE30: =SUMIFS('Historico - FAT'!AN:AN,'Historico - FAT'!$K:$K,Faturamento!$L30,'Historico - FAT'!$I:$I,Faturamento!$J30,'Historico - FAT'!$G:$G,Faturamento!$H30) -> 0 | AG30: =IFERROR((AVERAGE(W30:Y30)-AB30)/AVERAGE(W30:Y30),"") -> 1 | AH30: =IFERROR((AVERAGE(W30:Y30)-AC30)/AVERAGE(W30:Y30),"") -> 1 | AI30: =IFERROR((AVERAGE(W30:Y30)-AD30)/AVERAGE(W30:Y30),"") -> 1
A31: =IF(OR(H31<>H30,J31<>J30),"SIM","NÃO") -> NÃO | B31: 1000184670 | C31: 01 - CANAL VENDA INTERNA | D31: 1000186197 | E31: 02 - INTERNA - CANAL VERDE | F31: 1000198600 | G31: 03 - NACIONAL | H31: 1000198601 | I31: 04 - NACIONAL | J31: 1000189750 | K31: 06 - INTERNA - BIO MUNDO | L31: KIDS | M31: =_xlfn.CONCAT(B31,D31,H31,J31,L31,) -> 1000184670100018619710001986011000189750KIDS | N31: =N23*_xlfn.XLOOKUP($L31,'Balizador da Meta'!$B$4:$B$21,'Balizador da Meta'!$C$4:$C$21) -> 0 | O31: =O23*_xlfn.XLOOKUP($L31,'Balizador da Meta'!$B$4:$B$21,'Balizador da Meta'!$C$4:$C$21) -> 0 | P31: =P23*_xlfn.XLOOKUP($L31,'Balizador da Meta'!$B$4:$B$21,'Balizador da Meta'!$C$4:$C$21) -> 0 | Q31: =Q23*_xlfn.XLOOKUP($L31,'Balizador da Meta'!$B$4:$B$21,'Balizador da Meta'!$C$4:$C$21) -> 0 | R31: =R23*_xlfn.XLOOKUP($L31,'Balizador da Meta'!$B$4:$B$21,'Balizador da Meta'!$C$4:$C$21) -> 0 | S31: =S23*_xlfn.XLOOKUP($L31,'Balizador da Meta'!$B$4:$B$21,'Balizador da Meta'!$C$4:$C$21) -> 0 | T31: =T23*_xlfn.XLOOKUP($L31,'Balizador da Meta'!$B$4:$B$21,'Balizador da Meta'!$C$4:$C$21) -> 0 | U31: =U23*_xlfn.XLOOKUP($L31,'Balizador da Meta'!$B$4:$B$21,'Balizador da Meta'!$C$4:$C$21) -> 0 | ... Y31: =Y23*_xlfn.XLOOKUP($L31,'Balizador da Meta'!$B$4:$B$21,'Balizador da Meta'!$C$4:$C$21) -> 0 | Z31: =SUM(N31:Y31) -> 0 | AB31: =SUMIFS('Historico - FAT'!AK:AK,'Historico - FAT'!$K:$K,Faturamento!$L31,'Historico - FAT'!$I:$I,Faturamento!$J31,'Historico - FAT'!$G:$G,Faturamento!$H31) -> 0 | AC31: =SUMIFS('Historico - FAT'!AL:AL,'Historico - FAT'!$K:$K,Faturamento!$L31,'Historico - FAT'!$I:$I,Faturamento!$J31,'Historico - FAT'!$G:$G,Faturamento!$H31) -> 0 | AD31: =SUMIFS('Historico - FAT'!AM:AM,'Historico - FAT'!$K:$K,Faturamento!$L31,'Historico - FAT'!$I:$I,Faturamento!$J31,'Historico - FAT'!$G:$G,Faturamento!$H31) -> 0 | AE31: =SUMIFS('Historico - FAT'!AN:AN,'Historico - FAT'!$K:$K,Faturamento!$L31,'Historico - FAT'!$I:$I,Faturamento!$J31,'Historico - FAT'!$G:$G,Faturamento!$H31) -> 0 | AG31: =IFERROR((AVERAGE(W31:Y31)-AB31)/AVERAGE(W31:Y31),"") | AH31: =IFERROR((AVERAGE(W31:Y31)-AC31)/AVERAGE(W31:Y31),"") | AI31: =IFERROR((AVERAGE(W31:Y31)-AD31)/AVERAGE(W31:Y31),"")
A32: =IF(OR(H32<>H31,J32<>J31),"SIM","NÃO") -> NÃO | B32: 1000184670 | C32: 01 - CANAL VENDA INTERNA | D32: 1000186197 | E32: 02 - INTERNA - CANAL VERDE | F32: 1000198600 | G32: 03 - NACIONAL | H32: 1000198601 | I32: 04 - NACIONAL | J32: 1000189750 | K32: 06 - INTERNA - BIO MUNDO | L32: LANCHES | M32: =_xlfn.CONCAT(B32,D32,H32,J32,L32,) -> 1000184670100018619710001986011000189750LANCHES | N32: =N23*_xlfn.XLOOKUP($L32,'Balizador da Meta'!$B$4:$B$21,'Balizador da Meta'!$C$4:$C$21) -> 60 | O32: =O23*_xlfn.XLOOKUP($L32,'Balizador da Meta'!$B$4:$B$21,'Balizador da Meta'!$C$4:$C$21) -> 60 | P32: =P23*_xlfn.XLOOKUP($L32,'Balizador da Meta'!$B$4:$B$21,'Balizador da Meta'!$C$4:$C$21) -> 75 | Q32: =Q23*_xlfn.XLOOKUP($L32,'Balizador da Meta'!$B$4:$B$21,'Balizador da Meta'!$C$4:$C$21) -> 75 | R32: =R23*_xlfn.XLOOKUP($L32,'Balizador da Meta'!$B$4:$B$21,'Balizador da Meta'!$C$4:$C$21) -> 75 | S32: =S23*_xlfn.XLOOKUP($L32,'Balizador da Meta'!$B$4:$B$21,'Balizador da Meta'!$C$4:$C$21) -> 75 | T32: =T23*_xlfn.XLOOKUP($L32,'Balizador da Meta'!$B$4:$B$21,'Balizador da Meta'!$C$4:$C$21) -> 90 | U32: =U23*_xlfn.XLOOKUP($L32,'Balizador da Meta'!$B$4:$B$21,'Balizador da Meta'!$C$4:$C$21) -> 90 | ... Y32: =Y23*_xlfn.XLOOKUP($L32,'Balizador da Meta'!$B$4:$B$21,'Balizador da Meta'!$C$4:$C$21) -> 105 | Z32: =SUM(N32:Y32) -> 1005 | AB32: =SUMIFS('Historico - FAT'!AK:AK,'Historico - FAT'!$K:$K,Faturamento!$L32,'Historico - FAT'!$I:$I,Faturamento!$J32,'Historico - FAT'!$G:$G,Faturamento!$H32) -> 0 | AC32: =SUMIFS('Historico - FAT'!AL:AL,'Historico - FAT'!$K:$K,Faturamento!$L32,'Historico - FAT'!$I:$I,Faturamento!$J32,'Historico - FAT'!$G:$G,Faturamento!$H32) -> 0 | AD32: =SUMIFS('Historico - FAT'!AM:AM,'Historico - FAT'!$K:$K,Faturamento!$L32,'Historico - FAT'!$I:$I,Faturamento!$J32,'Historico - FAT'!$G:$G,Faturamento!$H32) -> 0 | AE32: =SUMIFS('Historico - FAT'!AN:AN,'Historico - FAT'!$K:$K,Faturamento!$L32,'Historico - FAT'!$I:$I,Faturamento!$J32,'Historico - FAT'!$G:$G,Faturamento!$H32) -> 0 | AG32: =IFERROR((AVERAGE(W32:Y32)-AB32)/AVERAGE(W32:Y32),"") -> 1 | AH32: =IFERROR((AVERAGE(W32:Y32)-AC32)/AVERAGE(W32:Y32),"") -> 1 | AI32: =IFERROR((AVERAGE(W32:Y32)-AD32)/AVERAGE(W32:Y32),"") -> 1
A33: =IF(OR(H33<>H32,J33<>J32),"SIM","NÃO") -> NÃO | B33: 1000184670 | C33: 01 - CANAL VENDA INTERNA | D33: 1000186197 | E33: 02 - INTERNA - CANAL VERDE | F33: 1000198600 | G33: 03 - NACIONAL | H33: 1000198601 | I33: 04 - NACIONAL | J33: 1000189750 | K33: 06 - INTERNA - BIO MUNDO | L33: MAIS GRANEL | M33: =_xlfn.CONCAT(B33,D33,H33,J33,L33,) -> 1000184670100018619710001986011000189750MAIS GRANEL | N33: =N23*_xlfn.XLOOKUP($L33,'Balizador da Meta'!$B$4:$B$21,'Balizador da Meta'!$C$4:$C$21) -> 1920 | O33: =O23*_xlfn.XLOOKUP($L33,'Balizador da Meta'!$B$4:$B$21,'Balizador da Meta'!$C$4:$C$21) -> 1920 | P33: =P23*_xlfn.XLOOKUP($L33,'Balizador da Meta'!$B$4:$B$21,'Balizador da Meta'!$C$4:$C$21) -> 2400 | Q33: =Q23*_xlfn.XLOOKUP($L33,'Balizador da Meta'!$B$4:$B$21,'Balizador da Meta'!$C$4:$C$21) -> 2400 | R33: =R23*_xlfn.XLOOKUP($L33,'Balizador da Meta'!$B$4:$B$21,'Balizador da Meta'!$C$4:$C$21) -> 2400 | S33: =S23*_xlfn.XLOOKUP($L33,'Balizador da Meta'!$B$4:$B$21,'Balizador da Meta'!$C$4:$C$21) -> 2400 | T33: =T23*_xlfn.XLOOKUP($L33,'Balizador da Meta'!$B$4:$B$21,'Balizador da Meta'!$C$4:$C$21) -> 2880 | U33: =U23*_xlfn.XLOOKUP($L33,'Balizador da Meta'!$B$4:$B$21,'Balizador da Meta'!$C$4:$C$21) -> 2880 | ... Y33: =Y23*_xlfn.XLOOKUP($L33,'Balizador da Meta'!$B$4:$B$21,'Balizador da Meta'!$C$4:$C$21) -> 3360 | Z33: =SUM(N33:Y33) -> 32160 | AB33: =SUMIFS('Historico - FAT'!AK:AK,'Historico - FAT'!$K:$K,Faturamento!$L33,'Historico - FAT'!$I:$I,Faturamento!$J33,'Historico - FAT'!$G:$G,Faturamento!$H33) -> 0 | AC33: =SUMIFS('Historico - FAT'!AL:AL,'Historico - FAT'!$K:$K,Faturamento!$L33,'Historico - FAT'!$I:$I,Faturamento!$J33,'Historico - FAT'!$G:$G,Faturamento!$H33) -> 215.1 | AD33: =SUMIFS('Historico - FAT'!AM:AM,'Historico - FAT'!$K:$K,Faturamento!$L33,'Historico - FAT'!$I:$I,Faturamento!$J33,'Historico - FAT'!$G:$G,Faturamento!$H33) -> 430.2 | AE33: =SUMIFS('Historico - FAT'!AN:AN,'Historico - FAT'!$K:$K,Faturamento!$L33,'Historico - FAT'!$I:$I,Faturamento!$J33,'Historico - FAT'!$G:$G,Faturamento!$H33) -> 258.12 | AG33: =IFERROR((AVERAGE(W33:Y33)-AB33)/AVERAGE(W33:Y33),"") -> 1 | AH33: =IFERROR((AVERAGE(W33:Y33)-AC33)/AVERAGE(W33:Y33),"") -> 0.93598214 | AI33: =IFERROR((AVERAGE(W33:Y33)-AD33)/AVERAGE(W33:Y33),"") -> 0.87196429
A34: =IF(OR(H34<>H33,J34<>J33),"SIM","NÃO") -> NÃO | B34: 1000184670 | C34: 01 - CANAL VENDA INTERNA | D34: 1000186197 | E34: 02 - INTERNA - CANAL VERDE | F34: 1000198600 | G34: 03 - NACIONAL | H34: 1000198601 | I34: 04 - NACIONAL | J34: 1000189750 | K34: 06 - INTERNA - BIO MUNDO | L34: NATURATTA | M34: =_xlfn.CONCAT(B34,D34,H34,J34,L34,) -> 1000184670100018619710001986011000189750NATURATTA | N34: =N23*_xlfn.XLOOKUP($L34,'Balizador da Meta'!$B$4:$B$21,'Balizador da Meta'!$C$4:$C$21) -> 300 | O34: =O23*_xlfn.XLOOKUP($L34,'Balizador da Meta'!$B$4:$B$21,'Balizador da Meta'!$C$4:$C$21) -> 300 | P34: =P23*_xlfn.XLOOKUP($L34,'Balizador da Meta'!$B$4:$B$21,'Balizador da Meta'!$C$4:$C$21) -> 375 | Q34: =Q23*_xlfn.XLOOKUP($L34,'Balizador da Meta'!$B$4:$B$21,'Balizador da Meta'!$C$4:$C$21) -> 375 | R34: =R23*_xlfn.XLOOKUP($L34,'Balizador da Meta'!$B$4:$B$21,'Balizador da Meta'!$C$4:$C$21) -> 375 | S34: =S23*_xlfn.XLOOKUP($L34,'Balizador da Meta'!$B$4:$B$21,'Balizador da Meta'!$C$4:$C$21) -> 375 | T34: =T23*_xlfn.XLOOKUP($L34,'Balizador da Meta'!$B$4:$B$21,'Balizador da Meta'!$C$4:$C$21) -> 450 | U34: =U23*_xlfn.XLOOKUP($L34,'Balizador da Meta'!$B$4:$B$21,'Balizador da Meta'!$C$4:$C$21) -> 450 | ... Y34: =Y23*_xlfn.XLOOKUP($L34,'Balizador da Meta'!$B$4:$B$21,'Balizador da Meta'!$C$4:$C$21) -> 525 | Z34: =SUM(N34:Y34) -> 5025 | AB34: =SUMIFS('Historico - FAT'!AK:AK,'Historico - FAT'!$K:$K,Faturamento!$L34,'Historico - FAT'!$I:$I,Faturamento!$J34,'Historico - FAT'!$G:$G,Faturamento!$H34) -> 0 | AC34: =SUMIFS('Historico - FAT'!AL:AL,'Historico - FAT'!$K:$K,Faturamento!$L34,'Historico - FAT'!$I:$I,Faturamento!$J34,'Historico - FAT'!$G:$G,Faturamento!$H34) -> 1.3858333 | AD34: =SUMIFS('Historico - FAT'!AM:AM,'Historico - FAT'!$K:$K,Faturamento!$L34,'Historico - FAT'!$I:$I,Faturamento!$J34,'Historico - FAT'!$G:$G,Faturamento!$H34) -> 2.7716667 | AE34: =SUMIFS('Historico - FAT'!AN:AN,'Historico - FAT'!$K:$K,Faturamento!$L34,'Historico - FAT'!$I:$I,Faturamento!$J34,'Historico - FAT'!$G:$G,Faturamento!$H34) -> 1.663 | AG34: =IFERROR((AVERAGE(W34:Y34)-AB34)/AVERAGE(W34:Y34),"") -> 1 | AH34: =IFERROR((AVERAGE(W34:Y34)-AC34)/AVERAGE(W34:Y34),"") -> 0.99736032 | AI34: =IFERROR((AVERAGE(W34:Y34)-AD34)/AVERAGE(W34:Y34),"") -> 0.99472063
A35: =IF(OR(H35<>H34,J35<>J34),"SIM","NÃO") -> NÃO | B35: 1000184670 | C35: 01 - CANAL VENDA INTERNA | D35: 1000186197 | E35: 02 - INTERNA - CANAL VERDE | F35: 1000198600 | G35: 03 - NACIONAL | H35: 1000198601 | I35: 04 - NACIONAL | J35: 1000189750 | K35: 06 - INTERNA - BIO MUNDO | L35: REEMBALADOS | M35: =_xlfn.CONCAT(B35,D35,H35,J35,L35,) -> 1000184670100018619710001986011000189750REEMBALADOS | N35: =N23*_xlfn.XLOOKUP($L35,'Balizador da Meta'!$B$4:$B$21,'Balizador da Meta'!$C$4:$C$21) -> 240 | O35: =O23*_xlfn.XLOOKUP($L35,'Balizador da Meta'!$B$4:$B$21,'Balizador da Meta'!$C$4:$C$21) -> 240 | P35: =P23*_xlfn.XLOOKUP($L35,'Balizador da Meta'!$B$4:$B$21,'Balizador da Meta'!$C$4:$C$21) -> 300 | Q35: =Q23*_xlfn.XLOOKUP($L35,'Balizador da Meta'!$B$4:$B$21,'Balizador da Meta'!$C$4:$C$21) -> 300 | R35: =R23*_xlfn.XLOOKUP($L35,'Balizador da Meta'!$B$4:$B$21,'Balizador da Meta'!$C$4:$C$21) -> 300 | S35: =S23*_xlfn.XLOOKUP($L35,'Balizador da Meta'!$B$4:$B$21,'Balizador da Meta'!$C$4:$C$21) -> 300 | T35: =T23*_xlfn.XLOOKUP($L35,'Balizador da Meta'!$B$4:$B$21,'Balizador da Meta'!$C$4:$C$21) -> 360 | U35: =U23*_xlfn.XLOOKUP($L35,'Balizador da Meta'!$B$4:$B$21,'Balizador da Meta'!$C$4:$C$21) -> 360 | ... Y35: =Y23*_xlfn.XLOOKUP($L35,'Balizador da Meta'!$B$4:$B$21,'Balizador da Meta'!$C$4:$C$21) -> 420 | Z35: =SUM(N35:Y35) -> 4020 | AB35: =SUMIFS('Historico - FAT'!AK:AK,'Historico - FAT'!$K:$K,Faturamento!$L35,'Historico - FAT'!$I:$I,Faturamento!$J35,'Historico - FAT'!$G:$G,Faturamento!$H35) -> 0 | AC35: =SUMIFS('Historico - FAT'!AL:AL,'Historico - FAT'!$K:$K,Faturamento!$L35,'Historico - FAT'!$I:$I,Faturamento!$J35,'Historico - FAT'!$G:$G,Faturamento!$H35) -> 0 | AD35: =SUMIFS('Historico - FAT'!AM:AM,'Historico - FAT'!$K:$K,Faturamento!$L35,'Historico - FAT'!$I:$I,Faturamento!$J35,'Historico - FAT'!$G:$G,Faturamento!$H35) -> 0 | AE35: =SUMIFS('Historico - FAT'!AN:AN,'Historico - FAT'!$K:$K,Faturamento!$L35,'Historico - FAT'!$I:$I,Faturamento!$J35,'Historico - FAT'!$G:$G,Faturamento!$H35) -> 0 | AG35: =IFERROR((AVERAGE(W35:Y35)-AB35)/AVERAGE(W35:Y35),"") -> 1 | AH35: =IFERROR((AVERAGE(W35:Y35)-AC35)/AVERAGE(W35:Y35),"") -> 1 | AI35: =IFERROR((AVERAGE(W35:Y35)-AD35)/AVERAGE(W35:Y35),"") -> 1
A36: =IF(OR(H36<>H35,J36<>J35),"SIM","NÃO") -> NÃO | B36: 1000184670 | C36: 01 - CANAL VENDA INTERNA | D36: 1000186197 | E36: 02 - INTERNA - CANAL VERDE | F36: 1000198600 | G36: 03 - NACIONAL | H36: 1000198601 | I36: 04 - NACIONAL | J36: 1000189750 | K36: 06 - INTERNA - BIO MUNDO | L36: S GLUTEN | M36: =_xlfn.CONCAT(B36,D36,H36,J36,L36,) -> 1000184670100018619710001986011000189750S GLUTEN | N36: =N23*_xlfn.XLOOKUP($L36,'Balizador da Meta'!$B$4:$B$21,'Balizador da Meta'!$C$4:$C$21) -> 240 | O36: =O23*_xlfn.XLOOKUP($L36,'Balizador da Meta'!$B$4:$B$21,'Balizador da Meta'!$C$4:$C$21) -> 240 | P36: =P23*_xlfn.XLOOKUP($L36,'Balizador da Meta'!$B$4:$B$21,'Balizador da Meta'!$C$4:$C$21) -> 300 | Q36: =Q23*_xlfn.XLOOKUP($L36,'Balizador da Meta'!$B$4:$B$21,'Balizador da Meta'!$C$4:$C$21) -> 300 | R36: =R23*_xlfn.XLOOKUP($L36,'Balizador da Meta'!$B$4:$B$21,'Balizador da Meta'!$C$4:$C$21) -> 300 | S36: =S23*_xlfn.XLOOKUP($L36,'Balizador da Meta'!$B$4:$B$21,'Balizador da Meta'!$C$4:$C$21) -> 300 | T36: =T23*_xlfn.XLOOKUP($L36,'Balizador da Meta'!$B$4:$B$21,'Balizador da Meta'!$C$4:$C$21) -> 360 | U36: =U23*_xlfn.XLOOKUP($L36,'Balizador da Meta'!$B$4:$B$21,'Balizador da Meta'!$C$4:$C$21) -> 360 | ... Y36: =Y23*_xlfn.XLOOKUP($L36,'Balizador da Meta'!$B$4:$B$21,'Balizador da Meta'!$C$4:$C$21) -> 420 | Z36: =SUM(N36:Y36) -> 4020 | AB36: =SUMIFS('Historico - FAT'!AK:AK,'Historico - FAT'!$K:$K,Faturamento!$L36,'Historico - FAT'!$I:$I,Faturamento!$J36,'Historico - FAT'!$G:$G,Faturamento!$H36) -> 0 | AC36: =SUMIFS('Historico - FAT'!AL:AL,'Historico - FAT'!$K:$K,Faturamento!$L36,'Historico - FAT'!$I:$I,Faturamento!$J36,'Historico - FAT'!$G:$G,Faturamento!$H36) -> 0 | AD36: =SUMIFS('Historico - FAT'!AM:AM,'Historico - FAT'!$K:$K,Faturamento!$L36,'Historico - FAT'!$I:$I,Faturamento!$J36,'Historico - FAT'!$G:$G,Faturamento!$H36) -> 0 | AE36: =SUMIFS('Historico - FAT'!AN:AN,'Historico - FAT'!$K:$K,Faturamento!$L36,'Historico - FAT'!$I:$I,Faturamento!$J36,'Historico - FAT'!$G:$G,Faturamento!$H36) -> 0 | AG36: =IFERROR((AVERAGE(W36:Y36)-AB36)/AVERAGE(W36:Y36),"") -> 1 | AH36: =IFERROR((AVERAGE(W36:Y36)-AC36)/AVERAGE(W36:Y36),"") -> 1 | AI36: =IFERROR((AVERAGE(W36:Y36)-AD36)/AVERAGE(W36:Y36),"") -> 1
A37: =IF(OR(H37<>H36,J37<>J36),"SIM","NÃO") -> NÃO | B37: 1000184670 | C37: 01 - CANAL VENDA INTERNA | D37: 1000186197 | E37: 02 - INTERNA - CANAL VERDE | F37: 1000198600 | G37: 03 - NACIONAL | H37: 1000198601 | I37: 04 - NACIONAL | J37: 1000189750 | K37: 06 - INTERNA - BIO MUNDO | L37: SABORES DO CAMPO | M37: =_xlfn.CONCAT(B37,D37,H37,J37,L37,) -> 1000184670100018619710001986011000189750SABORES DO CAMPO | N37: =N23*_xlfn.XLOOKUP($L37,'Balizador da Meta'!$B$4:$B$21,'Balizador da Meta'!$C$4:$C$21) -> 0 | O37: =O23*_xlfn.XLOOKUP($L37,'Balizador da Meta'!$B$4:$B$21,'Balizador da Meta'!$C$4:$C$21) -> 0 | P37: =P23*_xlfn.XLOOKUP($L37,'Balizador da Meta'!$B$4:$B$21,'Balizador da Meta'!$C$4:$C$21) -> 0 | Q37: =Q23*_xlfn.XLOOKUP($L37,'Balizador da Meta'!$B$4:$B$21,'Balizador da Meta'!$C$4:$C$21) -> 0 | R37: =R23*_xlfn.XLOOKUP($L37,'Balizador da Meta'!$B$4:$B$21,'Balizador da Meta'!$C$4:$C$21) -> 0 | S37: =S23*_xlfn.XLOOKUP($L37,'Balizador da Meta'!$B$4:$B$21,'Balizador da Meta'!$C$4:$C$21) -> 0 | T37: =T23*_xlfn.XLOOKUP($L37,'Balizador da Meta'!$B$4:$B$21,'Balizador da Meta'!$C$4:$C$21) -> 0 | U37: =U23*_xlfn.XLOOKUP($L37,'Balizador da Meta'!$B$4:$B$21,'Balizador da Meta'!$C$4:$C$21) -> 0 | ... Y37: =Y23*_xlfn.XLOOKUP($L37,'Balizador da Meta'!$B$4:$B$21,'Balizador da Meta'!$C$4:$C$21) -> 0 | Z37: =SUM(N37:Y37) -> 0 | AB37: =SUMIFS('Historico - FAT'!AK:AK,'Historico - FAT'!$K:$K,Faturamento!$L37,'Historico - FAT'!$I:$I,Faturamento!$J37,'Historico - FAT'!$G:$G,Faturamento!$H37) -> 0 | AC37: =SUMIFS('Historico - FAT'!AL:AL,'Historico - FAT'!$K:$K,Faturamento!$L37,'Historico - FAT'!$I:$I,Faturamento!$J37,'Historico - FAT'!$G:$G,Faturamento!$H37) -> 0 | AD37: =SUMIFS('Historico - FAT'!AM:AM,'Historico - FAT'!$K:$K,Faturamento!$L37,'Historico - FAT'!$I:$I,Faturamento!$J37,'Historico - FAT'!$G:$G,Faturamento!$H37) -> 0 | AE37: =SUMIFS('Historico - FAT'!AN:AN,'Historico - FAT'!$K:$K,Faturamento!$L37,'Historico - FAT'!$I:$I,Faturamento!$J37,'Historico - FAT'!$G:$G,Faturamento!$H37) -> 0 | AG37: =IFERROR((AVERAGE(W37:Y37)-AB37)/AVERAGE(W37:Y37),"") | AH37: =IFERROR((AVERAGE(W37:Y37)-AC37)/AVERAGE(W37:Y37),"") | AI37: =IFERROR((AVERAGE(W37:Y37)-AD37)/AVERAGE(W37:Y37),"")
A38: =IF(OR(H38<>H37,J38<>J37),"SIM","NÃO") -> NÃO | B38: 1000184670 | C38: 01 - CANAL VENDA INTERNA | D38: 1000186197 | E38: 02 - INTERNA - CANAL VERDE | F38: 1000198600 | G38: 03 - NACIONAL | H38: 1000198601 | I38: 04 - NACIONAL | J38: 1000189750 | K38: 06 - INTERNA - BIO MUNDO | L38: SAL | M38: =_xlfn.CONCAT(B38,D38,H38,J38,L38,) -> 1000184670100018619710001986011000189750SAL | N38: =N23*_xlfn.XLOOKUP($L38,'Balizador da Meta'!$B$4:$B$21,'Balizador da Meta'!$C$4:$C$21) -> 120 | O38: =O23*_xlfn.XLOOKUP($L38,'Balizador da Meta'!$B$4:$B$21,'Balizador da Meta'!$C$4:$C$21) -> 120 | P38: =P23*_xlfn.XLOOKUP($L38,'Balizador da Meta'!$B$4:$B$21,'Balizador da Meta'!$C$4:$C$21) -> 150 | Q38: =Q23*_xlfn.XLOOKUP($L38,'Balizador da Meta'!$B$4:$B$21,'Balizador da Meta'!$C$4:$C$21) -> 150 | R38: =R23*_xlfn.XLOOKUP($L38,'Balizador da Meta'!$B$4:$B$21,'Balizador da Meta'!$C$4:$C$21) -> 150 | S38: =S23*_xlfn.XLOOKUP($L38,'Balizador da Meta'!$B$4:$B$21,'Balizador da Meta'!$C$4:$C$21) -> 150 | T38: =T23*_xlfn.XLOOKUP($L38,'Balizador da Meta'!$B$4:$B$21,'Balizador da Meta'!$C$4:$C$21) -> 180 | U38: =U23*_xlfn.XLOOKUP($L38,'Balizador da Meta'!$B$4:$B$21,'Balizador da Meta'!$C$4:$C$21) -> 180 | ... Y38: =Y23*_xlfn.XLOOKUP($L38,'Balizador da Meta'!$B$4:$B$21,'Balizador da Meta'!$C$4:$C$21) -> 210 | Z38: =SUM(N38:Y38) -> 2010 | AB38: =SUMIFS('Historico - FAT'!AK:AK,'Historico - FAT'!$K:$K,Faturamento!$L38,'Historico - FAT'!$I:$I,Faturamento!$J38,'Historico - FAT'!$G:$G,Faturamento!$H38) -> 0 | AC38: =SUMIFS('Historico - FAT'!AL:AL,'Historico - FAT'!$K:$K,Faturamento!$L38,'Historico - FAT'!$I:$I,Faturamento!$J38,'Historico - FAT'!$G:$G,Faturamento!$H38) -> 0 | AD38: =SUMIFS('Historico - FAT'!AM:AM,'Historico - FAT'!$K:$K,Faturamento!$L38,'Historico - FAT'!$I:$I,Faturamento!$J38,'Historico - FAT'!$G:$G,Faturamento!$H38) -> 0 | AE38: =SUMIFS('Historico - FAT'!AN:AN,'Historico - FAT'!$K:$K,Faturamento!$L38,'Historico - FAT'!$I:$I,Faturamento!$J38,'Historico - FAT'!$G:$G,Faturamento!$H38) -> 0 | AG38: =IFERROR((AVERAGE(W38:Y38)-AB38)/AVERAGE(W38:Y38),"") -> 1 | AH38: =IFERROR((AVERAGE(W38:Y38)-AC38)/AVERAGE(W38:Y38),"") -> 1 | AI38: =IFERROR((AVERAGE(W38:Y38)-AD38)/AVERAGE(W38:Y38),"") -> 1
A39: =IF(OR(H39<>H38,J39<>J38),"SIM","NÃO") -> NÃO | B39: 1000184670 | C39: 01 - CANAL VENDA INTERNA | D39: 1000186197 | E39: 02 - INTERNA - CANAL VERDE | F39: 1000198600 | G39: 03 - NACIONAL | H39: 1000198601 | I39: 04 - NACIONAL | J39: 1000189750 | K39: 06 - INTERNA - BIO MUNDO | L39: SOULPRO | M39: =_xlfn.CONCAT(B39,D39,H39,J39,L39,) -> 1000184670100018619710001986011000189750SOULPRO | N39: =N23*_xlfn.XLOOKUP($L39,'Balizador da Meta'!$B$4:$B$21,'Balizador da Meta'!$C$4:$C$21) -> 360 | O39: =O23*_xlfn.XLOOKUP($L39,'Balizador da Meta'!$B$4:$B$21,'Balizador da Meta'!$C$4:$C$21) -> 360 | P39: =P23*_xlfn.XLOOKUP($L39,'Balizador da Meta'!$B$4:$B$21,'Balizador da Meta'!$C$4:$C$21) -> 450 | Q39: =Q23*_xlfn.XLOOKUP($L39,'Balizador da Meta'!$B$4:$B$21,'Balizador da Meta'!$C$4:$C$21) -> 450 | R39: =R23*_xlfn.XLOOKUP($L39,'Balizador da Meta'!$B$4:$B$21,'Balizador da Meta'!$C$4:$C$21) -> 450 | S39: =S23*_xlfn.XLOOKUP($L39,'Balizador da Meta'!$B$4:$B$21,'Balizador da Meta'!$C$4:$C$21) -> 450 | T39: =T23*_xlfn.XLOOKUP($L39,'Balizador da Meta'!$B$4:$B$21,'Balizador da Meta'!$C$4:$C$21) -> 540 | U39: =U23*_xlfn.XLOOKUP($L39,'Balizador da Meta'!$B$4:$B$21,'Balizador da Meta'!$C$4:$C$21) -> 540 | ... Y39: =Y23*_xlfn.XLOOKUP($L39,'Balizador da Meta'!$B$4:$B$21,'Balizador da Meta'!$C$4:$C$21) -> 630 | Z39: =SUM(N39:Y39) -> 6030 | AB39: =SUMIFS('Historico - FAT'!AK:AK,'Historico - FAT'!$K:$K,Faturamento!$L39,'Historico - FAT'!$I:$I,Faturamento!$J39,'Historico - FAT'!$G:$G,Faturamento!$H39) -> 0 | AC39: =SUMIFS('Historico - FAT'!AL:AL,'Historico - FAT'!$K:$K,Faturamento!$L39,'Historico - FAT'!$I:$I,Faturamento!$J39,'Historico - FAT'!$G:$G,Faturamento!$H39) -> 0 | AD39: =SUMIFS('Historico - FAT'!AM:AM,'Historico - FAT'!$K:$K,Faturamento!$L39,'Historico - FAT'!$I:$I,Faturamento!$J39,'Historico - FAT'!$G:$G,Faturamento!$H39) -> 0 | AE39: =SUMIFS('Historico - FAT'!AN:AN,'Historico - FAT'!$K:$K,Faturamento!$L39,'Historico - FAT'!$I:$I,Faturamento!$J39,'Historico - FAT'!$G:$G,Faturamento!$H39) -> 0 | AG39: =IFERROR((AVERAGE(W39:Y39)-AB39)/AVERAGE(W39:Y39),"") -> 1 | AH39: =IFERROR((AVERAGE(W39:Y39)-AC39)/AVERAGE(W39:Y39),"") -> 1 | AI39: =IFERROR((AVERAGE(W39:Y39)-AD39)/AVERAGE(W39:Y39),"") -> 1
